dbc,source,id,message,signal,start,width,little,signed,factor,offset,unit,observed_fields,length_mismatch_fields,init_error_fields,outside_dbc_range_fields,histogram_truncated
vw_meb.dbc,0,0x102,ESC_50,CHECKSUM,0,8,True,False,1.0,0.0,,583113,0,0,0,False
vw_meb.dbc,0,0x102,ESC_50,COUNTER,8,4,True,False,1.0,0.0,,583113,0,0,0,False
vw_meb.dbc,0,0x102,ESC_50,EPB_Status,317,3,True,False,1.0,0.0,,583113,0,0,0,False
vw_meb.dbc,0,0x102,ESC_50,Lateral_Accel,16,8,True,False,0.15,-18.9,Unit_MeterPerSquareSecond,583113,0,0,150881,False
vw_meb.dbc,0,0x102,ESC_50,Longitudinal_Accel,24,10,True,False,0.03125,-16.0,Unit_MeterPerSquareSecond,583113,0,0,344479,False
vw_meb.dbc,0,0x102,ESC_50,Longitudinal_Speed,181,10,True,False,0.25,0.0,Unit_KilometerPerHour,583113,0,0,102,True
vw_meb.dbc,0,0x102,ESC_50,Motion_State,171,2,False,False,1.0,0.0,,583113,0,0,80497,False
vw_meb.dbc,0,0x102,ESC_50,Regen_Braking,123,1,True,False,1.0,0.0,,583113,0,0,0,False
vw_meb.dbc,0,0x102,ESC_50,Yaw_Rate,40,14,True,False,0.01,0.0,Unit_DegreePerSecond,583113,0,0,0,True
vw_meb.dbc,0,0x102,ESC_50,Yaw_Rate_Sign,54,1,False,False,1.0,0.0,,583113,0,0,0,False
vw_meb.dbc,0,0x105,VMM_01,Brake,53,7,True,False,1.0,0.0,,583113,0,0,85364,False
vw_meb.dbc,0,0x105,VMM_01,CNT,8,4,True,False,1.0,0.0,,583113,0,0,0,False
vw_meb.dbc,0,0x105,VMM_01,CRC,0,8,True,False,1.0,0.0,,583113,0,0,0,False
vw_meb.dbc,0,0x105,VMM_01,NEW_SIGNAL_1,40,2,True,False,1.0,0.0,,583113,0,0,0,False
vw_meb.dbc,0,0x105,VMM_01,NEW_SIGNAL_3,32,1,False,False,1.0,0.0,,583113,0,0,0,False
vw_meb.dbc,0,0x105,VMM_01,NEW_SIGNAL_4,20,1,False,False,1.0,0.0,,583113,0,0,0,False
vw_meb.dbc,0,0x105,VMM_01,NEW_SIGNAL_5,13,1,False,False,1.0,0.0,,583113,0,0,0,False
vw_meb.dbc,0,0x10b,Motor_51,Accel_Low_Pressed_Support,21,1,True,False,1.0,0.0,,582958,0,0,0,False
vw_meb.dbc,0,0x10b,Motor_51,Accel_Pedal_Pressure,12,9,True,False,0.4,0.0,,582958,0,0,0,False
vw_meb.dbc,0,0x10b,Motor_51,CHECKSUM,0,8,True,False,1.0,0.0,,582958,0,0,0,False
vw_meb.dbc,0,0x10b,Motor_51,COUNTER,8,4,True,False,1.0,0.0,,582958,0,0,0,False
vw_meb.dbc,0,0x10b,Motor_51,TSK_Limiter_ausgewaehlt,95,1,True,False,1.0,0.0,,582958,0,0,0,False
vw_meb.dbc,0,0x10b,Motor_51,TSK_Status,88,3,True,False,1.0,0.0,,582958,0,36,0,False
vw_meb.dbc,0,0x116,ESP_10,ESP_10_BZ,8,4,True,False,1.0,0.0,,583116,0,0,0,False
vw_meb.dbc,0,0x116,ESP_10,ESP_10_CRC,0,8,True,False,1.0,0.0,,583116,0,0,0,False
vw_meb.dbc,0,0x116,ESP_10,ESP_HL_Fahrtrichtung,60,2,True,False,1.0,0.0,,583116,0,18,0,False
vw_meb.dbc,0,0x116,ESP_10,ESP_HR_Fahrtrichtung,62,2,True,False,1.0,0.0,,583116,0,18,0,False
vw_meb.dbc,0,0x116,ESP_10,ESP_QBit_Wegimpuls_HL,14,1,True,False,1.0,0.0,,583116,0,18,0,False
vw_meb.dbc,0,0x116,ESP_10,ESP_QBit_Wegimpuls_HR,15,1,True,False,1.0,0.0,,583116,0,18,0,False
vw_meb.dbc,0,0x116,ESP_10,ESP_QBit_Wegimpuls_VL,12,1,True,False,1.0,0.0,,583116,0,18,0,False
vw_meb.dbc,0,0x116,ESP_10,ESP_QBit_Wegimpuls_VR,13,1,True,False,1.0,0.0,,583116,0,18,0,False
vw_meb.dbc,0,0x116,ESP_10,ESP_VL_Fahrtrichtung,56,2,True,False,1.0,0.0,,583116,0,18,0,False
vw_meb.dbc,0,0x116,ESP_10,ESP_VR_Fahrtrichtung,58,2,True,False,1.0,0.0,,583116,0,18,0,False
vw_meb.dbc,0,0x116,ESP_10,ESP_Wegimpuls_HL,36,10,True,False,1.0,0.0,,583116,0,18,18,True
vw_meb.dbc,0,0x116,ESP_10,ESP_Wegimpuls_HR,46,10,True,False,1.0,0.0,,583116,0,18,18,True
vw_meb.dbc,0,0x116,ESP_10,ESP_Wegimpuls_VL,16,10,True,False,1.0,0.0,,583116,0,18,18,True
vw_meb.dbc,0,0x116,ESP_10,ESP_Wegimpuls_VR,26,10,True,False,1.0,0.0,,583116,0,18,18,True
vw_meb.dbc,0,0x11d,LH_EPS_02,EPS_02_BZ,8,4,True,False,1.0,0.0,,583145,0,0,0,False
vw_meb.dbc,0,0x11d,LH_EPS_02,EPS_02_CRC,0,8,True,False,1.0,0.0,,583145,0,0,0,False
vw_meb.dbc,0,0x11d,LH_EPS_02,EPS_Drehzahlreserve,32,7,True,False,10.0,0.0,Unit_DegreOfArcPerSecon,583145,0,0,583145,False
vw_meb.dbc,0,0x11d,LH_EPS_02,EPS_Lastinfo,16,8,True,False,1.0,0.0,Unit_Amper,583145,0,0,0,False
vw_meb.dbc,0,0x11d,LH_EPS_02,EPS_Leistungsanforderung,40,1,True,False,1.0,0.0,,583145,0,0,0,False
vw_meb.dbc,0,0x11d,LH_EPS_02,EPS_Notlauf,12,4,True,False,1.0,0.0,,583145,0,0,0,False
vw_meb.dbc,0,0x11d,LH_EPS_02,EPS_Unterstuetzungsleistung,24,8,True,False,0.5,0.0,Unit_PerCent,583145,0,0,0,False
vw_meb.dbc,0,0x11d,LH_EPS_02,EPS_VZ_Drehzahlreserve,39,1,True,False,1.0,0.0,,583145,0,0,0,False
vw_meb.dbc,0,0x126,HCA_01,CHECKSUM,0,8,True,False,1.0,0.0,,419,0,0,0,False
vw_meb.dbc,0,0x126,HCA_01,COUNTER,8,4,True,False,1.0,0.0,,419,0,0,0,False
vw_meb.dbc,0,0x126,HCA_01,EA_ACC_Sollstatus,25,2,True,False,1.0,0.0,,419,0,0,0,False
vw_meb.dbc,0,0x126,HCA_01,EA_ACC_Wunschgeschwindigkeit,41,10,True,False,0.32,0.0,Unit_KiloMeterPerHour,419,0,0,0,False
vw_meb.dbc,0,0x126,HCA_01,EA_Ruckfreigabe,40,1,True,False,1.0,0.0,,419,0,0,0,False
vw_meb.dbc,0,0x126,HCA_01,EA_Ruckprofil,27,3,True,False,1.0,0.0,,419,0,0,0,False
vw_meb.dbc,0,0x126,HCA_01,HCA_01_Available,32,1,True,False,1.0,0.0,,419,0,0,0,False
vw_meb.dbc,0,0x126,HCA_01,HCA_01_Enable,30,1,True,False,1.0,0.0,,419,0,0,0,False
vw_meb.dbc,0,0x126,HCA_01,HCA_01_LM_OffSign,31,1,True,False,1.0,0.0,,419,0,0,0,False
vw_meb.dbc,0,0x126,HCA_01,HCA_01_LM_Offset,16,9,True,False,1.0,0.0,Unit_centiNewtoMeter,419,0,0,0,False
vw_meb.dbc,0,0x126,HCA_01,HCA_01_Request,34,1,True,False,1.0,0.0,,419,0,0,0,False
vw_meb.dbc,0,0x126,HCA_01,HCA_01_Standby,33,1,True,False,1.0,0.0,,419,0,0,0,False
vw_meb.dbc,0,0x126,HCA_01,HCA_01_Vib_Amp,36,4,True,False,0.2,0.0,Unit_NewtoMeter,419,0,0,0,False
vw_meb.dbc,0,0x126,HCA_01,HCA_01_Vib_Freq,12,4,True,False,1.0,15.0,Unit_Hertz,419,0,0,0,False
vw_meb.dbc,0,0x12b,GRA_ACC_01,CHECKSUM,0,8,True,False,1.0,0.0,,387468,0,0,0,False
vw_meb.dbc,0,0x12b,GRA_ACC_01,COUNTER,8,4,True,False,1.0,0.0,,387468,0,0,0,False
vw_meb.dbc,0,0x12b,GRA_ACC_01,GRA_Abbrechen,13,1,True,False,1.0,0.0,,387468,0,0,0,False
vw_meb.dbc,0,0x12b,GRA_ACC_01,GRA_ButtonTypeInfo,27,3,True,False,1.0,0.0,,387468,0,0,0,False
vw_meb.dbc,0,0x12b,GRA_ACC_01,GRA_Codierung,22,2,True,False,1.0,0.0,,387468,0,0,0,False
vw_meb.dbc,0,0x12b,GRA_ACC_01,GRA_Fehler,24,1,True,False,1.0,0.0,,387468,0,387468,0,False
vw_meb.dbc,0,0x12b,GRA_ACC_01,GRA_Hauptschalter,12,1,True,False,1.0,0.0,,387468,0,0,0,False
vw_meb.dbc,0,0x12b,GRA_ACC_01,GRA_LIM_Taste_verfuegbar,25,1,True,False,1.0,0.0,,387468,0,0,0,False
vw_meb.dbc,0,0x12b,GRA_ACC_01,GRA_Limiter,15,1,True,False,1.0,0.0,,387468,0,0,0,False
vw_meb.dbc,0,0x12b,GRA_ACC_01,GRA_Tip_Hoch,17,1,True,False,1.0,0.0,,387468,0,0,0,False
vw_meb.dbc,0,0x12b,GRA_ACC_01,GRA_Tip_Runter,18,1,True,False,1.0,0.0,,387468,0,0,0,False
vw_meb.dbc,0,0x12b,GRA_ACC_01,GRA_Tip_Setzen,16,1,True,False,1.0,0.0,,387468,0,0,0,False
vw_meb.dbc,0,0x12b,GRA_ACC_01,GRA_Tip_Stufe_2,26,1,True,False,1.0,0.0,,387468,0,0,0,False
vw_meb.dbc,0,0x12b,GRA_ACC_01,GRA_Tip_Wiederaufnahme,19,1,True,False,1.0,0.0,,387468,0,0,0,False
vw_meb.dbc,0,0x12b,GRA_ACC_01,GRA_TravelAssist,30,1,True,False,1.0,0.0,,387468,0,0,0,False
vw_meb.dbc,0,0x12b,GRA_ACC_01,GRA_Typ_Hauptschalter,14,1,True,False,1.0,0.0,,387468,0,0,0,False
vw_meb.dbc,0,0x12b,GRA_ACC_01,GRA_Verstellung_Zeitluecke,20,2,True,False,1.0,0.0,,387468,0,0,0,False
vw_meb.dbc,0,0x12b,GRA_ACC_01,GRA_reserveByte4,31,1,True,False,1.0,0.0,,387468,0,0,0,False
vw_meb.dbc,0,0x12b,GRA_ACC_01,GRA_reserveByte5,32,8,True,False,1.0,0.0,,387468,0,0,0,False
vw_meb.dbc,0,0x12b,GRA_ACC_01,GRA_reserveByte6,40,8,True,False,1.0,0.0,,387468,0,0,0,False
vw_meb.dbc,0,0x12b,GRA_ACC_01,GRA_reserveByte7,48,8,True,False,1.0,0.0,,387468,0,0,0,False
vw_meb.dbc,0,0x12b,GRA_ACC_01,GRA_reserveByte8,56,8,True,False,1.0,0.0,,387468,0,0,0,False
vw_meb.dbc,0,0x12dd54c9,SAL_01,Brake_Light_01,20,1,False,False,1.0,0.0,,149940,0,0,0,False
vw_meb.dbc,0,0x12dd54c9,SAL_01,Brake_Light_02,30,1,False,False,1.0,0.0,,149940,0,0,0,False
vw_meb.dbc,0,0x12dd54c9,SAL_01,Brake_Unknown,18,1,False,False,1.0,0.0,,149940,0,0,0,False
vw_meb.dbc,0,0x12dd54c9,SAL_01,CNT,8,4,True,False,1.0,0.0,,149940,0,0,0,False
vw_meb.dbc,0,0x12dd54c9,SAL_01,CRC,0,8,True,False,1.0,0.0,,149940,0,0,0,False
vw_meb.dbc,0,0x12dd54c9,SAL_01,Left_Blinker,26,1,True,False,1.0,0.0,,149940,0,0,0,False
vw_meb.dbc,0,0x12dd54c9,SAL_01,Left_Blinker_02,45,1,False,False,1.0,0.0,,149940,0,0,0,False
vw_meb.dbc,0,0x12dd54c9,SAL_01,NEW_SIGNAL_2,22,1,False,False,1.0,0.0,,149940,0,0,0,False
vw_meb.dbc,0,0x12dd54c9,SAL_01,NEW_SIGNAL_3,52,8,True,False,1.0,0.0,,149940,0,0,144848,False
vw_meb.dbc,0,0x12dd54c9,SAL_01,NEW_SIGNAL_4,63,1,False,False,1.0,0.0,,149940,0,0,0,False
vw_meb.dbc,0,0x12dd54c9,SAL_01,Reverse_Light,27,1,False,False,1.0,0.0,,149940,0,0,0,False
vw_meb.dbc,0,0x12dd54c9,SAL_01,Right_Blinker,25,1,False,False,1.0,0.0,,149940,0,0,0,False
vw_meb.dbc,0,0x12dd54c9,SAL_01,Right_Blinker_02,44,1,True,False,1.0,0.0,,149940,0,0,0,False
vw_meb.dbc,0,0x12dd5502,AAA_01,CHK,8,4,True,False,1.0,0.0,,4289,0,0,0,False
vw_meb.dbc,0,0x12dd5502,AAA_01,CRC,0,8,True,False,1.0,0.0,,4289,0,0,0,False
vw_meb.dbc,0,0x12dd553d,HVL_01,CHK,8,4,True,False,1.0,0.0,,116647,0,0,0,False
vw_meb.dbc,0,0x12dd553d,HVL_01,CRC,0,8,True,False,1.0,0.0,,116647,0,0,0,False
vw_meb.dbc,0,0x139,VMM_02,AEB_Active,31,1,False,False,1.0,0.0,,583116,0,0,0,False
vw_meb.dbc,0,0x139,VMM_02,Brake_Pressed_1,16,1,False,False,1.0,0.0,,583116,0,0,0,False
vw_meb.dbc,0,0x139,VMM_02,Brake_Pressed_2,27,1,False,False,1.0,0.0,,583116,0,0,0,False
vw_meb.dbc,0,0x139,VMM_02,Brake_Pressed_3,48,1,False,False,1.0,0.0,,583116,0,0,0,False
vw_meb.dbc,0,0x139,VMM_02,Brake_Pressure,76,11,True,False,1.0,0.0,,583116,0,0,5746,True
vw_meb.dbc,0,0x139,VMM_02,CHECKSUM,0,8,True,False,1.0,0.0,,583116,0,0,0,False
vw_meb.dbc,0,0x139,VMM_02,COUNTER,8,4,True,False,1.0,0.0,,583116,0,0,0,False
vw_meb.dbc,0,0x139,VMM_02,ESP_Hold,35,1,False,False,1.0,0.0,,583116,0,0,0,False
vw_meb.dbc,0,0x139,VMM_02,FCW_Active,56,1,True,False,1.0,0.0,,583116,0,0,0,False
vw_meb.dbc,0,0x139,VMM_02,Long_Control_Inhibit,52,2,True,False,1.0,0.0,,583116,0,0,0,False
vw_meb.dbc,0,0x13d,QFK_01,CHECKSUM,0,8,True,False,1.0,0.0,,1166288,0,0,0,False
vw_meb.dbc,0,0x13d,QFK_01,COUNTER,8,4,True,False,1.0,0.0,,1166288,0,0,0,False
vw_meb.dbc,0,0x13d,QFK_01,Curvature,40,15,True,False,6.7e-06,0.0,,1166288,0,0,0,True
vw_meb.dbc,0,0x13d,QFK_01,Curvature_VZ,55,1,False,False,1.0,0.0,,1166288,0,0,0,False
vw_meb.dbc,0,0x13d,QFK_01,LatCon_HCA_Accept,17,2,True,False,1.0,0.0,,1166288,0,0,0,False
vw_meb.dbc,0,0x13d,QFK_01,LatCon_HCA_Status,20,3,True,False,1.0,0.0,,1166288,0,108260,0,False
vw_meb.dbc,0,0x13d,QFK_01,NEW_SIGNAL_1,23,1,False,False,1.0,0.0,,1166288,0,0,0,False
vw_meb.dbc,0,0x13d,QFK_01,NEW_SIGNAL_10,24,1,False,False,1.0,0.0,,1166288,0,0,0,False
vw_meb.dbc,0,0x13d,QFK_01,NEW_SIGNAL_2,19,1,False,False,1.0,0.0,,1166288,0,0,0,False
vw_meb.dbc,0,0x13d,QFK_01,NEW_SIGNAL_3,56,7,True,False,1.0,0.0,,1166288,0,0,7,False
vw_meb.dbc,0,0x13d,QFK_01,NEW_SIGNAL_4,63,1,False,False,1.0,0.0,,1166288,0,0,0,False
vw_meb.dbc,0,0x13d,QFK_01,NEW_SIGNAL_5,12,1,False,False,1.0,0.0,,1166288,0,0,0,False
vw_meb.dbc,0,0x13d,QFK_01,NEW_SIGNAL_6,30,3,False,False,1.0,0.0,,1166288,0,0,0,False
vw_meb.dbc,0,0x13d,QFK_01,NEW_SIGNAL_7,34,3,False,False,1.0,0.0,,1166288,0,0,1058028,False
vw_meb.dbc,0,0x13d,QFK_01,NEW_SIGNAL_8,16,1,False,False,1.0,0.0,,1166288,0,0,0,False
vw_meb.dbc,0,0x13d,QFK_01,NEW_SIGNAL_9,14,1,False,False,1.0,0.0,,1166288,0,0,0,False
vw_meb.dbc,0,0x13d,QFK_01,Steering_Angle,76,17,True,False,0.00906,0.0,,1166288,0,0,0,True
vw_meb.dbc,0,0x13d,QFK_01,Steering_Angle_VZ,36,1,False,False,1.0,0.0,,1166288,0,0,0,False
vw_meb.dbc,0,0x14c,Motor_54,Accelerator_Pressure,175,8,False,False,0.391,-14.467,Unit_Percent,116774,0,0,0,False
vw_meb.dbc,0,0x14c,Motor_54,CHECKSUM,0,8,True,False,1.0,0.0,,116774,0,0,0,False
vw_meb.dbc,0,0x14c,Motor_54,COUNTER,8,4,True,False,1.0,0.0,,116774,0,0,0,False
vw_meb.dbc,0,0x14d,ACC_18,ACC_AKTIV_regelt,90,1,False,False,1.0,0.0,,21427,0,0,0,False
vw_meb.dbc,0,0x14d,ACC_18,ACC_Anfahren,56,1,True,False,1.0,0.0,,21427,0,0,0,False
vw_meb.dbc,0,0x14d,ACC_18,ACC_Anforderung_HMS,77,3,True,False,1.0,0.0,,21427,0,0,0,False
vw_meb.dbc,0,0x14d,ACC_18,ACC_Anhalten,57,1,True,False,1.0,0.0,,21427,0,0,0,False
vw_meb.dbc,0,0x14d,ACC_18,ACC_Anhalteweg,64,11,True,False,0.01,0.0,,21427,0,0,0,False
vw_meb.dbc,0,0x14d,ACC_18,ACC_DynErhoehung,14,1,True,False,1.0,0.0,,21427,0,0,0,False
vw_meb.dbc,0,0x14d,ACC_18,ACC_Freilaufstrategie_TSK,15,1,True,False,1.0,0.0,,21427,0,0,0,False
vw_meb.dbc,0,0x14d,ACC_18,ACC_Minimale_Bremsung,63,1,True,False,1.0,0.0,,21427,0,0,0,False
vw_meb.dbc,0,0x14d,ACC_18,ACC_Sollbeschleunigung_02,24,11,True,False,0.005,-7.22,Unit_MeterPerSeconSquar,21427,0,0,21427,False
vw_meb.dbc,0,0x14d,ACC_18,ACC_StartStopp_Info,22,2,True,False,1.0,0.0,,21427,0,0,0,False
vw_meb.dbc,0,0x14d,ACC_18,ACC_Status_ACC,60,3,True,False,1.0,0.0,,21427,0,19286,0,False
vw_meb.dbc,0,0x14d,ACC_18,ACC_Typ,58,2,True,False,1.0,0.0,,21427,0,0,0,False
vw_meb.dbc,0,0x14d,ACC_18,ACC_limitierte_Anfahrdyn,12,1,True,False,1.0,0.0,,21427,0,0,0,False
vw_meb.dbc,0,0x14d,ACC_18,ACC_nachtr_Stopp_Anf,13,1,True,False,1.0,0.0,,21427,0,0,0,False
vw_meb.dbc,0,0x14d,ACC_18,ACC_neg_Sollbeschl_Grad_02,40,8,True,False,0.05,0.0,Unit_MeterPerCubicSecon,21427,0,0,0,False
vw_meb.dbc,0,0x14d,ACC_18,ACC_pos_Sollbeschl_Grad_02,48,8,True,False,0.05,0.0,Unit_MeterPerCubicSecon,21427,0,0,0,False
vw_meb.dbc,0,0x14d,ACC_18,ACC_zul_Regelabw_oben,35,5,True,False,0.0625,0.0,Unit_MeterPerSeconSquar,21427,0,0,0,False
vw_meb.dbc,0,0x14d,ACC_18,ACC_zul_Regelabw_unten,16,6,True,False,0.024,0.0,Unit_MeterPerSeconSquar,21427,0,0,0,False
vw_meb.dbc,0,0x14d,ACC_18,Accel_Boost,248,6,True,False,1.0,0.0,,21427,0,0,1721,False
vw_meb.dbc,0,0x14d,ACC_18,CHECKSUM,0,8,True,False,1.0,0.0,,21427,0,0,0,False
vw_meb.dbc,0,0x14d,ACC_18,COUNTER,8,4,True,False,1.0,0.0,,21427,0,0,0,False
vw_meb.dbc,0,0x14d,ACC_18,Reversing,254,1,False,False,1.0,0.0,,21427,0,0,0,False
vw_meb.dbc,0,0x14d,ACC_18,SET_ME_0X1,92,1,False,False,1.0,0.0,,21427,0,0,0,False
vw_meb.dbc,0,0x14d,ACC_18,SET_ME_0X9,232,4,True,False,1.0,0.0,,21427,0,0,0,False
vw_meb.dbc,0,0x14d,ACC_18,SET_ME_0XFE,80,8,True,False,1.0,0.0,,21427,0,0,0,False
vw_meb.dbc,0,0x14d,ACC_18,Speed,236,12,True,False,0.1,0.0,,21427,0,0,1721,False
vw_meb.dbc,0,0x183,MEB_Camera_01,Lane_Center_Offset,256,12,True,False,0.001,-2.5,Unit_Meter,10660,0,0,5059,False
vw_meb.dbc,0,0x183,MEB_Camera_01,NEW_SIGNAL_1,191,1,False,False,1.0,0.0,,10660,0,0,0,False
vw_meb.dbc,0,0x183,MEB_Camera_01,NEW_SIGNAL_10,224,8,True,False,1.0,0.0,,10660,0,0,5601,False
vw_meb.dbc,0,0x183,MEB_Camera_01,NEW_SIGNAL_11,292,12,True,False,1.0,0.0,,10660,0,0,10660,False
vw_meb.dbc,0,0x183,MEB_Camera_01,NEW_SIGNAL_12,304,8,True,False,1.0,0.0,,10660,0,0,0,False
vw_meb.dbc,0,0x183,MEB_Camera_01,NEW_SIGNAL_13,320,8,True,False,1.0,0.0,,10660,0,0,0,False
vw_meb.dbc,0,0x183,MEB_Camera_01,NEW_SIGNAL_14,332,12,True,False,1.0,0.0,,10660,0,0,10660,False
vw_meb.dbc,0,0x183,MEB_Camera_01,NEW_SIGNAL_15,344,12,True,False,1.0,0.0,,10660,0,0,10660,False
vw_meb.dbc,0,0x183,MEB_Camera_01,NEW_SIGNAL_16,356,12,True,False,1.0,0.0,,10660,0,0,10660,False
vw_meb.dbc,0,0x183,MEB_Camera_01,NEW_SIGNAL_17,368,10,True,False,1.0,0.0,,10660,0,0,5601,False
vw_meb.dbc,0,0x183,MEB_Camera_01,NEW_SIGNAL_18,384,12,True,False,1.0,0.0,,10660,0,0,10660,False
vw_meb.dbc,0,0x183,MEB_Camera_01,NEW_SIGNAL_19,396,12,True,False,1.0,0.0,,10660,0,0,10660,False
vw_meb.dbc,0,0x183,MEB_Camera_01,NEW_SIGNAL_2,200,9,True,False,1.0,0.0,,10660,0,0,5601,False
vw_meb.dbc,0,0x183,MEB_Camera_01,NEW_SIGNAL_20,408,12,True,False,1.0,0.0,,10660,0,0,10660,False
vw_meb.dbc,0,0x183,MEB_Camera_01,NEW_SIGNAL_21,420,12,True,False,1.0,0.0,,10660,0,0,10660,False
vw_meb.dbc,0,0x183,MEB_Camera_01,NEW_SIGNAL_22,432,5,True,False,1.0,0.0,,10660,0,0,0,False
vw_meb.dbc,0,0x183,MEB_Camera_01,NEW_SIGNAL_23,448,12,True,False,1.0,0.0,,10660,0,0,10660,False
vw_meb.dbc,0,0x183,MEB_Camera_01,NEW_SIGNAL_24,460,12,True,False,1.0,0.0,,10660,0,0,10660,False
vw_meb.dbc,0,0x183,MEB_Camera_01,NEW_SIGNAL_25,472,12,True,False,1.0,0.0,,10660,0,0,10660,False
vw_meb.dbc,0,0x183,MEB_Camera_01,NEW_SIGNAL_26,484,12,True,False,1.0,0.0,,10660,0,0,10660,False
vw_meb.dbc,0,0x183,MEB_Camera_01,NEW_SIGNAL_3,209,9,True,False,1.0,0.0,,10660,0,0,5601,False
vw_meb.dbc,0,0x183,MEB_Camera_01,NEW_SIGNAL_4,232,9,True,False,1.0,0.0,,10660,0,0,5601,False
vw_meb.dbc,0,0x183,MEB_Camera_01,NEW_SIGNAL_5,241,9,True,False,1.0,0.0,,10660,0,0,5601,False
vw_meb.dbc,0,0x183,MEB_Camera_01,NEW_SIGNAL_6,268,12,True,False,1.0,0.0,,10660,0,0,10660,False
vw_meb.dbc,0,0x183,MEB_Camera_01,NEW_SIGNAL_7,280,12,True,False,1.0,0.0,,10660,0,0,10660,False
vw_meb.dbc,0,0x183,MEB_Camera_01,NEW_SIGNAL_8,250,6,True,False,1.0,0.0,,10660,0,0,0,False
vw_meb.dbc,0,0x183,MEB_Camera_01,NEW_SIGNAL_9,218,6,True,False,1.0,0.0,,10660,0,0,0,False
vw_meb.dbc,0,0x1a4,EA_01,CHECKSUM,0,8,True,False,1.0,0.0,,844,0,0,0,False
vw_meb.dbc,0,0x1a4,EA_01,COUNTER,8,4,True,False,1.0,0.0,,844,0,0,0,False
vw_meb.dbc,0,0x1a4,EA_01,EA_Anforderung_HMS,48,3,True,False,1.0,0.0,,844,0,0,0,False
vw_meb.dbc,0,0x1a4,EA_01,EA_Funktionsstatus,40,4,True,False,1.0,0.0,,844,0,781,0,False
vw_meb.dbc,0,0x1a4,EA_01,EA_Gurtstraffer_Anf,44,2,True,False,1.0,0.0,,844,0,0,0,False
vw_meb.dbc,0,0x1a4,EA_01,EA_Parken_beibehalten_HMS,12,2,True,False,1.0,0.0,,844,0,781,0,False
vw_meb.dbc,0,0x1a4,EA_01,EA_Sollbeschleunigung,53,11,True,False,0.005,-7.22,Unit_MeterPerSeconSquar,844,0,0,844,False
vw_meb.dbc,0,0x1a4,EA_01,EA_Warnruckprofil,28,3,True,False,1.0,0.0,,844,0,0,0,False
vw_meb.dbc,0,0x1a4,EA_01,EA_eCall_Anf,31,2,True,False,1.0,0.0,,844,0,0,0,False
vw_meb.dbc,0,0x1a555541,EML_02,CHK,8,4,True,False,1.0,0.0,,58316,0,0,0,False
vw_meb.dbc,0,0x1a555541,EML_02,CRC,0,8,True,False,1.0,0.0,,58316,0,0,0,False
vw_meb.dbc,0,0x1f0,EA_02,ACF_Lampe_Hands_Off,16,2,True,False,1.0,0.0,,845,0,0,0,False
vw_meb.dbc,0,0x1f0,EA_02,EA_02_BZ,8,4,True,False,1.0,0.0,,845,0,0,0,False
vw_meb.dbc,0,0x1f0,EA_02,EA_02_CRC,0,8,True,False,1.0,0.0,,845,0,0,0,False
vw_meb.dbc,0,0x1f0,EA_02,EA_Blinken,32,3,True,False,1.0,0.0,,845,0,0,0,False
vw_meb.dbc,0,0x1f0,EA_02,EA_Bremslichtblinken,31,1,True,False,1.0,0.0,,845,0,0,0,False
vw_meb.dbc,0,0x1f0,EA_02,EA_Infotainment_Anf,22,2,True,False,1.0,0.0,,845,0,845,0,False
vw_meb.dbc,0,0x1f0,EA_02,EA_Innenraumlicht_Anf,25,1,True,False,1.0,0.0,,845,0,0,0,False
vw_meb.dbc,0,0x1f0,EA_02,EA_Texte,12,4,True,False,1.0,0.0,,845,0,0,0,False
vw_meb.dbc,0,0x1f0,EA_02,EA_Tueren_Anf,24,1,True,False,1.0,0.0,,845,0,0,0,False
vw_meb.dbc,0,0x1f0,EA_02,EA_Unknown,60,3,False,False,1.0,0.0,,845,0,0,0,False
vw_meb.dbc,0,0x1f0,EA_02,STP_Primaeranz,28,3,True,False,1.0,0.0,,845,0,0,0,False
vw_meb.dbc,0,0x1f0,EA_02,zFAS_Warnblinken,26,2,True,False,1.0,0.0,,845,0,0,0,False
vw_meb.dbc,0,0x205,SAM_01,Brake_Light,36,1,False,False,1.0,0.0,,59096,0,0,0,False
vw_meb.dbc,0,0x205,SAM_01,Left_Blinker,37,1,False,False,1.0,0.0,,59096,0,0,0,False
vw_meb.dbc,0,0x205,SAM_01,Right_Blinker,38,1,False,False,1.0,0.0,,59096,0,0,0,False
vw_meb.dbc,0,0x206,Parken_01,AEB_Active,16,1,False,False,1.0,0.0,,21487,0,0,0,False
vw_meb.dbc,0,0x206,Parken_01,CHK,0,8,True,False,1.0,0.0,,21487,0,0,0,False
vw_meb.dbc,0,0x206,Parken_01,CNT,8,4,True,False,1.0,0.0,,21487,0,0,0,False
vw_meb.dbc,0,0x20a,EML_06,CHECKSUM,0,8,True,False,1.0,0.0,,583219,0,0,0,False
vw_meb.dbc,0,0x20a,EML_06,COUNTER,8,4,True,False,1.0,0.0,,583219,0,0,0,False
vw_meb.dbc,0,0x20a,EML_06,Yaw_Rate,200,16,True,False,0.007,-229.34,,583219,0,0,260850,True
vw_meb.dbc,0,0x20a,EML_06,Yaw_Rate_VZ,33,1,True,False,1.0,0.0,,583219,0,0,0,False
vw_meb.dbc,0,0x234,MEB_Camera_02,NEW_SIGNAL_1,12,6,True,False,1.0,0.0,,10660,0,0,5601,False
vw_meb.dbc,0,0x234,MEB_Camera_02,NEW_SIGNAL_2,18,6,True,False,1.0,0.0,,10660,0,0,0,False
vw_meb.dbc,0,0x234,MEB_Camera_02,NEW_SIGNAL_3,24,6,True,False,1.0,0.0,,10660,0,0,0,False
vw_meb.dbc,0,0x234,MEB_Camera_02,NEW_SIGNAL_4,30,6,True,False,1.0,0.0,,10660,0,0,6137,False
vw_meb.dbc,0,0x234,MEB_Camera_02,NEW_SIGNAL_5,295,9,True,False,1.0,0.0,,10660,0,0,5601,False
vw_meb.dbc,0,0x234,MEB_Camera_02,NEW_SIGNAL_6,192,12,True,False,1.0,0.0,,10660,0,0,10631,False
vw_meb.dbc,0,0x234,MEB_Camera_02,NEW_SIGNAL_7,178,13,True,False,1.0,0.0,,10660,0,0,10631,False
vw_meb.dbc,0,0x234,MEB_Camera_02,NEW_SIGNAL_8,286,9,True,False,1.0,0.0,,10660,0,0,6334,False
vw_meb.dbc,0,0x24c,MEB_Side_Assist_01,Blind_Spot_Info_Left,29,1,False,False,1.0,0.0,,8607,0,0,0,False
vw_meb.dbc,0,0x24c,MEB_Side_Assist_01,Blind_Spot_Info_Right,26,1,False,False,1.0,0.0,,8607,0,0,0,False
vw_meb.dbc,0,0x24c,MEB_Side_Assist_01,Blind_Spot_Left,19,7,True,False,1.0,0.0,,8607,0,0,5581,False
vw_meb.dbc,0,0x24c,MEB_Side_Assist_01,Blind_Spot_Right,12,7,True,False,1.0,0.0,,8607,0,0,5581,False
vw_meb.dbc,0,0x24c,MEB_Side_Assist_01,Blind_Spot_Warn_Left,30,1,False,False,1.0,0.0,,8607,0,0,0,False
vw_meb.dbc,0,0x24c,MEB_Side_Assist_01,Blind_Spot_Warn_Right,27,1,False,False,1.0,0.0,,8607,0,0,0,False
vw_meb.dbc,0,0x24c,MEB_Side_Assist_01,Higher_Speed_01,33,1,False,False,1.0,0.0,,8607,0,0,0,False
vw_meb.dbc,0,0x24c,MEB_Side_Assist_01,Higher_Speed_02,83,1,False,False,1.0,0.0,,8607,0,0,0,False
vw_meb.dbc,0,0x24c,MEB_Side_Assist_01,Lower_Speed_01,32,1,False,False,1.0,0.0,,8607,0,0,0,False
vw_meb.dbc,0,0x24c,MEB_Side_Assist_01,Lower_Speed_02,84,1,False,False,1.0,0.0,,8607,0,0,0,False
vw_meb.dbc,0,0x24c,MEB_Side_Assist_01,NEW_SIGNAL_1,98,1,False,False,1.0,0.0,,8607,0,0,0,False
vw_meb.dbc,0,0x24c,MEB_Side_Assist_01,NEW_SIGNAL_6,119,1,False,False,1.0,0.0,,8607,0,0,0,False
vw_meb.dbc,0,0x24c,MEB_Side_Assist_01,Standstill,86,1,False,False,1.0,0.0,,8607,0,0,0,False
vw_meb.dbc,0,0x24d,MEB_Side_Assist_02,Unknown_01,100,3,False,False,1.0,0.0,,8607,0,0,0,False
vw_meb.dbc,0,0x24d,MEB_Side_Assist_02,Unknown_02,108,3,False,False,1.0,0.0,,8607,0,0,0,False
vw_meb.dbc,0,0x24f,Strukturen_01,Distance_Status,13,2,True,False,1.0,0.0,,10725,0,0,0,False
vw_meb.dbc,0,0x24f,Strukturen_01,Left_Lane_01_Lat_Distance,108,10,True,False,0.065,-33.28,Unit_Meter,10725,0,0,0,False
vw_meb.dbc,0,0x24f,Strukturen_01,Left_Lane_01_Long_Distance,96,12,True,False,0.0625,-3.75,Unit_Meter,10725,0,0,10552,False
vw_meb.dbc,0,0x24f,Strukturen_01,Left_Lane_01_ObjectID,22,6,True,False,1.0,0.0,Unit_ObjectID,10725,0,0,0,False
vw_meb.dbc,0,0x24f,Strukturen_01,Left_Lane_01_Rel_Velo,118,10,True,False,0.25,-128.0,Unit_MeterPerSecond,10725,0,0,0,False
vw_meb.dbc,0,0x24f,Strukturen_01,Left_Lane_02_Lat_Distance,204,10,True,False,0.065,-33.28,Unit_Meter,10725,0,0,0,False
vw_meb.dbc,0,0x24f,Strukturen_01,Left_Lane_02_Long_Distance,192,12,True,False,0.0625,-3.75,Unit_Meter,10725,0,0,10722,False
vw_meb.dbc,0,0x24f,Strukturen_01,Left_Lane_02_ObjectID,40,6,True,False,1.0,0.0,Unit_ObjectID,10725,0,0,0,False
vw_meb.dbc,0,0x24f,Strukturen_01,Left_Lane_02_Rel_Velo,214,10,True,False,0.25,-128.0,Unit_MeterPerSecond,10725,0,0,0,False
vw_meb.dbc,0,0x24f,Strukturen_01,Right_Lane_01_Lat_Distance,140,10,True,False,0.065,-33.28,Unit_Meter,10725,0,0,0,False
vw_meb.dbc,0,0x24f,Strukturen_01,Right_Lane_01_Long_Distance,128,12,True,False,0.0625,-3.75,Unit_Meter,10725,0,0,10653,False
vw_meb.dbc,0,0x24f,Strukturen_01,Right_Lane_01_ObjectID,28,6,True,False,1.0,0.0,Unit_ObjectID,10725,0,0,0,False
vw_meb.dbc,0,0x24f,Strukturen_01,Right_Lane_01_Rel_Velo,150,10,True,False,0.25,-128.0,Unit_MeterPerSecond,10725,0,0,0,False
vw_meb.dbc,0,0x24f,Strukturen_01,Right_Lane_02_Lat_Distance,236,10,True,False,0.065,-33.28,Unit_Meter,10725,0,0,0,False
vw_meb.dbc,0,0x24f,Strukturen_01,Right_Lane_02_Long_Distance,224,12,True,False,0.0625,-3.75,Unit_Meter,10725,0,0,10725,False
vw_meb.dbc,0,0x24f,Strukturen_01,Right_Lane_02_ObjectID,46,6,True,False,1.0,0.0,Unit_ObjectID,10725,0,0,0,False
vw_meb.dbc,0,0x24f,Strukturen_01,Right_Lane_02_Rel_Velo,246,10,True,False,0.25,-128.0,Unit_MeterPerSecond,10725,0,0,0,False
vw_meb.dbc,0,0x24f,Strukturen_01,Same_Lane_01_Lat_Distance,76,10,True,False,0.065,-33.28,Unit_Meter,10725,0,0,0,False
vw_meb.dbc,0,0x24f,Strukturen_01,Same_Lane_01_Long_Distance,64,12,True,False,0.0625,-3.75,Unit_Meter,10725,0,0,9819,False
vw_meb.dbc,0,0x24f,Strukturen_01,Same_Lane_01_ObjectID,16,6,True,False,1.0,0.0,Unit_ObjectID,10725,0,0,0,False
vw_meb.dbc,0,0x24f,Strukturen_01,Same_Lane_01_Rel_Velo,86,10,True,False,0.25,-128.0,Unit_MeterPerSecond,10725,0,0,0,False
vw_meb.dbc,0,0x24f,Strukturen_01,Same_Lane_02_Lat_Distance,172,10,True,False,0.065,-33.28,Unit_Meter,10725,0,0,0,False
vw_meb.dbc,0,0x24f,Strukturen_01,Same_Lane_02_Long_Distance,160,12,True,False,0.0625,-3.75,Unit_Meter,10725,0,0,10725,False
vw_meb.dbc,0,0x24f,Strukturen_01,Same_Lane_02_ObjectID,34,6,True,False,1.0,0.0,Unit_ObjectID,10725,0,0,0,False
vw_meb.dbc,0,0x24f,Strukturen_01,Same_Lane_02_Rel_Velo,182,10,True,False,0.25,-128.0,Unit_MeterPerSecond,10725,0,0,0,False
vw_meb.dbc,0,0x25d,KLR_01,CHECKSUM,0,8,True,False,1.0,0.0,,194244,0,0,0,False
vw_meb.dbc,0,0x25d,KLR_01,COUNTER,8,4,True,False,1.0,0.0,,194244,0,0,0,False
vw_meb.dbc,0,0x25d,KLR_01,KLR_Fehler,12,1,True,False,1.0,0.0,,194244,0,0,0,False
vw_meb.dbc,0,0x25d,KLR_01,KLR_Fehler_Codierung,15,1,True,False,1.0,0.0,,194244,0,0,0,False
vw_meb.dbc,0,0x25d,KLR_01,KLR_Lokalaktiv,14,1,True,False,1.0,0.0,,194244,0,0,0,False
vw_meb.dbc,0,0x25d,KLR_01,KLR_ResponseError,13,1,True,False,1.0,0.0,,194244,0,0,0,False
vw_meb.dbc,0,0x25d,KLR_01,KLR_Touchauswertung,40,4,True,False,1.0,0.0,,194244,0,0,0,False
vw_meb.dbc,0,0x25d,KLR_01,KLR_Touchintensitaet_1,16,8,True,False,1.0,0.0,Unit_None,194244,0,0,6571,False
vw_meb.dbc,0,0x25d,KLR_01,KLR_Touchintensitaet_2,24,8,True,False,1.0,0.0,Unit_None,194244,0,0,6571,False
vw_meb.dbc,0,0x25d,KLR_01,KLR_Touchintensitaet_3,32,8,True,False,1.0,0.0,Unit_None,194244,0,0,6571,False
vw_meb.dbc,0,0x26b,TA_01,CHECKSUM,0,8,True,False,1.0,0.0,,4275,0,0,0,False
vw_meb.dbc,0,0x26b,TA_01,COUNTER,8,4,True,False,1.0,0.0,,4275,0,0,0,False
vw_meb.dbc,0,0x26b,TA_01,Travel_Assist_Available,23,1,True,False,1.0,0.0,,4275,0,0,0,False
vw_meb.dbc,0,0x26b,TA_01,Travel_Assist_Request,19,3,True,False,1.0,0.0,,4275,0,0,0,False
vw_meb.dbc,0,0x26b,TA_01,Travel_Assist_Status,13,3,True,False,1.0,0.0,,4275,0,0,0,False
vw_meb.dbc,0,0x2b7,RCTA_01,RCTA_01_BZ,8,4,True,False,1.0,0.0,,8607,0,0,0,False
vw_meb.dbc,0,0x2b7,RCTA_01,RCTA_01_CRC,0,8,True,False,1.0,0.0,,8607,0,0,0,False
vw_meb.dbc,0,0x300,MEB_ACC_01,ACA_Querfuehrung,71,2,True,False,1.0,0.0,,7149,0,7149,0,False
vw_meb.dbc,0,0x300,MEB_ACC_01,ACC_Abstandsindex_02,86,10,True,False,1.0,0.0,,7149,0,6659,6659,False
vw_meb.dbc,0,0x300,MEB_ACC_01,ACC_Akustischer_Fahrerhinweis,211,2,True,False,1.0,0.0,,7149,0,0,0,False
vw_meb.dbc,0,0x300,MEB_ACC_01,ACC_Anzeige_Zeitluecke,113,1,True,False,1.0,0.0,,7149,0,0,0,False
vw_meb.dbc,0,0x300,MEB_ACC_01,ACC_Display_Prio,96,2,True,False,1.0,0.0,,7149,0,0,0,False
vw_meb.dbc,0,0x300,MEB_ACC_01,ACC_EGO_Fahrzeug,106,3,True,False,1.0,0.0,,7149,0,0,0,False
vw_meb.dbc,0,0x300,MEB_ACC_01,ACC_Enabled,186,1,False,False,1.0,0.0,,7149,0,0,0,False
vw_meb.dbc,0,0x300,MEB_ACC_01,ACC_Event_Wunschgeschw,140,10,True,False,0.32,0.0,,7149,0,0,7149,False
vw_meb.dbc,0,0x300,MEB_ACC_01,ACC_Events,332,4,False,False,1.0,0.0,Unit_Meter,7149,0,0,0,False
vw_meb.dbc,0,0x300,MEB_ACC_01,ACC_Gesetzte_Zeitluecke,101,3,True,False,1.0,0.0,,7149,0,0,0,False
vw_meb.dbc,0,0x300,MEB_ACC_01,ACC_Limiter_Mode,268,1,False,False,1.0,0.0,,7149,0,0,0,False
vw_meb.dbc,0,0x300,MEB_ACC_01,ACC_Optischer_Fahrerhinweis,104,1,True,False,1.0,0.0,,7149,0,0,0,False
vw_meb.dbc,0,0x300,MEB_ACC_01,ACC_Regelung_AIO,75,1,True,False,1.0,0.0,,7149,0,0,0,False
vw_meb.dbc,0,0x300,MEB_ACC_01,ACC_Relevantes_Objekt_02,109,2,True,False,1.0,0.0,,7149,0,0,0,False
vw_meb.dbc,0,0x300,MEB_ACC_01,ACC_Standby_Override,266,1,False,False,1.0,0.0,,7149,0,0,0,False
vw_meb.dbc,0,0x300,MEB_ACC_01,ACC_Status_ACC,208,3,True,False,1.0,0.0,,7149,0,169,0,False
vw_meb.dbc,0,0x300,MEB_ACC_01,ACC_Tempolimit,64,5,True,False,1.0,0.0,,7149,0,0,0,False
vw_meb.dbc,0,0x300,MEB_ACC_01,ACC_Texte_Primaeranz_02,114,6,True,False,1.0,0.0,,7149,0,0,0,False
vw_meb.dbc,0,0x300,MEB_ACC_01,ACC_Texte_Zusatzanz_02,120,6,True,False,1.0,0.0,,7149,0,0,0,False
vw_meb.dbc,0,0x300,MEB_ACC_01,ACC_Warnhinweis,105,1,True,False,1.0,0.0,,7149,0,0,0,False
vw_meb.dbc,0,0x300,MEB_ACC_01,ACC_Warnung_Verkehrszeichen_1,70,1,True,False,1.0,0.0,,7149,0,7149,0,False
vw_meb.dbc,0,0x300,MEB_ACC_01,ACC_Wunschgeschw_02,76,10,True,False,0.32,0.0,Unit_KiloMeterPerHour,7149,0,0,7149,False
vw_meb.dbc,0,0x300,MEB_ACC_01,ACC_Wunschgeschw_Farbe,69,1,True,False,1.0,0.0,,7149,0,0,0,False
vw_meb.dbc,0,0x300,MEB_ACC_01,ACC_Wunschgeschw_erreicht,112,1,True,False,1.0,0.0,,7149,0,0,0,False
vw_meb.dbc,0,0x300,MEB_ACC_01,ACC_rel_Objekt_Zusatzanz,98,2,True,False,1.0,0.0,,7149,0,0,0,False
vw_meb.dbc,0,0x300,MEB_ACC_01,Heartbeat,150,9,True,False,1.0,0.0,,7149,0,5430,4941,False
vw_meb.dbc,0,0x300,MEB_ACC_01,Lead_Brightness,269,4,True,False,1.0,0.0,,7149,0,0,0,False
vw_meb.dbc,0,0x300,MEB_ACC_01,Lead_Distance,290,10,True,False,0.2,0.0,Unit_Meter,7149,0,0,0,False
vw_meb.dbc,0,0x300,MEB_ACC_01,Lead_Type,287,3,True,False,1.0,0.0,,7149,0,0,0,False
vw_meb.dbc,0,0x300,MEB_ACC_01,Lead_Type_Detected,265,1,False,False,1.0,0.0,,7149,0,0,0,False
vw_meb.dbc,0,0x300,MEB_ACC_01,SET_ME_0X1,199,1,False,False,1.0,0.0,,7149,0,0,0,False
vw_meb.dbc,0,0x300,MEB_ACC_01,SET_ME_0X6A,273,8,True,False,1.0,0.0,,7149,0,0,332,False
vw_meb.dbc,0,0x300,MEB_ACC_01,SET_ME_0X7FFF,240,16,True,False,1.0,0.0,,7149,0,0,0,False
vw_meb.dbc,0,0x300,MEB_ACC_01,SET_ME_0XFFFF,160,16,True,False,1.0,0.0,,7149,0,0,0,False
vw_meb.dbc,0,0x300,MEB_ACC_01,STA_Primaeranz,126,2,True,False,1.0,0.0,,7149,0,0,0,False
vw_meb.dbc,0,0x300,MEB_ACC_01,Street_Color,267,1,False,False,1.0,0.0,,7149,0,0,0,False
vw_meb.dbc,0,0x300,MEB_ACC_01,Unknown_01,225,1,False,False,1.0,0.0,,7149,0,0,0,False
vw_meb.dbc,0,0x300,MEB_ACC_01,Unknown_02,73,1,False,False,1.0,0.0,,7149,0,0,0,False
vw_meb.dbc,0,0x300,MEB_ACC_01,Unknown_06,226,1,False,False,1.0,0.0,,7149,0,0,0,False
vw_meb.dbc,0,0x300,MEB_ACC_01,Unknown_07,228,1,False,False,1.0,0.0,,7149,0,0,0,False
vw_meb.dbc,0,0x300,MEB_ACC_01,Unknown_08,224,1,False,False,1.0,0.0,,7149,0,0,0,False
vw_meb.dbc,0,0x300,MEB_ACC_01,Unknown_09,262,1,False,False,1.0,0.0,,7149,0,0,0,False
vw_meb.dbc,0,0x300,MEB_ACC_01,Zeitluecke_1,334,9,True,False,0.171,0.0,Unit_Meter,7149,0,0,0,False
vw_meb.dbc,0,0x300,MEB_ACC_01,Zeitluecke_2,344,9,True,False,0.171,0.0,Unit_Meter,7149,0,0,0,False
vw_meb.dbc,0,0x300,MEB_ACC_01,Zeitluecke_3,354,9,True,False,0.171,0.0,Unit_Meter,7149,0,0,0,False
vw_meb.dbc,0,0x300,MEB_ACC_01,Zeitluecke_4,364,9,True,False,0.171,0.0,Unit_Meter,7149,0,0,0,False
vw_meb.dbc,0,0x300,MEB_ACC_01,Zeitluecke_5,374,9,True,False,0.171,0.0,Unit_Meter,7149,0,0,0,False
vw_meb.dbc,0,0x300,MEB_ACC_01,Zeitluecke_Farbe,189,1,False,False,1.0,0.0,,7149,0,0,0,False
vw_meb.dbc,0,0x303,HCA_03,Curvature,24,15,True,False,6.7e-06,0.0,Unit_rad/m,443,0,0,0,False
vw_meb.dbc,0,0x303,HCA_03,Curvature_VZ,39,1,True,False,1.0,0.0,,443,0,0,0,False
vw_meb.dbc,0,0x303,HCA_03,HighSendRate,66,1,True,False,1.0,0.0,,443,0,0,0,False
vw_meb.dbc,0,0x303,HCA_03,Power,16,8,True,False,0.4,0.0,percent,443,0,0,0,False
vw_meb.dbc,0,0x303,HCA_03,RequestStatus,12,4,True,False,1.0,0.0,,443,0,0,0,False
vw_meb.dbc,0,0x303,HCA_03,Unknown_01,53,1,False,False,1.0,0.0,,443,0,0,0,False
vw_meb.dbc,0,0x303,HCA_03,Vibration,56,1,False,False,1.0,0.0,,443,0,0,0,False
vw_meb.dbc,0,0x31b,ESP_24,ABS_Lampe,13,1,True,False,1.0,0.0,,233243,0,0,0,False
vw_meb.dbc,0,0x31b,ESP_24,BK_Lampe_02,14,2,True,False,1.0,0.0,,233243,0,0,0,False
vw_meb.dbc,0,0x31b,ESP_24,ESP_BKV_Warnung,63,1,True,False,1.0,0.0,,233243,0,0,0,False
vw_meb.dbc,0,0x31b,ESP_24,ESP_Fehlerstatus_Wegimp,51,1,True,False,1.0,0.0,,233243,0,0,0,False
vw_meb.dbc,0,0x31b,ESP_24,ESP_HDC_Geschw_Farbe,54,1,True,False,1.0,0.0,,233243,0,0,0,False
vw_meb.dbc,0,0x31b,ESP_24,ESP_HDC_Regelgeschw,56,7,True,False,0.32,0.0,Unit_KiloMeterPerHour,233243,0,233243,233243,False
vw_meb.dbc,0,0x31b,ESP_24,ESP_Lampe,12,1,True,False,1.0,0.0,,233243,0,0,0,False
vw_meb.dbc,0,0x31b,ESP_24,ESP_Meldungen,37,3,True,False,1.0,0.0,,233243,0,0,0,False
vw_meb.dbc,0,0x31b,ESP_24,ESP_Off_Lampe,55,1,True,False,1.0,0.0,,233243,0,0,0,False
vw_meb.dbc,0,0x31b,ESP_24,ESP_QBit_Wegimp_VA,53,1,True,False,1.0,0.0,,233243,0,6,0,False
vw_meb.dbc,0,0x31b,ESP_24,ESP_Textanzeigen_03,32,5,True,False,1.0,0.0,,233243,0,0,0,False
vw_meb.dbc,0,0x31b,ESP_24,ESP_Wegimp_Ueberlauf,52,1,True,False,1.0,0.0,,233243,0,0,0,False
vw_meb.dbc,0,0x31b,ESP_24,ESP_Wegimp_VA,40,11,True,False,1.0,0.0,,233243,0,0,0,True
vw_meb.dbc,0,0x31b,ESP_24,ESP_m_Raddrehz,17,15,True,False,0.002,0.0,Unit_Hertz,233243,0,6,6,True
vw_meb.dbc,0,0x31b,ESP_24,TC_Lampe,16,1,True,False,1.0,0.0,,233243,0,0,0,False
vw_meb.dbc,0,0x352,Parken_SM_03,Parken_SM_03_MUX,0,3,True,False,1.0,0.0,,4289,0,0,0,False
vw_meb.dbc,0,0x352,Parken_SM_03,Parken_SM_03_Traj_Trans_ID_00,3,4,True,False,1.0,0.0,,626,0,0,0,False
vw_meb.dbc,0,0x352,Parken_SM_03,Parken_SM_03_Traj_Trans_ID_01,3,4,True,False,1.0,0.0,,619,0,0,0,False
vw_meb.dbc,0,0x352,Parken_SM_03,Parken_SM_03_Traj_Trans_ID_02,3,4,True,False,1.0,0.0,,618,0,0,0,False
vw_meb.dbc,0,0x352,Parken_SM_03,Parken_SM_03_Traj_Trans_ID_03,3,4,True,False,1.0,0.0,,613,0,0,0,False
vw_meb.dbc,0,0x352,Parken_SM_03,Parken_SM_03_Traj_Trans_ID_04,3,4,True,False,1.0,0.0,,608,0,0,0,False
vw_meb.dbc,0,0x352,Parken_SM_03,Parken_SM_03_Traj_Trans_ID_05,3,4,True,False,1.0,0.0,,604,0,0,0,False
vw_meb.dbc,0,0x352,Parken_SM_03,Parken_SM_03_Traj_Trans_ID_06,3,4,True,False,1.0,0.0,,601,0,0,0,False
vw_meb.dbc,0,0x352,Parken_SM_03,Parken_Traj_P1_Pos_X,7,13,True,False,0.5,-2047.5,Unit_Centimeter,626,0,0,0,False
vw_meb.dbc,0,0x352,Parken_SM_03,Parken_Traj_P1_Pos_Y,20,13,True,False,0.5,-2047.5,Unit_Centimeter,626,0,0,0,False
vw_meb.dbc,0,0x352,Parken_SM_03,Parken_Traj_P1_Tangent,33,10,True,False,0.3515625,0.0,Unit_DegreOfArc,626,0,0,0,False
vw_meb.dbc,0,0x352,Parken_SM_03,Parken_Traj_P2_Pos_X,43,13,True,False,0.5,-2047.5,Unit_Centimeter,626,0,0,0,False
vw_meb.dbc,0,0x352,Parken_SM_03,Parken_Traj_P2_Pos_Y,7,13,True,False,0.5,-2047.5,Unit_Centimeter,619,0,0,0,False
vw_meb.dbc,0,0x352,Parken_SM_03,Parken_Traj_P2_Tangent,20,10,True,False,0.3515625,0.0,Unit_DegreOfArc,619,0,0,0,False
vw_meb.dbc,0,0x352,Parken_SM_03,Parken_Traj_P3_Pos_X,30,13,True,False,0.5,-2047.5,Unit_Centimeter,619,0,0,0,False
vw_meb.dbc,0,0x352,Parken_SM_03,Parken_Traj_P3_Pos_Y,43,13,True,False,0.5,-2047.5,Unit_Centimeter,619,0,0,0,False
vw_meb.dbc,0,0x352,Parken_SM_03,Parken_Traj_P3_Tangent,7,10,True,False,0.3515625,0.0,Unit_DegreOfArc,618,0,0,0,False
vw_meb.dbc,0,0x352,Parken_SM_03,Parken_Traj_P4_Pos_X,17,13,True,False,0.5,-2047.5,Unit_Centimeter,618,0,0,0,False
vw_meb.dbc,0,0x352,Parken_SM_03,Parken_Traj_P4_Pos_Y,30,13,True,False,0.5,-2047.5,Unit_Centimeter,618,0,0,0,False
vw_meb.dbc,0,0x352,Parken_SM_03,Parken_Traj_P4_Tangent,43,10,True,False,0.3515625,0.0,Unit_DegreOfArc,618,0,0,0,False
vw_meb.dbc,0,0x352,Parken_SM_03,Parken_Traj_P5_Pos_X,7,13,True,False,0.5,-2047.5,Unit_Centimeter,613,0,0,0,False
vw_meb.dbc,0,0x352,Parken_SM_03,Parken_Traj_P5_Pos_Y,20,13,True,False,0.5,-2047.5,Unit_Centimeter,613,0,0,0,False
vw_meb.dbc,0,0x352,Parken_SM_03,Parken_Traj_P5_Tangent,33,10,True,False,0.3515625,0.0,Unit_DegreOfArc,613,0,0,0,False
vw_meb.dbc,0,0x352,Parken_SM_03,Parken_Traj_P6_Pos_X,43,13,True,False,0.5,-2047.5,Unit_Centimeter,613,0,0,0,False
vw_meb.dbc,0,0x352,Parken_SM_03,Parken_Traj_P6_Pos_Y,7,13,True,False,0.5,-2047.5,Unit_Centimeter,608,0,0,0,False
vw_meb.dbc,0,0x352,Parken_SM_03,Parken_Traj_P6_Tangent,20,10,True,False,0.3515625,0.0,Unit_DegreOfArc,608,0,0,0,False
vw_meb.dbc,0,0x352,Parken_SM_03,Parken_Traj_P7_Pos_X,30,13,True,False,0.5,-2047.5,Unit_Centimeter,608,0,0,0,False
vw_meb.dbc,0,0x352,Parken_SM_03,Parken_Traj_P7_Pos_Y,43,13,True,False,0.5,-2047.5,Unit_Centimeter,608,0,0,0,False
vw_meb.dbc,0,0x352,Parken_SM_03,Parken_Traj_P7_Tangent,7,10,True,False,0.3515625,0.0,Unit_DegreOfArc,604,0,0,0,False
vw_meb.dbc,0,0x352,Parken_SM_03,Parken_Traj_P8_Pos_X,17,13,True,False,0.5,-2047.5,Unit_Centimeter,604,0,0,0,False
vw_meb.dbc,0,0x352,Parken_SM_03,Parken_Traj_P8_Pos_Y,30,13,True,False,0.5,-2047.5,Unit_Centimeter,604,0,0,0,False
vw_meb.dbc,0,0x352,Parken_SM_03,Parken_Traj_P8_Tangent,43,10,True,False,0.3515625,0.0,Unit_DegreOfArc,604,0,0,0,False
vw_meb.dbc,0,0x352,Parken_SM_03,Parken_Traj_P9_Pos_X,7,13,True,False,0.5,-2047.5,Unit_Centimeter,601,0,0,0,False
vw_meb.dbc,0,0x352,Parken_SM_03,Parken_Traj_P9_Pos_Y,20,13,True,False,0.5,-2047.5,Unit_Centimeter,601,0,0,0,False
vw_meb.dbc,0,0x352,Parken_SM_03,Parken_Traj_P9_Tangent,33,10,True,False,0.3515625,0.0,Unit_DegreOfArc,601,0,0,0,False
vw_meb.dbc,0,0x366,Blinkmodi_02,BM_Autobahn,34,1,True,False,1.0,0.0,,19316,0,0,0,False
vw_meb.dbc,0,0x366,Blinkmodi_02,BM_Crash,16,1,True,False,1.0,0.0,,19316,0,0,0,False
vw_meb.dbc,0,0x366,Blinkmodi_02,BM_DWA_Alarm,15,1,True,False,1.0,0.0,,19316,0,0,0,False
vw_meb.dbc,0,0x366,Blinkmodi_02,BM_DWA_ein,14,1,True,False,1.0,0.0,,19316,0,0,0,False
vw_meb.dbc,0,0x366,Blinkmodi_02,BM_GDO,19,1,True,False,1.0,0.0,,19316,0,0,0,False
vw_meb.dbc,0,0x366,Blinkmodi_02,BM_HD_Oeffnung_angelernt,33,1,True,False,1.0,0.0,,19316,0,0,0,False
vw_meb.dbc,0,0x366,Blinkmodi_02,BM_NBA_Status,30,2,True,False,1.0,0.0,,19316,0,0,0,False
vw_meb.dbc,0,0x366,Blinkmodi_02,BM_NBA_n_codiert_n_aktiv,29,1,True,False,1.0,0.0,,19316,0,19316,0,False
vw_meb.dbc,0,0x366,Blinkmodi_02,BM_Not_Bremsung,18,1,True,False,1.0,0.0,,19316,0,0,0,False
vw_meb.dbc,0,0x366,Blinkmodi_02,BM_Panik,17,1,True,False,1.0,0.0,,19316,0,0,0,False
vw_meb.dbc,0,0x366,Blinkmodi_02,BM_PiloPa,44,1,True,False,1.0,0.0,,19316,0,0,0,False
vw_meb.dbc,0,0x366,Blinkmodi_02,BM_Recas,36,1,True,False,1.0,0.0,,19316,0,0,0,False
vw_meb.dbc,0,0x366,Blinkmodi_02,BM_Rollenmodus_Blinken,35,1,True,False,1.0,0.0,,19316,0,0,0,False
vw_meb.dbc,0,0x366,Blinkmodi_02,BM_Taxi_Notalarm,21,1,True,False,1.0,0.0,,19316,0,0,0,False
vw_meb.dbc,0,0x366,Blinkmodi_02,BM_Telematik,22,1,True,False,1.0,0.0,,19316,0,0,0,False
vw_meb.dbc,0,0x366,Blinkmodi_02,BM_Telematik_Abbruchgrund,38,6,True,False,1.0,0.0,,19316,0,19316,0,False
vw_meb.dbc,0,0x366,Blinkmodi_02,BM_WBT_Beleuchtung,32,1,True,False,1.0,0.0,,19316,0,0,0,False
vw_meb.dbc,0,0x366,Blinkmodi_02,BM_Warnblinken,20,1,True,False,1.0,0.0,,19316,0,0,0,False
vw_meb.dbc,0,0x366,Blinkmodi_02,BM_Wischblinken,37,1,True,False,1.0,0.0,,19316,0,0,0,False
vw_meb.dbc,0,0x366,Blinkmodi_02,BM_ZV_auf,12,1,True,False,1.0,0.0,,19316,0,0,0,False
vw_meb.dbc,0,0x366,Blinkmodi_02,BM_ZV_zu,13,1,True,False,1.0,0.0,,19316,0,0,0,False
vw_meb.dbc,0,0x366,Blinkmodi_02,BM_links,23,1,True,False,1.0,0.0,,19316,0,0,0,False
vw_meb.dbc,0,0x366,Blinkmodi_02,BM_rechts,24,1,True,False,1.0,0.0,,19316,0,0,0,False
vw_meb.dbc,0,0x366,Blinkmodi_02,Blinken_li_Fzg_Takt,25,1,True,False,1.0,0.0,,19316,0,0,0,False
vw_meb.dbc,0,0x366,Blinkmodi_02,Blinken_li_Kombi_Takt,27,1,True,False,1.0,0.0,,19316,0,0,0,False
vw_meb.dbc,0,0x366,Blinkmodi_02,Blinken_re_Fzg_Takt,26,1,True,False,1.0,0.0,,19316,0,0,0,False
vw_meb.dbc,0,0x366,Blinkmodi_02,Blinken_re_Kombi_Takt,28,1,True,False,1.0,0.0,,19316,0,0,0,False
vw_meb.dbc,0,0x366,Blinkmodi_02,DWA_Alarmquelle,59,5,True,False,1.0,0.0,,19316,0,0,0,False
vw_meb.dbc,0,0x380,APS_Master,Active,54,1,False,False,1.0,0.0,,5364,0,0,0,False
vw_meb.dbc,0,0x380,APS_Master,Distance,55,9,True,False,1.0,0.0,,5364,0,0,5335,False
vw_meb.dbc,0,0x397,LDW_02,LDW_Anlaufsp_VLR,24,4,True,False,1.0,0.0,,4296,0,0,0,False
vw_meb.dbc,0,0x397,LDW_02,LDW_Anlaufzeit_VLR,32,4,True,False,1.0,0.0,,4296,0,0,0,False
vw_meb.dbc,0,0x397,LDW_02,LDW_Codierinfo_fuer_VLR,58,2,True,False,1.0,0.0,,4296,0,0,0,False
vw_meb.dbc,0,0x397,LDW_02,LDW_DLC,40,8,True,False,0.01,-1.25,Unit_Meter,4296,0,0,0,False
vw_meb.dbc,0,0x397,LDW_02,LDW_Frontscheibenheizung_aktiv,60,1,True,False,1.0,0.0,,4296,0,0,0,False
vw_meb.dbc,0,0x397,LDW_02,LDW_Gong,12,2,True,False,1.0,0.0,,4296,0,0,0,False
vw_meb.dbc,0,0x397,LDW_02,LDW_KD_Fehler,63,1,True,False,1.0,0.0,,4296,0,0,0,False
vw_meb.dbc,0,0x397,LDW_02,LDW_Lernmodus,21,3,True,False,1.0,0.0,,4296,0,0,0,False
vw_meb.dbc,0,0x397,LDW_02,LDW_Lernmodus_links,38,2,True,False,1.0,0.0,,4296,0,0,0,False
vw_meb.dbc,0,0x397,LDW_02,LDW_Lernmodus_rechts,36,2,True,False,1.0,0.0,,4296,0,0,0,False
vw_meb.dbc,0,0x397,LDW_02,LDW_SW_Warnung_links,14,1,True,False,1.0,0.0,,4296,0,0,0,False
vw_meb.dbc,0,0x397,LDW_02,LDW_SW_Warnung_rechts,15,1,True,False,1.0,0.0,,4296,0,0,0,False
vw_meb.dbc,0,0x397,LDW_02,LDW_Seite_DLCTLC,20,1,True,False,1.0,0.0,,4296,0,0,0,False
vw_meb.dbc,0,0x397,LDW_02,LDW_Status_LED_gelb,61,1,True,False,1.0,0.0,,4296,0,0,0,False
vw_meb.dbc,0,0x397,LDW_02,LDW_Status_LED_gruen,62,1,True,False,1.0,0.0,,4296,0,0,0,False
vw_meb.dbc,0,0x397,LDW_02,LDW_TLC,48,5,True,False,0.1,0.0,Unit_Secon,4296,0,0,0,False
vw_meb.dbc,0,0x397,LDW_02,LDW_Texte,16,4,True,False,1.0,0.0,,4296,0,0,0,False
vw_meb.dbc,0,0x397,LDW_02,LDW_Vib_Amp_VLR,28,4,True,False,1.0,0.0,,4296,0,0,0,False
vw_meb.dbc,0,0x397,LDW_02,LDW_Warnung_links,56,1,True,False,1.0,0.0,,4296,0,0,0,False
vw_meb.dbc,0,0x397,LDW_02,LDW_Warnung_rechts,57,1,True,False,1.0,0.0,,4296,0,0,0,False
vw_meb.dbc,0,0x3be,Motor_14,CHECKSUM,0,8,True,False,1.0,0.0,,116673,0,0,0,False
vw_meb.dbc,0,0x3be,Motor_14,COUNTER,8,4,True,False,1.0,0.0,,116673,0,0,0,False
vw_meb.dbc,0,0x3be,Motor_14,MO_Aussp_Anlass,35,1,True,False,1.0,0.0,,116673,0,0,0,False
vw_meb.dbc,0,0x3be,Motor_14,MO_BKV_Unterdruckwarnung,45,1,True,False,1.0,0.0,,116673,0,0,0,False
vw_meb.dbc,0,0x3be,Motor_14,MO_BLS,30,1,True,False,1.0,0.0,,116673,0,0,0,False
vw_meb.dbc,0,0x3be,Motor_14,MO_BMS_NV_Anf_stuetzen,58,1,True,False,1.0,0.0,,116673,0,0,0,False
vw_meb.dbc,0,0x3be,Motor_14,MO_EKlKomLeiRed,42,2,True,False,1.0,0.0,,116673,0,0,0,False
vw_meb.dbc,0,0x3be,Motor_14,MO_Ext_E_Fahrt_aktiv,27,1,True,False,1.0,0.0,,116673,0,0,0,False
vw_meb.dbc,0,0x3be,Motor_14,MO_FMAus_Startvariante,56,2,True,False,1.0,0.0,,116673,0,0,0,False
vw_meb.dbc,0,0x3be,Motor_14,MO_FMAus_aktiv,55,1,True,False,1.0,0.0,,116673,0,0,0,False
vw_meb.dbc,0,0x3be,Motor_14,MO_Fahrer_bremst,28,1,True,False,1.0,0.0,,116673,0,0,0,False
vw_meb.dbc,0,0x3be,Motor_14,MO_Freig_Anlass,36,1,True,False,1.0,0.0,,116673,0,0,0,False
vw_meb.dbc,0,0x3be,Motor_14,MO_Freig_Reku,16,2,True,False,1.0,0.0,,116673,0,0,0,False
vw_meb.dbc,0,0x3be,Motor_14,MO_Freigabe_Segeln,46,1,True,False,1.0,0.0,,116673,0,0,0,False
vw_meb.dbc,0,0x3be,Motor_14,MO_Gangposition,20,4,True,False,1.0,0.0,,116673,0,0,0,False
vw_meb.dbc,0,0x3be,Motor_14,MO_HYB_Fahrbereitschaft,26,1,True,False,1.0,0.0,,116673,0,0,0,False
vw_meb.dbc,0,0x3be,Motor_14,MO_HYB_VM_aktiv,61,1,True,False,1.0,0.0,,116673,0,0,0,False
vw_meb.dbc,0,0x3be,Motor_14,MO_Handshake_STH,44,1,True,False,1.0,0.0,,116673,0,0,0,False
vw_meb.dbc,0,0x3be,Motor_14,MO_Interlock,38,1,True,False,1.0,0.0,,116673,0,0,0,False
vw_meb.dbc,0,0x3be,Motor_14,MO_Kickdown,40,1,True,False,1.0,0.0,,116673,0,0,0,False
vw_meb.dbc,0,0x3be,Motor_14,MO_Kl_50,19,1,True,False,1.0,0.0,,116673,0,0,0,False
vw_meb.dbc,0,0x3be,Motor_14,MO_Kl_75,18,1,True,False,1.0,0.0,,116673,0,0,0,False
vw_meb.dbc,0,0x3be,Motor_14,MO_Klima_Eingr,33,2,True,False,1.0,0.0,,116673,0,0,0,False
vw_meb.dbc,0,0x3be,Motor_14,MO_KomFehler_ESP,32,1,True,False,1.0,0.0,,116673,0,116673,0,False
vw_meb.dbc,0,0x3be,Motor_14,MO_Konsistenz_Bremsped,31,1,True,False,1.0,0.0,,116673,0,0,0,False
vw_meb.dbc,0,0x3be,Motor_14,MO_Kuppl_schalter,37,1,True,False,1.0,0.0,,116673,0,0,0,False
vw_meb.dbc,0,0x3be,Motor_14,MO_Motor_laeuft,39,1,True,False,1.0,0.0,,116673,0,0,0,False
vw_meb.dbc,0,0x3be,Motor_14,MO_PTC_Status,47,3,True,False,1.0,0.0,,116673,0,0,0,False
vw_meb.dbc,0,0x3be,Motor_14,MO_QBit_Fahrer_bremst,29,1,True,False,1.0,0.0,,116673,0,0,0,False
vw_meb.dbc,0,0x3be,Motor_14,MO_QBit_Gangposition,50,1,True,False,1.0,0.0,,116673,0,116673,0,False
vw_meb.dbc,0,0x3be,Motor_14,MO_QBit_KL_75,41,1,True,False,1.0,0.0,,116673,0,116673,0,False
vw_meb.dbc,0,0x3be,Motor_14,MO_Remotestart_Betrieb,52,1,True,False,1.0,0.0,,116673,0,0,0,False
vw_meb.dbc,0,0x3be,Motor_14,MO_Remotestart_moeglich,53,1,True,False,1.0,0.0,,116673,0,0,0,False
vw_meb.dbc,0,0x3be,Motor_14,MO_Signalquelle_Gangposition,51,1,True,False,1.0,0.0,,116673,0,0,0,False
vw_meb.dbc,0,0x3be,Motor_14,MO_StartStopp_Fahrerwunsch,24,2,True,False,1.0,0.0,,116673,0,116673,0,False
vw_meb.dbc,0,0x3be,Motor_14,MO_StartStopp_Motorstopp,15,1,True,False,1.0,0.0,,116673,0,0,0,False
vw_meb.dbc,0,0x3be,Motor_14,MO_StartStopp_Status,12,2,True,False,1.0,0.0,,116673,0,0,0,False
vw_meb.dbc,0,0x3be,Motor_14,MO_StartStopp_Wiederstart,14,1,True,False,1.0,0.0,,116673,0,0,0,False
vw_meb.dbc,0,0x3be,Motor_14,MO_StartVorauss_erfuellt,62,2,True,False,1.0,0.0,,116673,0,0,0,False
vw_meb.dbc,0,0x3be,Motor_14,MO_Zylinderabschaltung,59,2,True,False,1.0,0.0,,116673,0,0,0,False
vw_meb.dbc,0,0x3c0,Klemmen_Status_01,BCM_Ausparken_Betrieb,28,1,True,False,1.0,0.0,,116656,0,0,0,False
vw_meb.dbc,0,0x3c0,Klemmen_Status_01,BCM_Remotestart_Betrieb,20,1,True,False,1.0,0.0,,116656,0,0,0,False
vw_meb.dbc,0,0x3c0,Klemmen_Status_01,BCM_Remotestart_KL15_Anf,22,1,True,False,1.0,0.0,,116656,0,0,0,False
vw_meb.dbc,0,0x3c0,Klemmen_Status_01,BCM_Remotestart_MO_Start,23,1,True,False,1.0,0.0,,116656,0,0,0,False
vw_meb.dbc,0,0x3c0,Klemmen_Status_01,KST_Fahrerhinweis_1,26,1,True,False,1.0,0.0,,116656,0,0,0,False
vw_meb.dbc,0,0x3c0,Klemmen_Status_01,KST_Fahrerhinweis_2,27,1,True,False,1.0,0.0,,116656,0,0,0,False
vw_meb.dbc,0,0x3c0,Klemmen_Status_01,KST_Fahrerhinweis_4,29,1,True,False,1.0,0.0,,116656,0,0,0,False
vw_meb.dbc,0,0x3c0,Klemmen_Status_01,KST_Fahrerhinweis_5,30,1,True,False,1.0,0.0,,116656,0,0,0,False
vw_meb.dbc,0,0x3c0,Klemmen_Status_01,KST_Fahrerhinweis_6,31,1,True,False,1.0,0.0,,116656,0,0,0,False
vw_meb.dbc,0,0x3c0,Klemmen_Status_01,KST_Warn_P1_ZST_def,24,1,True,False,1.0,0.0,,116656,0,0,0,False
vw_meb.dbc,0,0x3c0,Klemmen_Status_01,KST_Warn_P2_ZST_def,25,1,True,False,1.0,0.0,,116656,0,0,0,False
vw_meb.dbc,0,0x3c0,Klemmen_Status_01,Klemmen_Status_01_BZ,8,4,True,False,1.0,0.0,,116656,0,0,0,False
vw_meb.dbc,0,0x3c0,Klemmen_Status_01,Klemmen_Status_01_CRC,0,8,True,False,1.0,0.0,,116656,0,0,0,False
vw_meb.dbc,0,0x3c0,Klemmen_Status_01,RSt_Fahrerhinweise,12,4,True,False,1.0,0.0,,116656,0,116656,0,False
vw_meb.dbc,0,0x3c0,Klemmen_Status_01,ZAS_Kl_15,17,1,True,False,1.0,0.0,,116656,0,0,0,False
vw_meb.dbc,0,0x3c0,Klemmen_Status_01,ZAS_Kl_50_Startanforderung,19,1,True,False,1.0,0.0,,116656,0,0,0,False
vw_meb.dbc,0,0x3c0,Klemmen_Status_01,ZAS_Kl_Infotainment,21,1,True,False,1.0,0.0,,116656,0,0,0,False
vw_meb.dbc,0,0x3c0,Klemmen_Status_01,ZAS_Kl_S,16,1,True,False,1.0,0.0,,116656,0,0,0,False
vw_meb.dbc,0,0x3c0,Klemmen_Status_01,ZAS_Kl_X,18,1,True,False,1.0,0.0,,116656,0,0,0,False
vw_meb.dbc,0,0x3ce,TSG_HFS_01,ASW_Warnung_aktiv_HFS,40,1,True,False,1.0,0.0,,116673,0,0,0,False
vw_meb.dbc,0,0x3ce,TSG_HFS_01,HFS_FH_Bew_hoch,32,1,True,False,1.0,0.0,,116673,0,0,0,False
vw_meb.dbc,0,0x3ce,TSG_HFS_01,HFS_FH_Bew_tief,33,1,True,False,1.0,0.0,,116673,0,0,0,False
vw_meb.dbc,0,0x3ce,TSG_HFS_01,HFS_FH_Block,35,1,True,False,1.0,0.0,,116673,0,0,0,False
vw_meb.dbc,0,0x3ce,TSG_HFS_01,HFS_FH_Fang,34,1,True,False,1.0,0.0,,116673,0,0,0,False
vw_meb.dbc,0,0x3ce,TSG_HFS_01,HFS_FH_Oeffnung,24,8,True,False,0.5,0.0,Unit_PerCent,116673,0,0,0,False
vw_meb.dbc,0,0x3ce,TSG_HFS_01,HFS_FH_S_AutoHoch,21,1,True,False,1.0,0.0,,116673,0,0,0,False
vw_meb.dbc,0,0x3ce,TSG_HFS_01,HFS_FH_S_AutoTief,23,1,True,False,1.0,0.0,,116673,0,0,0,False
vw_meb.dbc,0,0x3ce,TSG_HFS_01,HFS_FH_S_HBFS_AutoHoch,10,1,True,False,1.0,0.0,,116673,0,0,0,False
vw_meb.dbc,0,0x3ce,TSG_HFS_01,HFS_FH_S_HBFS_AutoTief,11,1,True,False,1.0,0.0,,116673,0,0,0,False
vw_meb.dbc,0,0x3ce,TSG_HFS_01,HFS_FH_S_HBFS_ManHoch,12,1,True,False,1.0,0.0,,116673,0,0,0,False
vw_meb.dbc,0,0x3ce,TSG_HFS_01,HFS_FH_S_HBFS_ManTief,13,1,True,False,1.0,0.0,,116673,0,0,0,False
vw_meb.dbc,0,0x3ce,TSG_HFS_01,HFS_FH_S_ManHoch,20,1,True,False,1.0,0.0,,116673,0,0,0,False
vw_meb.dbc,0,0x3ce,TSG_HFS_01,HFS_FH_S_ManTief,22,1,True,False,1.0,0.0,,116673,0,0,0,False
vw_meb.dbc,0,0x3ce,TSG_HFS_01,HFS_FH_Thermo,36,1,True,False,1.0,0.0,,116673,0,0,0,False
vw_meb.dbc,0,0x3ce,TSG_HFS_01,HFS_FH_normiert,39,1,True,False,1.0,0.0,,116673,0,0,0,False
vw_meb.dbc,0,0x3ce,TSG_HFS_01,HFS_Heckrollotaster_betaetigt,3,1,True,False,1.0,0.0,,116673,0,0,0,False
vw_meb.dbc,0,0x3ce,TSG_HFS_01,HFS_Lock_Taster,6,1,True,False,1.0,0.0,,116673,0,0,0,False
vw_meb.dbc,0,0x3ce,TSG_HFS_01,HFS_Lock_Taster_inv,55,1,True,False,1.0,0.0,,116673,0,0,0,False
vw_meb.dbc,0,0x3ce,TSG_HFS_01,HFS_MRollo_Schalter,52,3,True,False,1.0,0.0,,116673,0,116673,0,False
vw_meb.dbc,0,0x3ce,TSG_HFS_01,HFS_Oben_Block_erw,46,1,True,False,1.0,0.0,,116673,0,0,0,False
vw_meb.dbc,0,0x3ce,TSG_HFS_01,HFS_SAD_Schalter,16,4,True,False,1.0,0.0,,116673,0,116673,0,False
vw_meb.dbc,0,0x3ce,TSG_HFS_01,HFS_Seitenrollo_hoch,42,1,True,False,1.0,0.0,,116673,0,0,0,False
vw_meb.dbc,0,0x3ce,TSG_HFS_01,HFS_Seitenrollo_tief,43,1,True,False,1.0,0.0,,116673,0,0,0,False
vw_meb.dbc,0,0x3ce,TSG_HFS_01,HFS_Sperrklinke,7,1,True,False,1.0,0.0,,116673,0,0,0,False
vw_meb.dbc,0,0x3ce,TSG_HFS_01,HFS_Status_KiSi,44,1,True,False,1.0,0.0,,116673,0,0,0,False
vw_meb.dbc,0,0x3ce,TSG_HFS_01,HFS_Status_eTAG,56,2,True,False,1.0,0.0,,116673,0,116673,0,False
vw_meb.dbc,0,0x3ce,TSG_HFS_01,HFS_TAG_betaetigt,8,1,True,False,1.0,0.0,,116673,0,0,0,False
vw_meb.dbc,0,0x3ce,TSG_HFS_01,HFS_TCR_Mode_aktiv,59,1,True,False,1.0,0.0,,116673,0,0,0,False
vw_meb.dbc,0,0x3ce,TSG_HFS_01,HFS_TIG_betaetigt,9,1,True,False,1.0,0.0,,116673,0,0,0,False
vw_meb.dbc,0,0x3ce,TSG_HFS_01,HFS_Tuer_Status,14,2,True,False,1.0,0.0,,116673,0,0,0,False
vw_meb.dbc,0,0x3ce,TSG_HFS_01,HFS_Tuer_Status_QBit,58,1,True,False,1.0,0.0,,116673,0,0,0,False
vw_meb.dbc,0,0x3ce,TSG_HFS_01,HFS_Tuer_geoeffnet,0,1,True,False,1.0,0.0,,116673,0,0,0,False
vw_meb.dbc,0,0x3ce,TSG_HFS_01,HFS_Tueroeffnen_Warnung,38,1,True,False,1.0,0.0,,116673,0,0,0,False
vw_meb.dbc,0,0x3ce,TSG_HFS_01,HFS_Tuerschloss_defekt,4,1,True,False,1.0,0.0,,116673,0,0,0,False
vw_meb.dbc,0,0x3ce,TSG_HFS_01,HFS_UEKB_aktiviert,37,1,True,False,1.0,0.0,,116673,0,0,0,False
vw_meb.dbc,0,0x3ce,TSG_HFS_01,HFS_Unlock_Taster,5,1,True,False,1.0,0.0,,116673,0,0,0,False
vw_meb.dbc,0,0x3ce,TSG_HFS_01,HFS_Unten_Block_erw,47,1,True,False,1.0,0.0,,116673,0,0,0,False
vw_meb.dbc,0,0x3ce,TSG_HFS_01,HFS_Zuziehhilfe_aktiv,41,1,True,False,1.0,0.0,,116673,0,116673,0,False
vw_meb.dbc,0,0x3ce,TSG_HFS_01,HFS_gesafet,2,1,True,False,1.0,0.0,,116673,0,0,0,False
vw_meb.dbc,0,0x3ce,TSG_HFS_01,HFS_verriegelt,1,1,True,False,1.0,0.0,,116673,0,0,0,False
vw_meb.dbc,0,0x3ce,TSG_HFS_01,MTHFS_M_Taste,48,1,True,False,1.0,0.0,,116673,0,0,0,False
vw_meb.dbc,0,0x3ce,TSG_HFS_01,MTHFS_Pos1,49,1,True,False,1.0,0.0,,116673,0,0,0,False
vw_meb.dbc,0,0x3ce,TSG_HFS_01,MTHFS_Pos2,50,1,True,False,1.0,0.0,,116673,0,0,0,False
vw_meb.dbc,0,0x3ce,TSG_HFS_01,MTHFS_Pos3,51,1,True,False,1.0,0.0,,116673,0,0,0,False
vw_meb.dbc,0,0x3ce,TSG_HFS_01,SSR_HFS_Pos_Unten,45,1,True,False,1.0,0.0,,116673,0,0,0,False
vw_meb.dbc,0,0x3cf,TSG_HBFS_01,ASW_Warnung_aktiv_HBFS,40,1,True,False,1.0,0.0,,116690,0,0,0,False
vw_meb.dbc,0,0x3cf,TSG_HBFS_01,HBFS_FH_Bew_hoch,32,1,True,False,1.0,0.0,,116690,0,0,0,False
vw_meb.dbc,0,0x3cf,TSG_HBFS_01,HBFS_FH_Bew_tief,33,1,True,False,1.0,0.0,,116690,0,0,0,False
vw_meb.dbc,0,0x3cf,TSG_HBFS_01,HBFS_FH_Block,35,1,True,False,1.0,0.0,,116690,0,0,0,False
vw_meb.dbc,0,0x3cf,TSG_HBFS_01,HBFS_FH_Fang,34,1,True,False,1.0,0.0,,116690,0,0,0,False
vw_meb.dbc,0,0x3cf,TSG_HBFS_01,HBFS_FH_Oeffnung,24,8,True,False,0.5,0.0,Unit_PerCent,116690,0,0,0,False
vw_meb.dbc,0,0x3cf,TSG_HBFS_01,HBFS_FH_S_AutoHoch,21,1,True,False,1.0,0.0,,116690,0,0,0,False
vw_meb.dbc,0,0x3cf,TSG_HBFS_01,HBFS_FH_S_AutoTief,23,1,True,False,1.0,0.0,,116690,0,0,0,False
vw_meb.dbc,0,0x3cf,TSG_HBFS_01,HBFS_FH_S_HFS_AutoHoch,10,1,True,False,1.0,0.0,,116690,0,0,0,False
vw_meb.dbc,0,0x3cf,TSG_HBFS_01,HBFS_FH_S_HFS_AutoTief,11,1,True,False,1.0,0.0,,116690,0,0,0,False
vw_meb.dbc,0,0x3cf,TSG_HBFS_01,HBFS_FH_S_HFS_ManHoch,12,1,True,False,1.0,0.0,,116690,0,0,0,False
vw_meb.dbc,0,0x3cf,TSG_HBFS_01,HBFS_FH_S_HFS_ManTief,13,1,True,False,1.0,0.0,,116690,0,0,0,False
vw_meb.dbc,0,0x3cf,TSG_HBFS_01,HBFS_FH_S_ManHoch,20,1,True,False,1.0,0.0,,116690,0,0,0,False
vw_meb.dbc,0,0x3cf,TSG_HBFS_01,HBFS_FH_S_ManTief,22,1,True,False,1.0,0.0,,116690,0,0,0,False
vw_meb.dbc,0,0x3cf,TSG_HBFS_01,HBFS_FH_Thermo,36,1,True,False,1.0,0.0,,116690,0,0,0,False
vw_meb.dbc,0,0x3cf,TSG_HBFS_01,HBFS_FH_normiert,39,1,True,False,1.0,0.0,,116690,0,0,0,False
vw_meb.dbc,0,0x3cf,TSG_HBFS_01,HBFS_Heckrollotaster_betaetigt,3,1,True,False,1.0,0.0,,116690,0,0,0,False
vw_meb.dbc,0,0x3cf,TSG_HBFS_01,HBFS_Lock_Taster,6,1,True,False,1.0,0.0,,116690,0,0,0,False
vw_meb.dbc,0,0x3cf,TSG_HBFS_01,HBFS_Lock_Taster_inv,55,1,True,False,1.0,0.0,,116690,0,0,0,False
vw_meb.dbc,0,0x3cf,TSG_HBFS_01,HBFS_MRollo_Schalter,52,3,True,False,1.0,0.0,,116690,0,116690,0,False
vw_meb.dbc,0,0x3cf,TSG_HBFS_01,HBFS_Oben_Block_erw,46,1,True,False,1.0,0.0,,116690,0,0,0,False
vw_meb.dbc,0,0x3cf,TSG_HBFS_01,HBFS_SAD_Schalter,16,4,True,False,1.0,0.0,,116690,0,116690,0,False
vw_meb.dbc,0,0x3cf,TSG_HBFS_01,HBFS_Seitenrollo_hoch,42,1,True,False,1.0,0.0,,116690,0,0,0,False
vw_meb.dbc,0,0x3cf,TSG_HBFS_01,HBFS_Seitenrollo_tief,43,1,True,False,1.0,0.0,,116690,0,0,0,False
vw_meb.dbc,0,0x3cf,TSG_HBFS_01,HBFS_Sperrklinke,7,1,True,False,1.0,0.0,,116690,0,0,0,False
vw_meb.dbc,0,0x3cf,TSG_HBFS_01,HBFS_Status_KiSi,44,1,True,False,1.0,0.0,,116690,0,0,0,False
vw_meb.dbc,0,0x3cf,TSG_HBFS_01,HBFS_Status_KiSi_inv,56,1,True,False,1.0,0.0,,116690,0,0,0,False
vw_meb.dbc,0,0x3cf,TSG_HBFS_01,HBFS_Status_eTAG,57,2,True,False,1.0,0.0,,116690,0,116690,0,False
vw_meb.dbc,0,0x3cf,TSG_HBFS_01,HBFS_TAG_betaetigt,8,1,True,False,1.0,0.0,,116690,0,0,0,False
vw_meb.dbc,0,0x3cf,TSG_HBFS_01,HBFS_TIG_betaetigt,9,1,True,False,1.0,0.0,,116690,0,0,0,False
vw_meb.dbc,0,0x3cf,TSG_HBFS_01,HBFS_TIG_betaetigt_schliessen,60,1,True,False,1.0,0.0,,116690,0,0,0,False
vw_meb.dbc,0,0x3cf,TSG_HBFS_01,HBFS_Tuer_Status,14,2,True,False,1.0,0.0,,116690,0,0,0,False
vw_meb.dbc,0,0x3cf,TSG_HBFS_01,HBFS_Tuer_Status_QBit,59,1,True,False,1.0,0.0,,116690,0,0,0,False
vw_meb.dbc,0,0x3cf,TSG_HBFS_01,HBFS_Tuer_geoeffnet,0,1,True,False,1.0,0.0,,116690,0,0,0,False
vw_meb.dbc,0,0x3cf,TSG_HBFS_01,HBFS_Tueroeffnen_Warnung,38,1,True,False,1.0,0.0,,116690,0,0,0,False
vw_meb.dbc,0,0x3cf,TSG_HBFS_01,HBFS_Tuerschloss_defekt,4,1,True,False,1.0,0.0,,116690,0,0,0,False
vw_meb.dbc,0,0x3cf,TSG_HBFS_01,HBFS_UEKB_aktiviert,37,1,True,False,1.0,0.0,,116690,0,0,0,False
vw_meb.dbc,0,0x3cf,TSG_HBFS_01,HBFS_Unlock_Taster,5,1,True,False,1.0,0.0,,116690,0,0,0,False
vw_meb.dbc,0,0x3cf,TSG_HBFS_01,HBFS_Unten_Block_erw,47,1,True,False,1.0,0.0,,116690,0,0,0,False
vw_meb.dbc,0,0x3cf,TSG_HBFS_01,HBFS_Zuziehhilfe_aktiv,41,1,True,False,1.0,0.0,,116690,0,116690,0,False
vw_meb.dbc,0,0x3cf,TSG_HBFS_01,HBFS_gesafet,2,1,True,False,1.0,0.0,,116690,0,0,0,False
vw_meb.dbc,0,0x3cf,TSG_HBFS_01,HBFS_verriegelt,1,1,True,False,1.0,0.0,,116690,0,0,0,False
vw_meb.dbc,0,0x3cf,TSG_HBFS_01,MTHBFS_M_Taste,48,1,True,False,1.0,0.0,,116690,0,0,0,False
vw_meb.dbc,0,0x3cf,TSG_HBFS_01,MTHBFS_Pos1,49,1,True,False,1.0,0.0,,116690,0,0,0,False
vw_meb.dbc,0,0x3cf,TSG_HBFS_01,MTHBFS_Pos2,50,1,True,False,1.0,0.0,,116690,0,0,0,False
vw_meb.dbc,0,0x3cf,TSG_HBFS_01,MTHBFS_Pos3,51,1,True,False,1.0,0.0,,116690,0,0,0,False
vw_meb.dbc,0,0x3cf,TSG_HBFS_01,SSR_HBFS_Pos_Unten,45,1,True,False,1.0,0.0,,116690,0,0,0,False
vw_meb.dbc,0,0x3d0,TSG_FT_01,ASW_HMI_defekt,38,1,True,False,1.0,0.0,,116808,0,0,0,False
vw_meb.dbc,0,0x3d0,TSG_FT_01,ASW_Warnung_aktiv_FS,56,1,True,False,1.0,0.0,,116808,0,0,0,False
vw_meb.dbc,0,0x3d0,TSG_FT_01,ASW_wakeup,45,1,True,False,1.0,0.0,,116808,0,0,0,False
vw_meb.dbc,0,0x3d0,TSG_FT_01,FS_Status_eTAG,62,2,True,False,1.0,0.0,,116808,0,116808,0,False
vw_meb.dbc,0,0x3d0,TSG_FT_01,FT_BFS_Fond_Freigabe,52,1,True,False,1.0,0.0,,116808,0,0,0,False
vw_meb.dbc,0,0x3d0,TSG_FT_01,FT_Daemmglas,54,1,True,False,1.0,0.0,,116808,0,0,0,False
vw_meb.dbc,0,0x3d0,TSG_FT_01,FT_FH_Bew_hoch,32,1,True,False,1.0,0.0,,116808,0,116731,0,False
vw_meb.dbc,0,0x3d0,TSG_FT_01,FT_FH_Bew_tief,33,1,True,False,1.0,0.0,,116808,0,116749,0,False
vw_meb.dbc,0,0x3d0,TSG_FT_01,FT_FH_Block,35,1,True,False,1.0,0.0,,116808,0,116808,0,False
vw_meb.dbc,0,0x3d0,TSG_FT_01,FT_FH_Fang,34,1,True,False,1.0,0.0,,116808,0,0,0,False
vw_meb.dbc,0,0x3d0,TSG_FT_01,FT_FH_Oeffnung,24,8,True,False,0.5,0.0,Unit_PerCent,116808,0,0,0,False
vw_meb.dbc,0,0x3d0,TSG_FT_01,FT_FH_Pos_oben,57,1,True,False,1.0,0.0,,116808,0,0,0,False
vw_meb.dbc,0,0x3d0,TSG_FT_01,FT_FH_S_AutoHoch,21,1,True,False,1.0,0.0,,116808,0,116797,0,False
vw_meb.dbc,0,0x3d0,TSG_FT_01,FT_FH_S_AutoTief,23,1,True,False,1.0,0.0,,116808,0,116804,0,False
vw_meb.dbc,0,0x3d0,TSG_FT_01,FT_FH_S_ManHoch,20,1,True,False,1.0,0.0,,116808,0,116808,0,False
vw_meb.dbc,0,0x3d0,TSG_FT_01,FT_FH_S_ManTief,22,1,True,False,1.0,0.0,,116808,0,116796,0,False
vw_meb.dbc,0,0x3d0,TSG_FT_01,FT_FH_Thermo,36,1,True,False,1.0,0.0,,116808,0,116808,0,False
vw_meb.dbc,0,0x3d0,TSG_FT_01,FT_FH_normiert,39,1,True,False,1.0,0.0,,116808,0,0,0,False
vw_meb.dbc,0,0x3d0,TSG_FT_01,FT_HD_Taste,11,1,True,False,1.0,0.0,,116808,0,116738,0,False
vw_meb.dbc,0,0x3d0,TSG_FT_01,FT_HD_Taste_2,16,1,True,False,1.0,0.0,,116808,0,0,0,False
vw_meb.dbc,0,0x3d0,TSG_FT_01,FT_IRUE_Taste,10,1,True,False,1.0,0.0,,116808,0,116808,0,False
vw_meb.dbc,0,0x3d0,TSG_FT_01,FT_Kisi_Fehler,53,1,True,False,1.0,0.0,,116808,0,116808,0,False
vw_meb.dbc,0,0x3d0,TSG_FT_01,FT_Kisi_Taster_li,50,1,True,False,1.0,0.0,,116808,0,0,0,False
vw_meb.dbc,0,0x3d0,TSG_FT_01,FT_Kisi_Taster_re,51,1,True,False,1.0,0.0,,116808,0,0,0,False
vw_meb.dbc,0,0x3d0,TSG_FT_01,FT_Kisi_li_aktiv,48,1,True,False,1.0,0.0,,116808,0,0,0,False
vw_meb.dbc,0,0x3d0,TSG_FT_01,FT_Kisi_re_aktiv,49,1,True,False,1.0,0.0,,116808,0,0,0,False
vw_meb.dbc,0,0x3d0,TSG_FT_01,FT_Lock_Taster,6,1,True,False,1.0,0.0,,116808,0,116808,0,False
vw_meb.dbc,0,0x3d0,TSG_FT_01,FT_Oben_Block_erw,46,1,True,False,1.0,0.0,,116808,0,0,0,False
vw_meb.dbc,0,0x3d0,TSG_FT_01,FT_SP_Heizung_Status,55,1,True,False,1.0,0.0,,116808,0,116207,0,False
vw_meb.dbc,0,0x3d0,TSG_FT_01,FT_SP_ausgerastet,42,1,True,False,1.0,0.0,,116808,0,107277,0,False
vw_meb.dbc,0,0x3d0,TSG_FT_01,FT_SP_ht_aktiv,44,1,True,False,1.0,0.0,,116808,0,116808,0,False
vw_meb.dbc,0,0x3d0,TSG_FT_01,FT_SP_lr_aktiv,43,1,True,False,1.0,0.0,,116808,0,116808,0,False
vw_meb.dbc,0,0x3d0,TSG_FT_01,FT_SWA_Taster,59,1,True,False,1.0,0.0,,116808,0,0,0,False
vw_meb.dbc,0,0x3d0,TSG_FT_01,FT_Schliesstaster,40,1,True,False,1.0,0.0,,116808,0,0,0,False
vw_meb.dbc,0,0x3d0,TSG_FT_01,FT_Schluesselschalter_auf,3,1,True,False,1.0,0.0,,116808,0,116808,0,False
vw_meb.dbc,0,0x3d0,TSG_FT_01,FT_Schluesselschalter_zu,4,1,True,False,1.0,0.0,,116808,0,0,0,False
vw_meb.dbc,0,0x3d0,TSG_FT_01,FT_Sp_Blk_def,19,1,True,False,1.0,0.0,,116808,0,0,0,False
vw_meb.dbc,0,0x3d0,TSG_FT_01,FT_Sp_Heizung_Anf,15,1,True,False,100.0,0.0,Unit_PerCent,116808,0,0,0,False
vw_meb.dbc,0,0x3d0,TSG_FT_01,FT_Sperrklinke,7,1,True,False,1.0,0.0,,116808,0,0,0,False
vw_meb.dbc,0,0x3d0,TSG_FT_01,FT_TAG_betaetigt,8,1,True,False,1.0,0.0,,116808,0,0,0,False
vw_meb.dbc,0,0x3d0,TSG_FT_01,FT_TD_Taste,13,1,True,False,1.0,0.0,,116808,0,0,0,False
vw_meb.dbc,0,0x3d0,TSG_FT_01,FT_TD_Taste_Fehler,12,1,True,False,1.0,0.0,,116808,0,0,0,False
vw_meb.dbc,0,0x3d0,TSG_FT_01,FT_TIG_betaetigt,9,1,True,False,1.0,0.0,,116808,0,0,0,False
vw_meb.dbc,0,0x3d0,TSG_FT_01,FT_TSG_hinten_verbaut,18,1,True,False,1.0,0.0,,116808,0,0,0,False
vw_meb.dbc,0,0x3d0,TSG_FT_01,FT_Tuer_geoeffnet,0,1,True,False,1.0,0.0,,116808,0,116015,0,False
vw_meb.dbc,0,0x3d0,TSG_FT_01,FT_Tuerschloss_defekt,58,1,True,False,1.0,0.0,,116808,0,0,0,False
vw_meb.dbc,0,0x3d0,TSG_FT_01,FT_UEKB_aktiviert,37,1,True,False,1.0,0.0,,116808,0,116808,0,False
vw_meb.dbc,0,0x3d0,TSG_FT_01,FT_Unlock_Taster,5,1,True,False,1.0,0.0,,116808,0,116808,0,False
vw_meb.dbc,0,0x3d0,TSG_FT_01,FT_Unten_Block_erw,47,1,True,False,1.0,0.0,,116808,0,0,0,False
vw_meb.dbc,0,0x3d0,TSG_FT_01,FT_Zuziehhilfe_aktiv,41,1,True,False,1.0,0.0,,116808,0,116808,0,False
vw_meb.dbc,0,0x3d0,TSG_FT_01,FT_gesafet,2,1,True,False,1.0,0.0,,116808,0,116808,0,False
vw_meb.dbc,0,0x3d0,TSG_FT_01,FT_verriegelt,1,1,True,False,1.0,0.0,,116808,0,14207,0,False
vw_meb.dbc,0,0x3d0,TSG_FT_01,SSR_Temp_Freigabe,14,1,True,False,1.0,0.0,,116808,0,0,0,False
vw_meb.dbc,0,0x3d0,TSG_FT_01,SWA_HMI_Diagnose,60,2,True,False,1.0,0.0,,116808,0,116808,0,False
vw_meb.dbc,0,0x3d4,SMLS_01,BH_Blinker_Fehler,46,1,True,False,1.0,0.0,,12591,0,12591,0,False
vw_meb.dbc,0,0x3d4,SMLS_01,BH_Blinker_li,12,1,True,False,1.0,0.0,,12591,0,0,0,False
vw_meb.dbc,0,0x3d4,SMLS_01,BH_Blinker_re,13,1,True,False,1.0,0.0,,12591,0,0,0,False
vw_meb.dbc,0,0x3d4,SMLS_01,BH_Fernlicht,15,1,True,False,1.0,0.0,,12591,0,0,0,False
vw_meb.dbc,0,0x3d4,SMLS_01,BH_Lichthupe,14,1,True,False,1.0,0.0,,12591,0,0,0,False
vw_meb.dbc,0,0x3d4,SMLS_01,FAS_Taster,27,1,True,False,1.0,0.0,,12591,0,0,0,False
vw_meb.dbc,0,0x3d4,SMLS_01,FAS_Taster_Fehler,28,1,True,False,1.0,0.0,,12591,0,12591,0,False
vw_meb.dbc,0,0x3d4,SMLS_01,LRH_On_Off,30,2,True,False,1.0,0.0,,12591,0,0,0,False
vw_meb.dbc,0,0x3d4,SMLS_01,LRH_aktiv,40,1,True,False,1.0,0.0,,12591,0,0,0,False
vw_meb.dbc,0,0x3d4,SMLS_01,SMLS_01_BZ,8,4,True,False,1.0,0.0,,12591,0,0,0,False
vw_meb.dbc,0,0x3d4,SMLS_01,SMLS_01_CRC,0,8,True,False,1.0,0.0,,12591,0,0,0,False
vw_meb.dbc,0,0x3d4,SMLS_01,SMLS_Hupe,29,1,True,False,1.0,0.0,,12591,0,0,0,False
vw_meb.dbc,0,0x3d4,SMLS_01,SMLS_PTT,47,1,True,False,1.0,0.0,,12591,0,0,0,False
vw_meb.dbc,0,0x3d4,SMLS_01,SMLS_P_verriegelt_plausibel,43,1,True,False,1.0,0.0,,12591,0,0,0,False
vw_meb.dbc,0,0x3d4,SMLS_01,WH_Frontwaschen,20,1,True,False,1.0,0.0,,12591,0,0,0,False
vw_meb.dbc,0,0x3d4,SMLS_01,WH_Heckintervall,21,1,True,False,1.0,0.0,,12591,0,0,0,False
vw_meb.dbc,0,0x3d4,SMLS_01,WH_Heckwaschen,22,1,True,False,1.0,0.0,,12591,0,0,0,False
vw_meb.dbc,0,0x3d4,SMLS_01,WH_Intervall,17,1,True,False,1.0,0.0,,12591,0,0,0,False
vw_meb.dbc,0,0x3d4,SMLS_01,WH_Intervallstufen,23,4,True,False,1.0,0.0,,12591,0,0,0,False
vw_meb.dbc,0,0x3d4,SMLS_01,WH_SRA,44,1,True,False,1.0,0.0,,12591,0,0,0,False
vw_meb.dbc,0,0x3d4,SMLS_01,WH_Tipwischen,16,1,True,False,1.0,0.0,,12591,0,0,0,False
vw_meb.dbc,0,0x3d4,SMLS_01,WH_Tipwischen_lang,48,1,True,False,1.0,0.0,,12591,0,0,0,False
vw_meb.dbc,0,0x3d4,SMLS_01,WH_WischerStufe1,18,1,True,False,1.0,0.0,,12591,0,0,0,False
vw_meb.dbc,0,0x3d4,SMLS_01,WH_WischerStufe2,19,1,True,False,1.0,0.0,,12591,0,0,0,False
vw_meb.dbc,0,0x3d4,SMLS_01,WH_Wischer_Fehler,45,1,True,False,1.0,0.0,,12591,0,12591,0,False
vw_meb.dbc,0,0x3d5,Licht_Anf_01,BCM1_Abblendlicht_Anf,15,1,True,False,1.0,0.0,,116644,0,0,0,False
vw_meb.dbc,0,0x3d5,Licht_Anf_01,BCM1_Adaptive_Lichtvert_Anf,34,1,True,False,1.0,0.0,,116644,0,0,0,False
vw_meb.dbc,0,0x3d5,Licht_Anf_01,BCM1_Allwetterlicht_Anf,41,1,True,False,1.0,0.0,,116644,0,0,0,False
vw_meb.dbc,0,0x3d5,Licht_Anf_01,BCM1_Animationssperrung,39,1,True,False,1.0,0.0,,116644,0,0,0,False
vw_meb.dbc,0,0x3d5,Licht_Anf_01,BCM1_Autobahnlicht_Anf,28,1,True,False,1.0,0.0,,116644,0,0,0,False
vw_meb.dbc,0,0x3d5,Licht_Anf_01,BCM1_CH_LH_aktiv,40,1,True,False,1.0,0.0,,116644,0,0,0,False
vw_meb.dbc,0,0x3d5,Licht_Anf_01,BCM1_CH_aktiv,30,1,True,False,1.0,0.0,,116644,0,0,0,False
vw_meb.dbc,0,0x3d5,Licht_Anf_01,BCM1_FOD_Sperrung_Animationen_HL,37,2,True,False,1.0,0.0,,116644,0,0,0,False
vw_meb.dbc,0,0x3d5,Licht_Anf_01,BCM1_Fernlicht_Anf,16,1,True,False,1.0,0.0,,116644,0,0,0,False
vw_meb.dbc,0,0x3d5,Licht_Anf_01,BCM1_FoD_Sperrung_WiBli,35,2,True,False,1.0,0.0,,116644,0,0,0,False
vw_meb.dbc,0,0x3d5,Licht_Anf_01,BCM1_GLW_Fernlicht_Anf,33,1,True,False,1.0,0.0,,116644,0,0,0,False
vw_meb.dbc,0,0x3d5,Licht_Anf_01,BCM1_Gleitende_Leuchtw_Anf,32,1,True,False,1.0,0.0,,116644,0,0,0,False
vw_meb.dbc,0,0x3d5,Licht_Anf_01,BCM1_Kurvenlicht_links_Anf,12,1,True,False,1.0,0.0,,116644,0,0,0,False
vw_meb.dbc,0,0x3d5,Licht_Anf_01,BCM1_Kurvenlicht_rechts_Anf,13,1,True,False,1.0,0.0,,116644,0,0,0,False
vw_meb.dbc,0,0x3d5,Licht_Anf_01,BCM1_LH_aktiv,31,1,True,False,1.0,0.0,,116644,0,0,0,False
vw_meb.dbc,0,0x3d5,Licht_Anf_01,BCM1_Nebellicht_Anf,17,1,True,False,1.0,0.0,,116644,0,0,0,False
vw_meb.dbc,0,0x3d5,Licht_Anf_01,BCM1_Nebelschluss_Ahg_Anf,20,1,True,False,1.0,0.0,,116644,0,0,0,False
vw_meb.dbc,0,0x3d5,Licht_Anf_01,BCM1_Nebelschluss_Fzg_Anf,21,1,True,False,1.0,0.0,,116644,0,0,0,False
vw_meb.dbc,0,0x3d5,Licht_Anf_01,BCM1_Parklicht_li_Anf,18,1,True,False,1.0,0.0,,116644,0,0,0,False
vw_meb.dbc,0,0x3d5,Licht_Anf_01,BCM1_Parklicht_re_Anf,19,1,True,False,1.0,0.0,,116644,0,0,0,False
vw_meb.dbc,0,0x3d5,Licht_Anf_01,BCM1_Regenlicht_Anf,27,1,True,False,1.0,0.0,,116644,0,0,0,False
vw_meb.dbc,0,0x3d5,Licht_Anf_01,BCM1_Schlusslicht_Anf,22,1,True,False,1.0,0.0,,116644,0,0,0,False
vw_meb.dbc,0,0x3d5,Licht_Anf_01,BCM1_Schlusslicht_Signatur,60,4,True,False,1.0,0.0,,116644,0,0,0,False
vw_meb.dbc,0,0x3d5,Licht_Anf_01,BCM1_Signaturlicht_Anf,24,1,True,False,1.0,0.0,,116644,0,0,0,False
vw_meb.dbc,0,0x3d5,Licht_Anf_01,BCM1_Standlicht_Anf,14,1,True,False,1.0,0.0,,116644,0,0,0,False
vw_meb.dbc,0,0x3d5,Licht_Anf_01,BCM1_Tagfahrlicht_Anf,26,1,True,False,1.0,0.0,,116644,0,0,0,False
vw_meb.dbc,0,0x3d5,Licht_Anf_01,BCM1_Touristen_Licht_Anf,29,1,True,False,1.0,0.0,,116644,0,0,0,False
vw_meb.dbc,0,0x3d5,Licht_Anf_01,BCM1_Umfeldleuchten_Anf,25,1,True,False,1.0,0.0,,116644,0,0,0,False
vw_meb.dbc,0,0x3d5,Licht_Anf_01,BCM_Rueckfahrlicht_Anf,23,1,True,False,1.0,0.0,,116644,0,0,0,False
vw_meb.dbc,0,0x3d5,Licht_Anf_01,Licht_Anf_01_BZ,8,4,True,False,1.0,0.0,,116644,0,0,0,False
vw_meb.dbc,0,0x3d5,Licht_Anf_01,Licht_Anf_01_CRC,0,8,True,False,1.0,0.0,,116644,0,0,0,False
vw_meb.dbc,0,0x3d6,Licht_hinten_01,BCM2_Bremsl_durch_ECD,5,1,True,False,1.0,0.0,,116649,0,0,0,False
vw_meb.dbc,0,0x3d6,Licht_hinten_01,LH_3_Bremsl_def,49,1,True,False,1.0,0.0,,116649,0,0,0,False
vw_meb.dbc,0,0x3d6,Licht_hinten_01,LH_Aussenlicht_def,7,1,True,False,1.0,0.0,,116649,0,0,0,False
vw_meb.dbc,0,0x3d6,Licht_hinten_01,LH_Blinker_HL_akt,14,1,True,False,1.0,0.0,,116649,0,0,0,False
vw_meb.dbc,0,0x3d6,Licht_hinten_01,LH_Blinker_HR_akt,15,1,True,False,1.0,0.0,,116649,0,0,0,False
vw_meb.dbc,0,0x3d6,Licht_hinten_01,LH_Blinker_li_def,16,1,True,False,1.0,0.0,,116649,0,0,0,False
vw_meb.dbc,0,0x3d6,Licht_hinten_01,LH_Blinker_re_def,32,1,True,False,1.0,0.0,,116649,0,0,0,False
vw_meb.dbc,0,0x3d6,Licht_hinten_01,LH_Brems_Blk_li_def,27,1,True,False,1.0,0.0,,116649,0,0,0,False
vw_meb.dbc,0,0x3d6,Licht_hinten_01,LH_Brems_Blk_re_def,43,1,True,False,1.0,0.0,,116649,0,0,0,False
vw_meb.dbc,0,0x3d6,Licht_hinten_01,LH_Bremsl_li_def,17,1,True,False,1.0,0.0,,116649,0,0,0,False
vw_meb.dbc,0,0x3d6,Licht_hinten_01,LH_Bremsl_li_ges_def,54,1,True,False,1.0,0.0,,116649,0,0,0,False
vw_meb.dbc,0,0x3d6,Licht_hinten_01,LH_Bremsl_mi_def,53,1,True,False,1.0,0.0,,116649,0,0,0,False
vw_meb.dbc,0,0x3d6,Licht_hinten_01,LH_Bremsl_re_def,33,1,True,False,1.0,0.0,,116649,0,0,0,False
vw_meb.dbc,0,0x3d6,Licht_hinten_01,LH_Bremsl_re_ges_def,55,1,True,False,1.0,0.0,,116649,0,0,0,False
vw_meb.dbc,0,0x3d6,Licht_hinten_01,LH_Bremslicht_H_aktiv,11,1,True,False,1.0,0.0,,116649,0,0,0,False
vw_meb.dbc,0,0x3d6,Licht_hinten_01,LH_Diag_LED_li_def,30,1,True,False,1.0,0.0,,116649,0,0,0,False
vw_meb.dbc,0,0x3d6,Licht_hinten_01,LH_Diag_LED_re_def,31,1,True,False,1.0,0.0,,116649,0,0,0,False
vw_meb.dbc,0,0x3d6,Licht_hinten_01,LH_Diag_Status_li_def,29,1,True,False,1.0,0.0,,116649,0,0,0,False
vw_meb.dbc,0,0x3d6,Licht_hinten_01,LH_Diag_Status_re_def,28,1,True,False,1.0,0.0,,116649,0,0,0,False
vw_meb.dbc,0,0x3d6,Licht_hinten_01,LH_Kennzl_def,48,1,True,False,1.0,0.0,,116649,0,0,0,False
vw_meb.dbc,0,0x3d6,Licht_hinten_01,LH_Nebel_li_def,20,1,True,False,1.0,0.0,,116649,0,0,0,False
vw_meb.dbc,0,0x3d6,Licht_hinten_01,LH_Nebel_mi_def,50,1,True,False,1.0,0.0,,116649,0,0,0,False
vw_meb.dbc,0,0x3d6,Licht_hinten_01,LH_Nebel_re_def,36,1,True,False,1.0,0.0,,116649,0,0,0,False
vw_meb.dbc,0,0x3d6,Licht_hinten_01,LH_Nebelschluss_aktiv,12,1,True,False,1.0,0.0,,116649,0,0,0,False
vw_meb.dbc,0,0x3d6,Licht_hinten_01,LH_Parklicht_HL_aktiv,9,1,True,False,1.0,0.0,,116649,0,0,0,False
vw_meb.dbc,0,0x3d6,Licht_hinten_01,LH_Parklicht_HR_aktiv,10,1,True,False,1.0,0.0,,116649,0,0,0,False
vw_meb.dbc,0,0x3d6,Licht_hinten_01,LH_Rueckf_li_def,19,1,True,False,1.0,0.0,,116649,0,0,0,False
vw_meb.dbc,0,0x3d6,Licht_hinten_01,LH_Rueckf_mi_def,51,1,True,False,1.0,0.0,,116649,0,0,0,False
vw_meb.dbc,0,0x3d6,Licht_hinten_01,LH_Rueckf_re_def,35,1,True,False,1.0,0.0,,116649,0,0,0,False
vw_meb.dbc,0,0x3d6,Licht_hinten_01,LH_Rueckfahrlicht_aktiv,13,1,True,False,1.0,0.0,,116649,0,0,0,False
vw_meb.dbc,0,0x3d6,Licht_hinten_01,LH_SL_BRL_BLK_li_def,26,1,True,False,1.0,0.0,,116649,0,0,0,False
vw_meb.dbc,0,0x3d6,Licht_hinten_01,LH_SL_BRL_BLK_re_def,42,1,True,False,1.0,0.0,,116649,0,0,0,False
vw_meb.dbc,0,0x3d6,Licht_hinten_01,LH_Schluss_Brems_Nebel_li_def,21,1,True,False,1.0,0.0,,116649,0,0,0,False
vw_meb.dbc,0,0x3d6,Licht_hinten_01,LH_Schluss_Brems_Nebel_re_def,22,1,True,False,1.0,0.0,,116649,0,0,0,False
vw_meb.dbc,0,0x3d6,Licht_hinten_01,LH_Schluss_Brems_li_def,24,1,True,False,1.0,0.0,,116649,0,0,0,False
vw_meb.dbc,0,0x3d6,Licht_hinten_01,LH_Schluss_Brems_mi_def,37,1,True,False,1.0,0.0,,116649,0,0,0,False
vw_meb.dbc,0,0x3d6,Licht_hinten_01,LH_Schluss_Brems_re_def,40,1,True,False,1.0,0.0,,116649,0,0,0,False
vw_meb.dbc,0,0x3d6,Licht_hinten_01,LH_Schluss_Nebel_li_def,25,1,True,False,1.0,0.0,,116649,0,0,0,False
vw_meb.dbc,0,0x3d6,Licht_hinten_01,LH_Schluss_Nebel_re_def,41,1,True,False,1.0,0.0,,116649,0,0,0,False
vw_meb.dbc,0,0x3d6,Licht_hinten_01,LH_Schlusslicht_li_def,18,1,True,False,1.0,0.0,,116649,0,0,0,False
vw_meb.dbc,0,0x3d6,Licht_hinten_01,LH_Schlusslicht_mi_def,52,1,True,False,1.0,0.0,,116649,0,0,0,False
vw_meb.dbc,0,0x3d6,Licht_hinten_01,LH_Schlusslicht_re_def,34,1,True,False,1.0,0.0,,116649,0,0,0,False
vw_meb.dbc,0,0x3d6,Licht_hinten_01,LH_Standlicht_H_aktiv,8,1,True,False,1.0,0.0,,116649,0,0,0,False
vw_meb.dbc,0,0x3d6,Licht_hinten_01,LH_Zusatzschlussl_def,23,1,True,False,1.0,0.0,,116649,0,0,0,False
vw_meb.dbc,0,0x3db,Gateway_72,AAG_Anhaenger_erkannt,28,1,True,False,1.0,0.0,,116982,0,0,0,False
vw_meb.dbc,0,0x3db,Gateway_72,Anhaenger_01_alt,4,1,True,False,1.0,0.0,,116982,0,0,0,False
vw_meb.dbc,0,0x3db,Gateway_72,BCM1_Aussen_Temp_ungef,56,8,True,False,0.5,-50.0,Unit_DegreCelsi,116982,0,0,0,False
vw_meb.dbc,0,0x3db,Gateway_72,BCM1_MH_Schalter,29,1,True,False,1.0,0.0,,116982,0,0,0,False
vw_meb.dbc,0,0x3db,Gateway_72,BCM1_OBD_FStatus_ATemp,52,4,True,False,1.0,0.0,,116982,0,0,0,False
vw_meb.dbc,0,0x3db,Gateway_72,BCM1_RFahrlicht_Ahg_Anf,39,1,True,False,1.0,0.0,,116982,0,0,0,False
vw_meb.dbc,0,0x3db,Gateway_72,BCM1_RFahrlicht_Fzg_Anf,38,1,True,False,1.0,0.0,,116982,0,0,0,False
vw_meb.dbc,0,0x3db,Gateway_72,BCM1_Rueckfahrlicht_Schalter,25,1,True,False,1.0,0.0,,116982,0,0,0,False
vw_meb.dbc,0,0x3db,Gateway_72,BCM_01_alt,0,1,True,False,1.0,0.0,,116982,0,0,0,False
vw_meb.dbc,0,0x3db,Gateway_72,BH_Blinker_li,50,1,True,False,1.0,0.0,,116982,0,0,0,False
vw_meb.dbc,0,0x3db,Gateway_72,BH_Blinker_re,51,1,True,False,1.0,0.0,,116982,0,0,0,False
vw_meb.dbc,0,0x3db,Gateway_72,BH_Fernlicht,49,1,True,False,1.0,0.0,,116982,0,0,0,False
vw_meb.dbc,0,0x3db,Gateway_72,KL_Thermomanagement,32,2,True,False,1.0,0.0,,116982,0,0,0,False
vw_meb.dbc,0,0x3db,Gateway_72,Klima_01_alt,7,1,True,False,1.0,0.0,,116982,0,0,0,False
vw_meb.dbc,0,0x3db,Gateway_72,Klima_Sensor_02_alt,5,1,True,False,1.0,0.0,,116982,0,0,0,False
vw_meb.dbc,0,0x3db,Gateway_72,Licht_Anf_01_alt,9,1,True,False,1.0,0.0,,116982,0,0,0,False
vw_meb.dbc,0,0x3db,Gateway_72,SMLS_01_alt,1,1,True,False,1.0,0.0,,116982,0,0,0,False
vw_meb.dbc,0,0x3db,Gateway_72,VSG_01_alt,6,1,True,False,1.0,0.0,,116982,0,0,0,False
vw_meb.dbc,0,0x3db,Gateway_72,VS_VD_offen_ver,22,1,True,False,1.0,0.0,,116982,0,0,0,False
vw_meb.dbc,0,0x3db,Gateway_72,VS_VD_zu_ver,23,1,True,False,1.0,0.0,,116982,0,0,0,False
vw_meb.dbc,0,0x3db,Gateway_72,WFS_01_alt,8,1,True,False,1.0,0.0,,116982,0,0,0,False
vw_meb.dbc,0,0x3db,Gateway_72,WFS_Schluessel_Fahrberecht,34,4,True,False,1.0,0.0,,116982,0,0,0,False
vw_meb.dbc,0,0x3db,Gateway_72,Waschen_vorne_aktiv,31,1,True,False,1.0,0.0,,116982,0,0,0,False
vw_meb.dbc,0,0x3db,Gateway_72,Wischer_01_alt,3,1,True,False,1.0,0.0,,116982,0,0,0,False
vw_meb.dbc,0,0x3db,Gateway_72,Wischer_vorne_aktiv,27,1,True,False,1.0,0.0,,116982,0,0,0,False
vw_meb.dbc,0,0x3db,Gateway_72,ZV_02_alt,2,1,True,False,1.0,0.0,,116982,0,0,0,False
vw_meb.dbc,0,0x3db,Gateway_72,ZV_BT_offen,24,1,True,False,1.0,0.0,,116982,0,0,0,False
vw_meb.dbc,0,0x3db,Gateway_72,ZV_FT_offen,26,1,True,False,1.0,0.0,,116982,0,0,0,False
vw_meb.dbc,0,0x3db,Gateway_72,ZV_HBFS_offen,21,1,True,False,1.0,0.0,,116982,0,0,0,False
vw_meb.dbc,0,0x3db,Gateway_72,ZV_HD_offen,30,1,True,False,1.0,0.0,,116982,0,0,0,False
vw_meb.dbc,0,0x3db,Gateway_72,ZV_HFS_offen,20,1,True,False,1.0,0.0,,116982,0,0,0,False
vw_meb.dbc,0,0x3dc,Gateway_73,EPB_Status,53,3,True,False,1.0,0.0,,233343,0,0,0,False
vw_meb.dbc,0,0x3dc,Gateway_73,GE_Fahrstufe,40,4,True,False,1.0,0.0,,233343,0,41,0,False
vw_meb.dbc,0,0x3dc,Gateway_73,UNKNOWN_1,15,2,False,False,1.0,0.0,,233343,0,0,0,False
vw_meb.dbc,0,0x3dc,Gateway_73,UNKNOWN_2,58,3,False,False,1.0,0.0,,233343,0,0,0,False
vw_meb.dbc,0,0x3e5,TSG_FT_02,FS_Push_Tuergriff,36,1,True,False,1.0,0.0,,116680,0,0,0,False
vw_meb.dbc,0,0x3e5,TSG_FT_02,FT_BFS_Tuer_Status,17,2,True,False,1.0,0.0,,116680,0,116680,0,False
vw_meb.dbc,0,0x3e5,TSG_FT_02,FT_HBFS_Tuer_Status,19,2,True,False,1.0,0.0,,116680,0,116680,0,False
vw_meb.dbc,0,0x3e5,TSG_FT_02,FT_HFS_Tuer_Status,21,2,True,False,1.0,0.0,,116680,0,116680,0,False
vw_meb.dbc,0,0x3e5,TSG_FT_02,FT_Kisi_Taster_li_02,25,1,True,False,1.0,0.0,,116680,0,0,0,False
vw_meb.dbc,0,0x3e5,TSG_FT_02,FT_Kisi_Taster_re_02,26,1,True,False,1.0,0.0,,116680,0,0,0,False
vw_meb.dbc,0,0x3e5,TSG_FT_02,FT_Lock_Taster_02,15,1,True,False,1.0,0.0,,116680,0,0,0,False
vw_meb.dbc,0,0x3e5,TSG_FT_02,FT_SP_Heizung_ein,24,1,True,False,1.0,0.0,,116680,0,0,0,False
vw_meb.dbc,0,0x3e5,TSG_FT_02,FT_Schluesselschalter_zu_02,16,1,True,False,1.0,0.0,,116680,0,0,0,False
vw_meb.dbc,0,0x3e5,TSG_FT_02,FT_TCR_Mode_aktiv,29,1,True,False,1.0,0.0,,116680,0,0,0,False
vw_meb.dbc,0,0x3e5,TSG_FT_02,FT_TD_Taste_Status,27,2,True,False,1.0,0.0,,116680,0,116680,0,False
vw_meb.dbc,0,0x3e5,TSG_FT_02,FT_Tuer_Status,12,2,True,False,1.0,0.0,,116680,0,0,0,False
vw_meb.dbc,0,0x3e5,TSG_FT_02,FT_Tuer_Status_QBit,14,1,True,False,1.0,0.0,,116680,0,0,0,False
vw_meb.dbc,0,0x3e5,TSG_FT_02,FT_Tueroeffnen_Warnung,23,1,True,False,1.0,0.0,,116680,0,0,0,False
vw_meb.dbc,0,0x3e5,TSG_FT_02,TSG_FT_02_BZ,8,4,True,False,1.0,0.0,,116680,0,0,0,False
vw_meb.dbc,0,0x3e5,TSG_FT_02,TSG_FT_02_CRC,0,8,True,False,1.0,0.0,,116680,0,0,0,False
vw_meb.dbc,0,0x3ec,MEB_TSK_01,TSK_State,53,3,True,False,1.0,0.0,,58409,0,6495,0,False
vw_meb.dbc,0,0x40,Airbag_01,AB_Anzeige_Fussg,34,2,True,False,1.0,0.0,,291491,0,0,0,False
vw_meb.dbc,0,0x40,Airbag_01,AB_Belegung_VF,47,2,True,False,1.0,0.0,,291491,0,0,0,False
vw_meb.dbc,0,0x40,Airbag_01,AB_Crash_Int,21,3,True,False,1.0,0.0,,291491,0,0,0,False
vw_meb.dbc,0,0x40,Airbag_01,AB_Deaktiviert,25,1,True,False,1.0,0.0,,291491,0,0,0,False
vw_meb.dbc,0,0x40,Airbag_01,AB_Deaktivierung_HV,42,3,True,False,1.0,0.0,,291491,0,0,0,False
vw_meb.dbc,0,0x40,Airbag_01,AB_Diagnose,28,1,True,False,1.0,0.0,,291491,0,0,0,False
vw_meb.dbc,0,0x40,Airbag_01,AB_EDR_Trigger,45,2,True,False,1.0,0.0,,291491,0,0,0,False
vw_meb.dbc,0,0x40,Airbag_01,AB_Erh_Auf_VB,30,2,True,False,1.0,0.0,,291491,0,0,0,False
vw_meb.dbc,0,0x40,Airbag_01,AB_Front_Crash,16,1,True,False,1.0,0.0,,291491,0,0,0,False
vw_meb.dbc,0,0x40,Airbag_01,AB_Gurtwarn_VB,33,1,True,False,1.0,0.0,,291491,0,0,0,False
vw_meb.dbc,0,0x40,Airbag_01,AB_Gurtwarn_VF,32,1,True,False,1.0,0.0,,291491,0,0,0,False
vw_meb.dbc,0,0x40,Airbag_01,AB_Heck_Crash,17,1,True,False,1.0,0.0,,291491,0,0,0,False
vw_meb.dbc,0,0x40,Airbag_01,AB_Lampe,24,1,True,False,1.0,0.0,,291491,0,0,0,False
vw_meb.dbc,0,0x40,Airbag_01,AB_MKB_Anforderung,40,1,True,False,1.0,0.0,,291491,0,0,0,False
vw_meb.dbc,0,0x40,Airbag_01,AB_MKB_gueltig,39,1,True,False,1.0,0.0,,291491,0,0,0,False
vw_meb.dbc,0,0x40,Airbag_01,AB_RGS_Anst,12,4,True,False,1.0,0.0,,291491,0,0,0,False
vw_meb.dbc,0,0x40,Airbag_01,AB_Rollover_Crash,20,1,True,False,1.0,0.0,,291491,0,0,0,False
vw_meb.dbc,0,0x40,Airbag_01,AB_SB_Crash,19,1,True,False,1.0,0.0,,291491,0,0,0,False
vw_meb.dbc,0,0x40,Airbag_01,AB_SF_Crash,18,1,True,False,1.0,0.0,,291491,0,0,0,False
vw_meb.dbc,0,0x40,Airbag_01,AB_Stellgliedtest,29,1,True,False,1.0,0.0,,291491,0,0,0,False
vw_meb.dbc,0,0x40,Airbag_01,AB_Systemfehler,27,1,True,False,1.0,0.0,,291491,0,291491,0,False
vw_meb.dbc,0,0x40,Airbag_01,AB_Texte_AKS,36,2,True,False,1.0,0.0,,291491,0,0,0,False
vw_meb.dbc,0,0x40,Airbag_01,AB_VB_deaktiviert,26,1,True,False,1.0,0.0,,291491,0,0,0,False
vw_meb.dbc,0,0x40,Airbag_01,AB_Versorgungsspannung,41,1,True,False,1.0,0.0,,291491,0,0,0,False
vw_meb.dbc,0,0x40,Airbag_01,Airbag_01_BZ,8,4,True,False,1.0,0.0,,291491,0,0,0,False
vw_meb.dbc,0,0x40,Airbag_01,Airbag_01_CRC,0,8,True,False,1.0,0.0,,291491,0,0,0,False
vw_meb.dbc,0,0x40,Airbag_01,SC_LowSpeedCrashErkannt,55,2,True,False,1.0,0.0,,291491,0,0,0,False
vw_meb.dbc,0,0x40,Airbag_01,SC_Masterzeit,57,7,True,False,0.04,0.0,Unit_Secon,291491,0,1151,1151,False
vw_meb.dbc,0,0x40,Airbag_01,SC_Masterzeit_Offset,53,2,True,False,5.08,0.0,Unit_Secon,291491,0,0,0,False
vw_meb.dbc,0,0x464,PSD_06,PSD_06_Mux,0,3,True,False,1.0,0.0,,77740,0,77740,0,False
vw_meb.dbc,0,0x464,PSD_06,PSD_Sys_Alter_Karte,23,3,True,False,1.0,0.0,,77740,0,0,0,False
vw_meb.dbc,0,0x464,PSD_06,PSD_Sys_Geometrieguete,19,2,True,False,1.0,0.0,,77740,0,0,0,False
vw_meb.dbc,0,0x464,PSD_06,PSD_Sys_Geometrieguete_erweitert,40,8,True,False,1.0,0.0,,77740,0,77740,0,False
vw_meb.dbc,0,0x464,PSD_06,PSD_Sys_Geschwindigkeit_Einheit,17,1,True,False,1.0,0.0,,77740,0,0,0,False
vw_meb.dbc,0,0x464,PSD_06,PSD_Sys_Laendercode,9,8,True,False,1.0,0.0,,77740,0,0,0,False
vw_meb.dbc,0,0x464,PSD_06,PSD_Sys_Mapmatchingguete,21,2,True,False,1.0,0.0,,77740,0,0,0,False
vw_meb.dbc,0,0x464,PSD_06,PSD_Sys_Quali_Geometrien,33,3,True,False,1.0,0.0,Unit_None,77740,0,0,0,False
vw_meb.dbc,0,0x464,PSD_06,PSD_Sys_Quali_Ortsinfo,36,2,True,False,1.0,0.0,Unit_None,77740,0,0,0,False
vw_meb.dbc,0,0x464,PSD_06,PSD_Sys_Quali_Steigungen,51,3,True,False,1.0,0.0,,77740,0,0,0,False
vw_meb.dbc,0,0x464,PSD_06,PSD_Sys_Quali_Strassenkennz,54,3,True,False,1.0,0.0,Unit_None,77740,0,0,0,False
vw_meb.dbc,0,0x464,PSD_06,PSD_Sys_Quali_Tempolimits,57,3,True,False,1.0,0.0,Unit_None,77740,0,0,0,False
vw_meb.dbc,0,0x464,PSD_06,PSD_Sys_Quali_Vorfahrtsregelung,60,3,True,False,1.0,0.0,Unit_None,77740,0,0,0,False
vw_meb.dbc,0,0x464,PSD_06,PSD_Sys_Quali_sonstige_Attribute,48,3,True,False,1.0,0.0,Unit_None,77740,0,0,0,False
vw_meb.dbc,0,0x464,PSD_06,PSD_Sys_Quali_verfuegbar,38,1,True,False,1.0,0.0,,77740,0,0,0,False
vw_meb.dbc,0,0x464,PSD_06,PSD_Sys_Segment_ID,3,6,True,False,1.0,0.0,,77740,0,0,77740,False
vw_meb.dbc,0,0x464,PSD_06,PSD_Sys_US_State,27,6,True,False,1.0,0.0,,77740,0,0,0,False
vw_meb.dbc,0,0x464,PSD_06,PSD_Sys_Verkehrsrichtung,18,1,True,False,1.0,0.0,,77740,0,0,0,False
vw_meb.dbc,0,0x464,PSD_06,PSD_Sys_Zielfuehrung,26,1,True,False,1.0,0.0,,77740,0,0,0,False
vw_meb.dbc,0,0x464,PSD_06,PSD_Sys_Zielfuehrung_geaendert,39,1,True,False,1.0,0.0,,77740,0,0,0,False
vw_meb.dbc,0,0x481,MainUnit_01,DSSS_Warning,16,5,True,False,1.0,0.0,,23324,0,0,0,False
vw_meb.dbc,0,0x481,MainUnit_01,MIB_Tongenerator_PH_verfuegbar,9,3,True,False,1.0,0.0,,23324,0,0,0,False
vw_meb.dbc,0,0x481,MainUnit_01,MMI_Counter_Bedienevent,12,4,True,False,1.0,0.0,,23324,0,0,0,False
vw_meb.dbc,0,0x481,MainUnit_01,MMI_Gauges_active,31,1,True,False,1.0,0.0,,23324,0,0,0,False
vw_meb.dbc,0,0x481,MainUnit_01,MMI_Gurt_Mic_ref,28,1,True,False,1.0,0.0,,23324,0,0,0,False
vw_meb.dbc,0,0x481,MainUnit_01,MMI_SDS_aktiv,23,1,True,False,1.0,0.0,,23324,0,0,0,False
vw_meb.dbc,0,0x481,MainUnit_01,MMI_StartStopp_Info,46,2,True,False,1.0,0.0,,23324,0,0,0,False
vw_meb.dbc,0,0x481,MainUnit_01,MMI_Telefon_aktiv,27,1,True,False,1.0,0.0,,23324,0,0,0,False
vw_meb.dbc,0,0x481,MainUnit_01,MU_SecondDisplay,24,3,True,False,1.0,0.0,,23324,0,23324,0,False
vw_meb.dbc,0,0x481,MainUnit_01,MU_Update_Time,32,8,True,False,0.1,0.0,Unit_Hours,23324,0,0,0,False
vw_meb.dbc,0,0x481,MainUnit_01,Nav_FoD_Status,4,3,True,False,1.0,0.0,,23324,0,75,0,False
vw_meb.dbc,0,0x481,MainUnit_01,ZR_Kindersicherung_RSE,21,1,True,False,1.0,0.0,,23324,0,0,0,False
vw_meb.dbc,0,0x481,MainUnit_01,ZR_LAPP_Sondermodus_Status,44,2,True,False,1.0,0.0,,23324,0,0,0,False
vw_meb.dbc,0,0x481,MainUnit_01,ZR_LoGeWa_Event_Kombiwarnung,0,4,True,False,1.0,0.0,,23324,0,23324,0,False
vw_meb.dbc,0,0x481,MainUnit_01,ZR_MXB_Manoever_Ansage,42,2,True,False,1.0,0.0,,23324,0,0,0,False
vw_meb.dbc,0,0x481,MainUnit_01,ZR_Parken_Sondermodus,48,4,True,False,1.0,0.0,,23324,0,23324,0,False
vw_meb.dbc,0,0x481,MainUnit_01,ZR_RSE_aktivieren,22,1,True,False,1.0,0.0,,23324,0,0,0,False
vw_meb.dbc,0,0x481,MainUnit_01,ZR_Rundenbewertung,52,4,True,False,1.0,0.0,,23324,0,0,0,False
vw_meb.dbc,0,0x481,MainUnit_01,ZR_Rundenfortschritt,56,8,True,False,0.5,0.0,Unit_PerCent,23324,0,0,0,False
vw_meb.dbc,0,0x481,MainUnit_01,ZR_Sta_Inszenierung,29,2,True,False,1.0,0.0,,23324,0,23324,0,False
vw_meb.dbc,0,0x48b,BEM_06,CHK,8,4,True,False,1.0,0.0,,116640,0,0,0,False
vw_meb.dbc,0,0x48b,BEM_06,CRC,0,8,True,False,1.0,0.0,,116640,0,0,0,False
vw_meb.dbc,0,0x497,Parkhilfe_01,PDC_Tonausgabe_Front,4,4,True,False,1.0,0.0,,4289,0,0,0,False
vw_meb.dbc,0,0x497,Parkhilfe_01,PDC_Tonausgabe_Heck,8,4,True,False,1.0,0.0,,4289,0,0,0,False
vw_meb.dbc,0,0x497,Parkhilfe_01,PH_Abschaltursache,13,3,True,False,1.0,0.0,,4289,0,0,0,False
vw_meb.dbc,0,0x497,Parkhilfe_01,PH_Anf_Audioabsenkung,23,1,True,False,1.0,0.0,,4289,0,0,0,False
vw_meb.dbc,0,0x497,Parkhilfe_01,PH_Anf_Verdeck,30,2,True,False,1.0,0.0,,4289,0,0,0,False
vw_meb.dbc,0,0x497,Parkhilfe_01,PH_Display_Kundenwunsch,61,2,True,False,1.0,0.0,,4289,0,0,0,False
vw_meb.dbc,0,0x497,Parkhilfe_01,PH_Frequenz_hinten,32,4,True,False,1.0,0.0,,4289,0,0,0,False
vw_meb.dbc,0,0x497,Parkhilfe_01,PH_Frequenz_vorn,40,4,True,False,1.0,0.0,,4289,0,0,0,False
vw_meb.dbc,0,0x497,Parkhilfe_01,PH_Lautstaerke_hinten,36,4,True,False,1.0,0.0,,4289,0,0,0,False
vw_meb.dbc,0,0x497,Parkhilfe_01,PH_Lautstaerke_vorn,44,4,True,False,1.0,0.0,,4289,0,0,0,False
vw_meb.dbc,0,0x497,Parkhilfe_01,PH_Opt_Anz_H_Hindernis,19,1,True,False,1.0,0.0,,4289,0,0,0,False
vw_meb.dbc,0,0x497,Parkhilfe_01,PH_Opt_Anz_V_Hindernis,18,1,True,False,1.0,0.0,,4289,0,0,0,False
vw_meb.dbc,0,0x497,Parkhilfe_01,PH_Opt_Anzeige_H_ein,17,1,True,False,1.0,0.0,,4289,0,0,0,False
vw_meb.dbc,0,0x497,Parkhilfe_01,PH_Opt_Anzeige_V_ein,16,1,True,False,1.0,0.0,,4289,0,0,0,False
vw_meb.dbc,0,0x497,Parkhilfe_01,PH_StartStopp_Info,49,2,True,False,1.0,0.0,,4289,0,0,0,False
vw_meb.dbc,0,0x497,Parkhilfe_01,PH_Stoermeldung,52,4,True,False,1.0,0.0,,4289,0,0,0,False
vw_meb.dbc,0,0x497,Parkhilfe_01,PH_Systemzustand,58,3,True,False,1.0,0.0,,4289,0,0,0,False
vw_meb.dbc,0,0x497,Parkhilfe_01,PH_Taster,28,2,True,False,1.0,0.0,,4289,0,0,0,False
vw_meb.dbc,0,0x497,Parkhilfe_01,PH_Tongeber_H_aktiv,21,1,True,False,1.0,0.0,,4289,0,0,0,False
vw_meb.dbc,0,0x497,Parkhilfe_01,PH_Tongeber_H_verfuegbar,24,1,True,False,1.0,0.0,,4289,0,0,0,False
vw_meb.dbc,0,0x497,Parkhilfe_01,PH_Tongeber_V_aktiv,20,1,True,False,1.0,0.0,,4289,0,0,0,False
vw_meb.dbc,0,0x497,Parkhilfe_01,PH_Tongeber_mute,22,1,True,False,1.0,0.0,,4289,0,0,0,False
vw_meb.dbc,0,0x497,Parkhilfe_01,PH_Visualisierung,0,3,True,False,1.0,0.0,,4289,0,4289,0,False
vw_meb.dbc,0,0x497,Parkhilfe_01,PH_defekt,56,1,True,False,1.0,0.0,,4289,0,0,0,False
vw_meb.dbc,0,0x497,Parkhilfe_01,PH_gestoert,57,1,True,False,1.0,0.0,,4289,0,0,0,False
vw_meb.dbc,0,0x497,Parkhilfe_01,PH_nachtr_Stopp_Anf,12,1,True,False,1.0,0.0,,4289,0,0,0,False
vw_meb.dbc,0,0x497,Parkhilfe_01,PLA_Anf_Aufschaltung_RVC,25,1,True,False,1.0,0.0,,4289,0,0,0,False
vw_meb.dbc,0,0x520,Airbag_02,AB_Abschaltanf_SIH_BF,28,1,True,False,1.0,0.0,,58337,0,0,0,False
vw_meb.dbc,0,0x520,Airbag_02,AB_Anforderung_USM,39,1,True,False,1.0,0.0,,58337,0,0,0,False
vw_meb.dbc,0,0x520,Airbag_02,AB_Anforderung_eCall,16,1,True,False,1.0,0.0,,58337,0,0,0,False
vw_meb.dbc,0,0x520,Airbag_02,AB_Anprall_FGS,19,1,True,False,1.0,0.0,,58337,0,0,0,False
vw_meb.dbc,0,0x520,Airbag_02,AB_Anprall_Front_Beifahrer,20,1,True,False,1.0,0.0,,58337,0,0,0,False
vw_meb.dbc,0,0x520,Airbag_02,AB_Anprall_Front_Fahrer,21,1,True,False,1.0,0.0,,58337,0,0,0,False
vw_meb.dbc,0,0x520,Airbag_02,AB_Anprall_Heck_Beifahrer,22,1,True,False,1.0,0.0,,58337,0,0,0,False
vw_meb.dbc,0,0x520,Airbag_02,AB_Anprall_Heck_Fahrer,23,1,True,False,1.0,0.0,,58337,0,0,0,False
vw_meb.dbc,0,0x520,Airbag_02,AB_Anprall_Rollover,18,1,True,False,1.0,0.0,,58337,0,0,0,False
vw_meb.dbc,0,0x520,Airbag_02,AB_Anprall_Seite_Beifahrer,17,1,True,False,1.0,0.0,,58337,0,0,0,False
vw_meb.dbc,0,0x520,Airbag_02,AB_Anprall_Seite_Fahrer,29,1,True,False,1.0,0.0,,58337,0,0,0,False
vw_meb.dbc,0,0x520,Airbag_02,AB_Belegung_VB,26,2,True,False,1.0,0.0,,58337,0,0,0,False
vw_meb.dbc,0,0x520,Airbag_02,AB_Crashschwere,36,3,True,False,1.0,0.0,,58337,0,0,0,False
vw_meb.dbc,0,0x520,Airbag_02,AB_Gurtschloss_BF,42,2,True,False,1.0,0.0,,58337,0,30,0,False
vw_meb.dbc,0,0x520,Airbag_02,AB_Gurtschloss_FA,40,2,True,False,1.0,0.0,,58337,0,23,0,False
vw_meb.dbc,0,0x520,Airbag_02,AB_Gurtschloss_Reihe2_BF,48,2,True,False,1.0,0.0,,58337,0,37,0,False
vw_meb.dbc,0,0x520,Airbag_02,AB_Gurtschloss_Reihe2_FA,44,2,True,False,1.0,0.0,,58337,0,23,0,False
vw_meb.dbc,0,0x520,Airbag_02,AB_Gurtschloss_Reihe2_MI,46,2,True,False,1.0,0.0,,58337,0,30,0,False
vw_meb.dbc,0,0x520,Airbag_02,AB_Gurtschloss_Reihe3_BF,54,2,True,False,1.0,0.0,,58337,0,7,0,False
vw_meb.dbc,0,0x520,Airbag_02,AB_Gurtschloss_Reihe3_FA,50,2,True,False,1.0,0.0,,58337,0,7,0,False
vw_meb.dbc,0,0x520,Airbag_02,AB_Gurtschloss_Reihe3_MI,52,2,True,False,1.0,0.0,,58337,0,7,0,False
vw_meb.dbc,0,0x520,Airbag_02,AB_Sitzpos_Sens_BF,58,2,True,False,1.0,0.0,,58337,0,0,0,False
vw_meb.dbc,0,0x520,Airbag_02,AB_Sitzpos_Sens_FA,56,2,True,False,1.0,0.0,,58337,0,0,0,False
vw_meb.dbc,0,0x520,Airbag_02,AB_Wickelklappung_Reihe2_BF,60,2,True,False,1.0,0.0,,58337,0,0,0,False
vw_meb.dbc,0,0x520,Airbag_02,AB_Wickelklappung_Reihe2_FA,62,2,True,False,1.0,0.0,,58337,0,0,0,False
vw_meb.dbc,0,0x520,Airbag_02,AB_Wickelklappung_Reihe2_MI,24,2,True,False,1.0,0.0,,58337,0,0,0,False
vw_meb.dbc,0,0x520,Airbag_02,LoGeWa_Event_Kombiwarnung,12,4,True,False,1.0,0.0,,58337,0,58337,0,False
vw_meb.dbc,0,0x520,Airbag_02,SC_PAO_OFF_Anf,34,2,True,False,1.0,0.0,,58337,0,0,0,False
vw_meb.dbc,0,0x520,Airbag_02,SC_PAO_ON_Anf,32,2,True,False,1.0,0.0,,58337,0,0,0,False
vw_meb.dbc,0,0x520,Airbag_02,SC_PAO_Schriftzug_Anf,30,2,True,False,1.0,0.0,,58337,0,0,0,False
vw_meb.dbc,0,0x54b,Parkhilfe_04,BCM_WAH_Meldung,55,3,True,False,1.0,0.0,,859,0,859,0,False
vw_meb.dbc,0,0x54b,Parkhilfe_04,PDC_Charisma_FahrPr,60,4,True,False,1.0,0.0,,859,0,0,0,False
vw_meb.dbc,0,0x54b,Parkhilfe_04,PDC_Charisma_Status,58,2,True,False,1.0,0.0,,859,0,859,0,False
vw_meb.dbc,0,0x54b,Parkhilfe_04,PH_Aufschaltursache,16,5,True,False,1.0,0.0,,859,0,0,0,False
vw_meb.dbc,0,0x54b,Parkhilfe_04,PH_Ton_Ausgabe,21,3,True,False,1.0,0.0,,859,0,859,0,False
vw_meb.dbc,0,0x54b,Parkhilfe_04,PH_Ton_Lautstaerke,52,3,True,False,1.0,0.0,,859,0,0,0,False
vw_meb.dbc,0,0x54b,Parkhilfe_04,PH_Ton_Pausenlaenge,24,8,True,False,1.0,0.0,,859,0,859,0,False
vw_meb.dbc,0,0x54b,Parkhilfe_04,PH_Ton_Richtung,49,3,True,False,1.0,0.0,,859,0,0,0,False
vw_meb.dbc,0,0x54b,Parkhilfe_04,PH_Verschmutzungsmeldung,12,4,True,False,1.0,0.0,,859,0,0,0,False
vw_meb.dbc,0,0x551,WFS_01,WFS_Betrieb_Lesespule,21,1,True,False,1.0,0.0,,58356,0,0,0,False
vw_meb.dbc,0,0x551,WFS_01,WFS_ELV_authorisiert,19,1,True,False,1.0,0.0,,58356,0,0,0,False
vw_meb.dbc,0,0x551,WFS_01,WFS_Fahrerhinweise,34,2,True,False,1.0,0.0,,58356,0,0,0,False
vw_meb.dbc,0,0x551,WFS_01,WFS_ID_Geb_autorisiert,5,1,True,False,1.0,0.0,,58356,0,0,0,False
vw_meb.dbc,0,0x551,WFS_01,WFS_ID_Geb_autorisiert_in_Kl15,6,1,True,False,1.0,0.0,,58356,0,0,0,False
vw_meb.dbc,0,0x551,WFS_01,WFS_ID_Geb_steckt,7,1,True,False,1.0,0.0,,58356,0,0,0,False
vw_meb.dbc,0,0x551,WFS_01,WFS_Klemmenfreigabe,22,1,True,False,1.0,0.0,,58356,0,0,0,False
vw_meb.dbc,0,0x551,WFS_01,WFS_LF_Aktiv,20,1,True,False,1.0,0.0,,58356,0,0,0,False
vw_meb.dbc,0,0x551,WFS_01,WFS_LZ,17,2,True,False,1.0,0.0,,58356,0,0,0,False
vw_meb.dbc,0,0x551,WFS_01,WFS_Parken_Status,36,2,True,False,1.0,0.0,,58356,0,0,0,False
vw_meb.dbc,0,0x551,WFS_01,WFS_Safe,16,1,True,False,1.0,0.0,,58356,0,58356,0,False
vw_meb.dbc,0,0x551,WFS_01,WFS_Schluessel_Fahrberecht,0,4,True,False,1.0,0.0,,58356,0,0,0,False
vw_meb.dbc,0,0x551,WFS_01,WFS_Schluessel_Ist,12,4,True,False,1.0,0.0,,58356,0,0,0,False
vw_meb.dbc,0,0x551,WFS_01,WFS_Schluessel_Soll,8,4,True,False,1.0,0.0,,58356,0,0,0,False
vw_meb.dbc,0,0x583,ZV_02,BCM_FH_Freigabe,12,1,True,False,1.0,0.0,,58573,0,0,0,False
vw_meb.dbc,0,0x583,ZV_02,BCM_HSK_Freigabe,14,1,True,False,1.0,0.0,,58573,0,0,0,False
vw_meb.dbc,0,0x583,ZV_02,BCM_Komfortfkt_Freigabe,13,1,True,False,1.0,0.0,,58573,0,0,0,False
vw_meb.dbc,0,0x583,ZV_02,BCM_Tankklappensteller_Fehler,61,1,True,False,1.0,0.0,,58573,0,58573,0,False
vw_meb.dbc,0,0x583,ZV_02,BCM_Verdeck_Freigabe,15,1,True,False,1.0,0.0,,58573,0,0,0,False
vw_meb.dbc,0,0x583,ZV_02,DWA_aktiv,31,1,True,False,1.0,0.0,,58573,0,0,0,False
vw_meb.dbc,0,0x583,ZV_02,FBS_Warn_Schluessel_Batt,47,1,True,False,1.0,0.0,,58573,0,0,0,False
vw_meb.dbc,0,0x583,ZV_02,FFB_CarFinder,38,1,True,False,1.0,0.0,,58573,0,0,0,False
vw_meb.dbc,0,0x583,ZV_02,FFB_Komfortoeffnen,39,1,True,False,1.0,0.0,,58573,0,0,0,False
vw_meb.dbc,0,0x583,ZV_02,FFB_Komfortschliessen,40,1,True,False,1.0,0.0,,58573,0,0,0,False
vw_meb.dbc,0,0x583,ZV_02,HBFS_gesafet,53,1,True,False,1.0,0.0,,58573,0,0,0,False
vw_meb.dbc,0,0x583,ZV_02,HBFS_verriegelt,52,1,True,False,1.0,0.0,,58573,0,0,0,False
vw_meb.dbc,0,0x583,ZV_02,HD_Hauptraste,32,1,True,False,1.0,0.0,,58573,0,0,0,False
vw_meb.dbc,0,0x583,ZV_02,HD_Vorraste,33,1,True,False,1.0,0.0,,58573,0,0,0,False
vw_meb.dbc,0,0x583,ZV_02,HFS_gesafet,51,1,True,False,1.0,0.0,,58573,0,0,0,False
vw_meb.dbc,0,0x583,ZV_02,HFS_verriegelt,50,1,True,False,1.0,0.0,,58573,0,0,0,False
vw_meb.dbc,0,0x583,ZV_02,IRUE_Taster_Fkts_LED,55,1,True,False,1.0,0.0,,58573,0,0,0,False
vw_meb.dbc,0,0x583,ZV_02,IRUE_aktiv,30,1,True,False,1.0,0.0,,58573,0,0,0,False
vw_meb.dbc,0,0x583,ZV_02,ZV_BT_offen,25,1,True,False,1.0,0.0,,58573,0,0,0,False
vw_meb.dbc,0,0x583,ZV_02,ZV_Einzeltuerentriegelung,22,1,True,False,1.0,0.0,,58573,0,0,0,False
vw_meb.dbc,0,0x583,ZV_02,ZV_FT_offen,24,1,True,False,1.0,0.0,,58573,0,0,0,False
vw_meb.dbc,0,0x583,ZV_02,ZV_HBFS_offen,27,1,True,False,1.0,0.0,,58573,0,0,0,False
vw_meb.dbc,0,0x583,ZV_02,ZV_HD_offen,28,1,True,False,1.0,0.0,,58573,0,0,0,False
vw_meb.dbc,0,0x583,ZV_02,ZV_HFS_offen,26,1,True,False,1.0,0.0,,58573,0,0,0,False
vw_meb.dbc,0,0x583,ZV_02,ZV_HS_offen,29,1,True,False,1.0,0.0,,58573,0,0,0,False
vw_meb.dbc,0,0x583,ZV_02,ZV_Heckeinzelentriegelung,23,1,True,False,1.0,0.0,,58573,0,0,0,False
vw_meb.dbc,0,0x583,ZV_02,ZV_Oeffnungsmodus,48,2,True,False,1.0,0.0,,58573,0,0,0,False
vw_meb.dbc,0,0x583,ZV_02,ZV_Rollo_auf,57,1,True,False,1.0,0.0,,58573,0,0,0,False
vw_meb.dbc,0,0x583,ZV_02,ZV_Rollo_zu,58,1,True,False,1.0,0.0,,58573,0,0,0,False
vw_meb.dbc,0,0x583,ZV_02,ZV_SAD_auf,59,1,True,False,1.0,0.0,,58573,0,0,0,False
vw_meb.dbc,0,0x583,ZV_02,ZV_SAD_zu,60,1,True,False,1.0,0.0,,58573,0,0,0,False
vw_meb.dbc,0,0x583,ZV_02,ZV_SafeFunktion_aktiv,46,1,True,False,1.0,0.0,,58573,0,0,0,False
vw_meb.dbc,0,0x583,ZV_02,ZV_Schluessel_Zugang,42,4,True,False,1.0,0.0,,58573,0,0,0,False
vw_meb.dbc,0,0x583,ZV_02,ZV_Tankklappe_offen,56,1,True,False,1.0,0.0,,58573,0,0,0,False
vw_meb.dbc,0,0x583,ZV_02,ZV_gesafet_extern_ist,20,1,True,False,1.0,0.0,,58573,0,0,0,False
vw_meb.dbc,0,0x583,ZV_02,ZV_gesafet_extern_soll,21,1,True,False,1.0,0.0,,58573,0,0,0,False
vw_meb.dbc,0,0x583,ZV_02,ZV_ist_Zustand_verfuegbar,54,1,True,False,1.0,0.0,,58573,0,0,0,False
vw_meb.dbc,0,0x583,ZV_02,ZV_verriegelt_extern_ist,17,1,True,False,1.0,0.0,,58573,0,0,0,False
vw_meb.dbc,0,0x583,ZV_02,ZV_verriegelt_extern_soll,19,1,True,False,1.0,0.0,,58573,0,0,0,False
vw_meb.dbc,0,0x583,ZV_02,ZV_verriegelt_intern_ist,16,1,True,False,1.0,0.0,,58573,0,0,0,False
vw_meb.dbc,0,0x583,ZV_02,ZV_verriegelt_intern_soll,18,1,True,False,1.0,0.0,,58573,0,0,0,False
vw_meb.dbc,0,0x583,ZV_02,ZV_verriegelt_soll,62,2,True,False,1.0,0.0,,58573,0,0,0,False
vw_meb.dbc,0,0x585,Systeminfo_01,GW_KD_Fehler,13,1,True,False,1.0,0.0,,12261,0,12261,0,False
vw_meb.dbc,0,0x585,Systeminfo_01,SI_BUS_01,16,1,True,False,1.0,0.0,,12261,0,0,0,False
vw_meb.dbc,0,0x585,Systeminfo_01,SI_BUS_02,17,1,True,False,1.0,0.0,,12261,0,0,0,False
vw_meb.dbc,0,0x585,Systeminfo_01,SI_BUS_03,18,1,True,False,1.0,0.0,,12261,0,0,0,False
vw_meb.dbc,0,0x585,Systeminfo_01,SI_BUS_04,19,1,True,False,1.0,0.0,,12261,0,0,0,False
vw_meb.dbc,0,0x585,Systeminfo_01,SI_BUS_05,20,1,True,False,1.0,0.0,,12261,0,0,0,False
vw_meb.dbc,0,0x585,Systeminfo_01,SI_BUS_06,21,1,True,False,1.0,0.0,,12261,0,0,0,False
vw_meb.dbc,0,0x585,Systeminfo_01,SI_BUS_07,22,1,True,False,1.0,0.0,,12261,0,0,0,False
vw_meb.dbc,0,0x585,Systeminfo_01,SI_BUS_08,23,1,True,False,1.0,0.0,,12261,0,0,0,False
vw_meb.dbc,0,0x585,Systeminfo_01,SI_BUS_09,24,1,True,False,1.0,0.0,,12261,0,0,0,False
vw_meb.dbc,0,0x585,Systeminfo_01,SI_BUS_10,25,1,True,False,1.0,0.0,,12261,0,0,0,False
vw_meb.dbc,0,0x585,Systeminfo_01,SI_BUS_11,26,1,True,False,1.0,0.0,,12261,0,0,0,False
vw_meb.dbc,0,0x585,Systeminfo_01,SI_BUS_12,27,1,True,False,1.0,0.0,,12261,0,0,0,False
vw_meb.dbc,0,0x585,Systeminfo_01,SI_BUS_13,28,1,True,False,1.0,0.0,,12261,0,0,0,False
vw_meb.dbc,0,0x585,Systeminfo_01,SI_BUS_14,29,1,True,False,1.0,0.0,,12261,0,0,0,False
vw_meb.dbc,0,0x585,Systeminfo_01,SI_BUS_15,30,1,True,False,1.0,0.0,,12261,0,0,0,False
vw_meb.dbc,0,0x585,Systeminfo_01,SI_Bus_Identifikation,32,8,True,False,1.0,0.0,,12261,0,0,0,False
vw_meb.dbc,0,0x585,Systeminfo_01,SI_CAB,40,24,True,False,1.0,0.0,,12261,0,0,0,False
vw_meb.dbc,0,0x585,Systeminfo_01,SI_Diagnose_Aktiv,7,1,True,False,1.0,0.0,,12261,0,0,0,False
vw_meb.dbc,0,0x585,Systeminfo_01,SI_NWDF,10,1,True,False,1.0,0.0,,12261,0,0,0,False
vw_meb.dbc,0,0x585,Systeminfo_01,SI_NWDF_gueltig,11,1,True,False,1.0,0.0,,12261,0,0,0,False
vw_meb.dbc,0,0x585,Systeminfo_01,SI_QRS_Mode,8,1,True,False,1.0,0.0,,12261,0,0,0,False
vw_meb.dbc,0,0x585,Systeminfo_01,SI_Sammel_SG_Fehler,0,6,True,False,1.0,0.0,,12261,0,0,200,False
vw_meb.dbc,0,0x585,Systeminfo_01,SI_Sammelfehler,12,1,True,False,1.0,0.0,,12261,0,12261,0,False
vw_meb.dbc,0,0x585,Systeminfo_01,SI_T_Mode,9,1,True,False,1.0,0.0,,12261,0,0,0,False
vw_meb.dbc,0,0x585,Systeminfo_01,SI_T_Schutz,14,1,True,False,1.0,0.0,,12261,0,0,0,False
vw_meb.dbc,0,0x5a0,RLS_01,LS_Helligkeit_FW,8,10,True,False,6.0,0.0,Unit_Lux,58316,0,0,0,False
vw_meb.dbc,0,0x5a0,RLS_01,LS_Helligkeit_IR,0,8,True,False,400.0,0.0,Unit_Lux,58316,0,0,0,False
vw_meb.dbc,0,0x5a0,RLS_01,LS_Verbau,23,1,True,False,1.0,0.0,,58316,0,0,0,False
vw_meb.dbc,0,0x5a0,RLS_01,LS_defekt,22,1,True,False,1.0,0.0,,58316,0,0,0,False
vw_meb.dbc,0,0x5a0,RLS_01,RLS_Vorfeldhelligkeit_Boost,35,4,True,False,1.0,0.0,,58316,0,0,0,False
vw_meb.dbc,0,0x5a0,RLS_01,RS_Regenmenge,24,4,True,False,10.0,0.0,Unit_PerCent,58316,0,0,181,False
vw_meb.dbc,0,0x5a0,RLS_01,RS_Verbau,29,1,True,False,1.0,0.0,,58316,0,0,0,False
vw_meb.dbc,0,0x5a0,RLS_01,RS_Verglasung_schliessen,30,1,True,False,1.0,0.0,,58316,0,0,0,False
vw_meb.dbc,0,0x5a0,RLS_01,RS_Wischergeschwindigkeit,32,3,True,False,1.0,0.0,,58316,0,0,0,False
vw_meb.dbc,0,0x5a0,RLS_01,RS_defekt,31,1,True,False,1.0,0.0,,58316,0,0,0,False
vw_meb.dbc,0,0x5a7,TM_01,TM_Door_Lock,49,1,True,False,1.0,0.0,,11665,0,11665,0,False
vw_meb.dbc,0,0x5a7,TM_01,TM_Door_Unlock,50,1,True,False,1.0,0.0,,11665,0,11665,0,False
vw_meb.dbc,0,0x5a7,TM_01,TM_Nur_Hupen,48,1,True,False,1.0,0.0,,11665,0,0,0,False
vw_meb.dbc,0,0x5a7,TM_01,TM_Panik_Alarm,52,1,True,False,1.0,0.0,,11665,0,11665,0,False
vw_meb.dbc,0,0x5a7,TM_01,TM_Spiegel_Anklappen,47,1,True,False,1.0,0.0,,11665,0,11665,0,False
vw_meb.dbc,0,0x5a7,TM_01,TM_Warnblinken,51,1,True,False,1.0,0.0,,11665,0,11665,0,False
vw_meb.dbc,0,0x5a7,TM_01,TM_ZV_Signatur,53,11,True,False,1.0,0.0,Unit_None,11665,0,11665,11665,False
vw_meb.dbc,0,0x5f0,Dimmung_01,DI_Display_Nachtdesign,15,1,True,False,1.0,0.0,,58334,0,0,0,False
vw_meb.dbc,0,0x5f0,Dimmung_01,DI_Fotosensor,24,16,True,False,1.0,0.0,,58334,0,0,0,False
vw_meb.dbc,0,0x5f0,Dimmung_01,DI_KL_58xd,0,8,True,False,1.0,0.0,,58334,0,0,0,False
vw_meb.dbc,0,0x5f0,Dimmung_01,DI_KL_58xs,8,7,True,False,1.0,0.0,Unit_PerCent,58334,0,0,0,False
vw_meb.dbc,0,0x5f0,Dimmung_01,DI_KL_58xt,16,7,True,False,1.0,0.0,Unit_PerCent,58334,0,0,0,False
vw_meb.dbc,0,0x5f4,Innenlicht_11,AMB_Charisma_FahrPr,49,4,True,False,1.0,0.0,,23346,0,0,0,False
vw_meb.dbc,0,0x5f4,Innenlicht_11,AMB_Charisma_Status,53,2,True,False,1.0,0.0,,23346,0,23346,0,False
vw_meb.dbc,0,0x5f4,Innenlicht_11,BCM1_DI_Rampe_Innenlicht,40,1,True,False,1.0,0.0,,23346,0,0,0,False
vw_meb.dbc,0,0x5f4,Innenlicht_11,BCM1_DI_Rampe_Leselicht,41,1,True,False,1.0,0.0,,23346,0,0,0,False
vw_meb.dbc,0,0x5f4,Innenlicht_11,BCM1_Innenlicht_H,42,1,True,False,1.0,0.0,,23346,0,0,0,False
vw_meb.dbc,0,0x5f4,Innenlicht_11,BCM1_Innenlicht_V,43,1,True,False,1.0,0.0,,23346,0,0,0,False
vw_meb.dbc,0,0x5f4,Innenlicht_11,BCM1_Innenlicht_gedimmt_H,37,1,True,False,1.0,0.0,,23346,0,0,0,False
vw_meb.dbc,0,0x5f4,Innenlicht_11,BCM1_Innenlicht_gedimmt_V,36,1,True,False,1.0,0.0,,23346,0,0,0,False
vw_meb.dbc,0,0x5f4,Innenlicht_11,BCM1_Leselicht_Anf_hl,44,1,True,False,1.0,0.0,,23346,0,0,0,False
vw_meb.dbc,0,0x5f4,Innenlicht_11,BCM1_Leselicht_Anf_hr,45,1,True,False,1.0,0.0,,23346,0,0,0,False
vw_meb.dbc,0,0x5f4,Innenlicht_11,BCM1_Leselicht_Anf_vl,46,1,True,False,1.0,0.0,,23346,0,0,0,False
vw_meb.dbc,0,0x5f4,Innenlicht_11,BCM1_Leselicht_Anf_vr,47,1,True,False,1.0,0.0,,23346,0,0,0,False
vw_meb.dbc,0,0x5f4,Innenlicht_11,BCM1_Leuchten_Aus,48,1,True,False,1.0,0.0,,23346,0,0,0,False
vw_meb.dbc,0,0x5f4,Innenlicht_11,IL_Bel_BFS_Ausstieg,33,1,True,False,1.0,0.0,,23346,0,0,0,False
vw_meb.dbc,0,0x5f4,Innenlicht_11,IL_Bel_FS_Ausstieg,32,1,True,False,1.0,0.0,,23346,0,0,0,False
vw_meb.dbc,0,0x5f4,Innenlicht_11,IL_Bel_HBFS_Ausstieg,35,1,True,False,1.0,0.0,,23346,0,0,0,False
vw_meb.dbc,0,0x5f4,Innenlicht_11,IL_Bel_HFS_Ausstieg,34,1,True,False,1.0,0.0,,23346,0,0,0,False
vw_meb.dbc,0,0x5f4,Innenlicht_11,IL_Dimmung_H_Tuerkontur,8,8,True,False,1.0,0.0,Unit_PerCent,23346,0,0,0,False
vw_meb.dbc,0,0x5f4,Innenlicht_11,IL_Dimmung_Lautspr,56,8,True,False,1.0,0.0,Unit_PerCent,23346,0,0,0,False
vw_meb.dbc,0,0x5f4,Innenlicht_11,IL_Dimmung_Tuerinnengriff,16,8,True,False,1.0,0.0,Unit_PerCent,23346,0,0,0,False
vw_meb.dbc,0,0x5f4,Innenlicht_11,IL_Dimmung_Umfeldbel,24,8,True,False,1.0,0.0,Unit_PerCent,23346,0,0,0,False
vw_meb.dbc,0,0x5f4,Innenlicht_11,IL_Dimmung_V_Tuerkontur,0,8,True,False,1.0,0.0,Unit_PerCent,23346,0,0,0,False
vw_meb.dbc,0,0x5f4,Innenlicht_11,IL_Innenlicht_aktiv,38,1,True,False,1.0,0.0,,23346,0,0,0,False
vw_meb.dbc,0,0x5f4,Innenlicht_11,IL_Klemme_30G_aktiv,39,1,True,False,1.0,0.0,,23346,0,0,0,False
vw_meb.dbc,0,0x641,Motor_Code_01,MO_Abgastyp_EOBD,57,1,True,False,1.0,0.0,,11652,0,0,0,False
vw_meb.dbc,0,0x641,Motor_Code_01,MO_Abgastyp_OBD,58,1,True,False,1.0,0.0,,11652,0,0,0,False
vw_meb.dbc,0,0x641,Motor_Code_01,MO_Ansaugsystem,47,1,True,False,1.0,0.0,,11652,0,0,0,False
vw_meb.dbc,0,0x641,Motor_Code_01,MO_Anzahl_Zyl,32,4,True,False,1.0,0.0,,11652,0,0,0,False
vw_meb.dbc,0,0x641,Motor_Code_01,MO_Code,16,8,True,False,1.0,0.0,,11652,0,0,0,False
vw_meb.dbc,0,0x641,Motor_Code_01,MO_DPF_verbaut,59,1,True,False,1.0,0.0,,11652,0,0,0,False
vw_meb.dbc,0,0x641,Motor_Code_01,MO_Einspritzart,63,1,True,False,1.0,0.0,,11652,0,0,0,False
vw_meb.dbc,0,0x641,Motor_Code_01,MO_Faktor_Momente_02,12,2,True,False,1.0,0.0,,11652,0,0,0,False
vw_meb.dbc,0,0x641,Motor_Code_01,MO_Getriebe_Code,24,6,True,False,1.0,0.0,,11652,0,11652,0,False
vw_meb.dbc,0,0x641,Motor_Code_01,MO_Hubraum,40,7,True,False,0.1,0.0,Unit_Liter,11652,0,0,0,False
vw_meb.dbc,0,0x641,Motor_Code_01,MO_Hybridfahrzeug,14,2,True,False,1.0,0.0,,11652,0,0,0,False
vw_meb.dbc,0,0x641,Motor_Code_01,MO_Kraftstoffart,36,4,True,False,1.0,0.0,,11652,0,0,0,False
vw_meb.dbc,0,0x641,Motor_Code_01,MO_Leistung,48,9,True,False,1.0,0.0,Unit_KiloWatt,11652,0,0,0,False
vw_meb.dbc,0,0x641,Motor_Code_01,MO_StartStopp_Codiert,30,1,True,False,1.0,0.0,,11652,0,0,0,False
vw_meb.dbc,0,0x641,Motor_Code_01,Motor_Code_01_BZ,8,4,True,False,1.0,0.0,,11652,0,0,0,False
vw_meb.dbc,0,0x641,Motor_Code_01,Motor_Code_01_CRC,0,8,True,False,1.0,0.0,,11652,0,0,0,False
vw_meb.dbc,0,0x641,Motor_Code_01,TSK_Codierung,60,3,True,False,1.0,0.0,,11652,0,0,0,False
vw_meb.dbc,0,0x643,Einheiten_01,KBI_Einheit_Datum,0,2,True,False,1.0,0.0,,11661,0,0,0,False
vw_meb.dbc,0,0x643,Einheiten_01,KBI_Einheit_Druck,2,2,True,False,1.0,0.0,,11661,0,0,0,False
vw_meb.dbc,0,0x643,Einheiten_01,KBI_Einheit_Masse,28,2,True,False,1.0,0.0,,11661,0,0,0,False
vw_meb.dbc,0,0x643,Einheiten_01,KBI_Einheit_Sprache,16,8,True,False,1.0,0.0,,11661,0,0,0,False
vw_meb.dbc,0,0x643,Einheiten_01,KBI_Einheit_Streckenanz,4,1,True,False,1.0,0.0,,11661,0,0,0,False
vw_meb.dbc,0,0x643,Einheiten_01,KBI_Einheit_Temp,6,1,True,False,1.0,0.0,,11661,0,0,0,False
vw_meb.dbc,0,0x643,Einheiten_01,KBI_Einheit_Uhrzeit,7,1,True,False,1.0,0.0,,11661,0,0,0,False
vw_meb.dbc,0,0x643,Einheiten_01,KBI_Einheit_Verbrauch,8,2,True,False,1.0,0.0,,11661,0,0,0,False
vw_meb.dbc,0,0x643,Einheiten_01,KBI_Einheit_Verbrauch_Gas,24,4,True,False,1.0,0.0,,11661,0,0,0,False
vw_meb.dbc,0,0x643,Einheiten_01,KBI_Einheit_Verbrauch_elektr,12,3,True,False,1.0,0.0,,11661,0,0,0,False
vw_meb.dbc,0,0x643,Einheiten_01,KBI_Einheit_Volumen,10,2,True,False,1.0,0.0,,11661,0,0,0,False
vw_meb.dbc,0,0x643,Einheiten_01,KBI_MFA_v_Einheit_02,5,1,True,False,1.0,0.0,,11661,0,0,0,False
vw_meb.dbc,0,0x656,ELV_01,ELV_01_BZ,8,4,True,False,1.0,0.0,,19313,0,0,0,False
vw_meb.dbc,0,0x656,ELV_01,ELV_01_CRC,0,8,True,False,1.0,0.0,,19313,0,0,0,False
vw_meb.dbc,0,0x656,ELV_01,ELV_01_Sendestatus,15,1,True,False,1.0,0.0,,19313,0,0,0,False
vw_meb.dbc,0,0x656,ELV_01,ELV_Abbruch_Anf_Klemmenfreigabe,23,1,True,False,1.0,0.0,,19313,0,0,0,False
vw_meb.dbc,0,0x656,ELV_01,ELV_Anf_Klemme_15,13,1,True,False,1.0,0.0,,19313,0,0,0,False
vw_meb.dbc,0,0x656,ELV_01,ELV_Anf_Klemme_50,14,1,True,False,1.0,0.0,,19313,0,0,0,False
vw_meb.dbc,0,0x656,ELV_01,ELV_Anf_Klemme_S,12,1,True,False,1.0,0.0,,19313,0,0,0,False
vw_meb.dbc,0,0x656,ELV_01,ELV_Anlernmodus,20,1,True,False,1.0,0.0,,19313,0,0,0,False
vw_meb.dbc,0,0x656,ELV_01,ELV_Entriegelt,17,1,True,False,1.0,0.0,,19313,0,0,0,False
vw_meb.dbc,0,0x656,ELV_01,ELV_Klemmenfreigabe,22,1,True,False,1.0,0.0,,19313,0,0,0,False
vw_meb.dbc,0,0x656,ELV_01,ELV_LED_Gelb,25,1,True,False,1.0,0.0,,19313,0,0,0,False
vw_meb.dbc,0,0x656,ELV_01,ELV_LED_Rot,24,1,True,False,1.0,0.0,,19313,0,0,0,False
vw_meb.dbc,0,0x656,ELV_01,ELV_Lebenszustand,19,1,True,False,1.0,0.0,,19313,0,0,0,False
vw_meb.dbc,0,0x656,ELV_01,ELV_P_verriegelt,35,1,True,False,1.0,0.0,,19313,0,0,0,False
vw_meb.dbc,0,0x656,ELV_01,ELV_Txt_Bremse,34,1,True,False,1.0,0.0,,19313,0,0,0,False
vw_meb.dbc,0,0x656,ELV_01,ELV_Txt_Defekt,30,1,True,False,1.0,0.0,,19313,0,0,0,False
vw_meb.dbc,0,0x656,ELV_01,ELV_Txt_Kupplung,33,1,True,False,1.0,0.0,,19313,0,0,0,False
vw_meb.dbc,0,0x656,ELV_01,ELV_Txt_Lkg_Bewegen,28,1,True,False,1.0,0.0,,19313,0,0,0,False
vw_meb.dbc,0,0x656,ELV_01,ELV_Txt_PN_Gang,32,1,True,False,1.0,0.0,,19313,0,0,0,False
vw_meb.dbc,0,0x656,ELV_01,ELV_Txt_P_Gang,31,1,True,False,1.0,0.0,,19313,0,0,0,False
vw_meb.dbc,0,0x656,ELV_01,ELV_Txt_Panikabschaltung,27,1,True,False,1.0,0.0,,19313,0,0,0,False
vw_meb.dbc,0,0x656,ELV_01,ELV_Txt_Werkstatt,29,1,True,False,1.0,0.0,,19313,0,0,0,False
vw_meb.dbc,0,0x656,ELV_01,ELV_Verriegelt,16,1,True,False,1.0,0.0,,19313,0,0,0,False
vw_meb.dbc,0,0x656,ELV_01,ELV_ZAT_betaetigt,18,1,True,False,1.0,0.0,,19313,0,0,0,False
vw_meb.dbc,0,0x658,Licht_vorne_01,BCM1_Licht_Dunkelheit_aktiv,49,1,True,False,1.0,0.0,,13046,0,0,0,False
vw_meb.dbc,0,0x658,Licht_vorne_01,BCM1_Linksverkehr,48,1,True,False,1.0,0.0,,13046,0,0,0,False
vw_meb.dbc,0,0x658,Licht_vorne_01,LV_AFL_aktiv_Anzeige,18,1,True,False,1.0,0.0,,13046,0,0,0,False
vw_meb.dbc,0,0x658,Licht_vorne_01,LV_AFL_defekt,19,1,True,False,1.0,0.0,,13046,0,0,0,False
vw_meb.dbc,0,0x658,Licht_vorne_01,LV_Abbiegelicht_li_def,46,1,True,False,1.0,0.0,,13046,0,0,0,False
vw_meb.dbc,0,0x658,Licht_vorne_01,LV_Abbiegelicht_re_def,47,1,True,False,1.0,0.0,,13046,0,0,0,False
vw_meb.dbc,0,0x658,Licht_vorne_01,LV_Abblend_Fernlicht_li_def,41,1,True,False,1.0,0.0,,13046,0,0,0,False
vw_meb.dbc,0,0x658,Licht_vorne_01,LV_Abblend_Fernlicht_re_def,45,1,True,False,1.0,0.0,,13046,0,0,0,False
vw_meb.dbc,0,0x658,Licht_vorne_01,LV_Abblendlicht_Anzeige,13,1,True,False,1.0,0.0,,13046,0,0,0,False
vw_meb.dbc,0,0x658,Licht_vorne_01,LV_Abblendlicht_TFL_li_def,38,1,True,False,1.0,0.0,,13046,0,0,0,False
vw_meb.dbc,0,0x658,Licht_vorne_01,LV_Abblendlicht_TFL_re_def,42,1,True,False,1.0,0.0,,13046,0,0,0,False
vw_meb.dbc,0,0x658,Licht_vorne_01,LV_Abblendlicht_li_def,22,1,True,False,1.0,0.0,,13046,0,0,0,False
vw_meb.dbc,0,0x658,Licht_vorne_01,LV_Abblendlicht_re_def,32,1,True,False,1.0,0.0,,13046,0,0,0,False
vw_meb.dbc,0,0x658,Licht_vorne_01,LV_Aussenlicht_def,37,1,True,False,1.0,0.0,,13046,0,0,0,False
vw_meb.dbc,0,0x658,Licht_vorne_01,LV_Blinker_VL_aktiv,52,1,True,False,1.0,0.0,,13046,0,0,0,False
vw_meb.dbc,0,0x658,Licht_vorne_01,LV_Blinker_VR_aktiv,53,1,True,False,1.0,0.0,,13046,0,0,0,False
vw_meb.dbc,0,0x658,Licht_vorne_01,LV_Blinker_li_def,20,1,True,False,1.0,0.0,,13046,0,0,0,False
vw_meb.dbc,0,0x658,Licht_vorne_01,LV_Blinker_re_def,30,1,True,False,1.0,0.0,,13046,0,0,0,False
vw_meb.dbc,0,0x658,Licht_vorne_01,LV_Blk_li_Seite_def,25,1,True,False,1.0,0.0,,13046,0,0,0,False
vw_meb.dbc,0,0x658,Licht_vorne_01,LV_Blk_re_Seite_def,35,1,True,False,1.0,0.0,,13046,0,0,0,False
vw_meb.dbc,0,0x658,Licht_vorne_01,LV_FLA_Sensor_blockiert,29,1,True,False,1.0,0.0,,13046,0,0,0,False
vw_meb.dbc,0,0x658,Licht_vorne_01,LV_FLA_aktiv_Anzeige,27,1,True,False,1.0,0.0,,13046,0,0,0,False
vw_meb.dbc,0,0x658,Licht_vorne_01,LV_FLA_defekt,28,1,True,False,1.0,0.0,,13046,0,0,0,False
vw_meb.dbc,0,0x658,Licht_vorne_01,LV_Fernlicht_Anzeige,14,1,True,False,1.0,0.0,,13046,0,0,0,False
vw_meb.dbc,0,0x658,Licht_vorne_01,LV_Fernlicht_li_def,23,1,True,False,1.0,0.0,,13046,0,0,0,False
vw_meb.dbc,0,0x658,Licht_vorne_01,LV_Fernlicht_re_def,33,1,True,False,1.0,0.0,,13046,0,0,0,False
vw_meb.dbc,0,0x658,Licht_vorne_01,LV_LED_Scheinwerfer_li_def,50,1,True,False,1.0,0.0,,13046,0,0,0,False
vw_meb.dbc,0,0x658,Licht_vorne_01,LV_LED_Scheinwerfer_re_def,51,1,True,False,1.0,0.0,,13046,0,0,0,False
vw_meb.dbc,0,0x658,Licht_vorne_01,LV_MXB_Status_Anzeige,54,2,True,False,1.0,0.0,,13046,0,0,0,False
vw_meb.dbc,0,0x658,Licht_vorne_01,LV_Nebellicht_Anzeige,15,1,True,False,1.0,0.0,,13046,0,0,0,False
vw_meb.dbc,0,0x658,Licht_vorne_01,LV_Nebellicht_TFL_li_def,39,1,True,False,1.0,0.0,,13046,0,0,0,False
vw_meb.dbc,0,0x658,Licht_vorne_01,LV_Nebellicht_TFL_re_def,43,1,True,False,1.0,0.0,,13046,0,0,0,False
vw_meb.dbc,0,0x658,Licht_vorne_01,LV_Nebellicht_li_def,24,1,True,False,1.0,0.0,,13046,0,0,0,False
vw_meb.dbc,0,0x658,Licht_vorne_01,LV_Nebellicht_re_def,34,1,True,False,1.0,0.0,,13046,0,0,0,False
vw_meb.dbc,0,0x658,Licht_vorne_01,LV_Nebelschlusslicht_Anzeige,16,1,True,False,1.0,0.0,,13046,0,0,0,False
vw_meb.dbc,0,0x658,Licht_vorne_01,LV_Standlicht_Anzeige,12,1,True,False,1.0,0.0,,13046,0,0,0,False
vw_meb.dbc,0,0x658,Licht_vorne_01,LV_Standlicht_TFL_li_def,40,1,True,False,1.0,0.0,,13046,0,0,0,False
vw_meb.dbc,0,0x658,Licht_vorne_01,LV_Standlicht_TFL_re_def,44,1,True,False,1.0,0.0,,13046,0,0,0,False
vw_meb.dbc,0,0x658,Licht_vorne_01,LV_Standlicht_li_def,21,1,True,False,1.0,0.0,,13046,0,0,0,False
vw_meb.dbc,0,0x658,Licht_vorne_01,LV_Standlicht_re_def,31,1,True,False,1.0,0.0,,13046,0,0,0,False
vw_meb.dbc,0,0x658,Licht_vorne_01,LV_Tagfahrlicht_Anzeige,17,1,True,False,1.0,0.0,,13046,0,0,0,False
vw_meb.dbc,0,0x658,Licht_vorne_01,LV_Tagfahrlicht_li_def,26,1,True,False,1.0,0.0,,13046,0,0,0,False
vw_meb.dbc,0,0x658,Licht_vorne_01,LV_Tagfahrlicht_re_def,36,1,True,False,1.0,0.0,,13046,0,0,0,False
vw_meb.dbc,0,0x658,Licht_vorne_01,Licht_Vorne_01_BZ,8,4,True,False,1.0,0.0,,13046,0,0,0,False
vw_meb.dbc,0,0x658,Licht_vorne_01,Licht_Vorne_01_CRC,0,8,True,False,1.0,0.0,,13046,0,0,0,False
vw_meb.dbc,0,0x65d,ESP_20,BR_QBit_Reifenumfang,51,1,True,False,1.0,0.0,,11668,0,0,0,False
vw_meb.dbc,0,0x65d,ESP_20,BR_Reifenumfang,52,12,True,False,1.0,0.0,Unit_MilliMeter,11668,0,0,0,False
vw_meb.dbc,0,0x65d,ESP_20,BR_Systemart,12,2,True,False,1.0,0.0,,11668,0,0,0,False
vw_meb.dbc,0,0x65d,ESP_20,ESP_20_BZ,8,4,True,False,1.0,0.0,,11668,0,0,0,False
vw_meb.dbc,0,0x65d,ESP_20,ESP_20_CRC,0,8,True,False,1.0,0.0,,11668,0,0,0,False
vw_meb.dbc,0,0x65d,ESP_20,ESP_Charisma_FahrPr,24,4,True,False,1.0,0.0,,11668,0,0,0,False
vw_meb.dbc,0,0x65d,ESP_20,ESP_Charisma_Status,28,2,True,False,1.0,0.0,,11668,0,413,0,False
vw_meb.dbc,0,0x65d,ESP_20,ESP_Dachrelingsensor,42,2,True,False,1.0,0.0,,11668,0,0,0,False
vw_meb.dbc,0,0x65d,ESP_20,ESP_SpannungsAnf_02,14,2,True,False,1.0,0.0,,11668,0,0,0,False
vw_meb.dbc,0,0x65d,ESP_20,ESP_Stoppverbot_Anz_01,34,1,True,False,1.0,0.0,,11668,0,0,0,False
vw_meb.dbc,0,0x65d,ESP_20,ESP_Stoppverbot_Anz_02,35,1,True,False,1.0,0.0,,11668,0,0,0,False
vw_meb.dbc,0,0x65d,ESP_20,ESP_Stoppverbot_Anz_03,36,1,True,False,1.0,0.0,,11668,0,0,0,False
vw_meb.dbc,0,0x65d,ESP_20,ESP_Stoppverbot_Anz_04,37,1,True,False,1.0,0.0,,11668,0,0,0,False
vw_meb.dbc,0,0x65d,ESP_20,ESP_Stoppverbot_Anz_05,38,1,True,False,1.0,0.0,,11668,0,0,0,False
vw_meb.dbc,0,0x65d,ESP_20,ESP_Stoppverbot_Anz_06,39,1,True,False,1.0,0.0,,11668,0,0,0,False
vw_meb.dbc,0,0x65d,ESP_20,ESP_Stoppverbot_Anz_07,40,1,True,False,1.0,0.0,,11668,0,0,0,False
vw_meb.dbc,0,0x65d,ESP_20,ESP_Stoppverbot_Anz_08,44,1,True,False,1.0,0.0,,11668,0,0,0,False
vw_meb.dbc,0,0x65d,ESP_20,ESP_Stoppverbot_Anz_Std,41,1,True,False,1.0,0.0,,11668,0,0,0,False
vw_meb.dbc,0,0x65d,ESP_20,ESP_Wiederstart_Anz_01,30,1,True,False,1.0,0.0,,11668,0,0,0,False
vw_meb.dbc,0,0x65d,ESP_20,ESP_Wiederstart_Anz_02,31,1,True,False,1.0,0.0,,11668,0,0,0,False
vw_meb.dbc,0,0x65d,ESP_20,ESP_Wiederstart_Anz_03,32,1,True,False,1.0,0.0,,11668,0,0,0,False
vw_meb.dbc,0,0x65d,ESP_20,ESP_Wiederstart_Anz_04,33,1,True,False,1.0,0.0,,11668,0,0,0,False
vw_meb.dbc,0,0x65d,ESP_20,ESP_Zaehnezahl,16,8,True,False,1.0,0.0,,11668,0,0,0,False
vw_meb.dbc,0,0x65d,ESP_20,HDC_Charisma_FahrPr,45,4,True,False,1.0,0.0,,11668,0,0,0,False
vw_meb.dbc,0,0x65d,ESP_20,HDC_Charisma_Status,49,2,True,False,1.0,0.0,,11668,0,11668,0,False
vw_meb.dbc,0,0x65f,Motor_16,MO_Anzeige_Kaltleuchte,30,1,True,False,1.0,0.0,,23313,0,0,0,False
vw_meb.dbc,0,0x65f,Motor_16,MO_DPF_reg,16,1,True,False,1.0,0.0,,23313,0,0,0,False
vw_meb.dbc,0,0x65f,Motor_16,MO_Energieinhalt_BMS,36,12,True,False,25.0,0.0,Unit_WattHour,23313,0,14,14,True
vw_meb.dbc,0,0x65f,Motor_16,MO_Heizstrom_EKAT,17,7,True,False,1.0,0.0,Unit_Amper,23313,0,0,0,False
vw_meb.dbc,0,0x65f,Motor_16,MO_Heizstrom_SCR,24,6,True,False,1.0,0.0,Unit_Amper,23313,0,0,0,False
vw_meb.dbc,0,0x65f,Motor_16,MO_P_Generator_ungefiltert_Anf,31,1,True,False,1.0,0.0,,23313,0,0,0,False
vw_meb.dbc,0,0x65f,Motor_16,MO_SpannungsAnf_02,14,2,True,False,1.0,0.0,,23313,0,0,0,False
vw_meb.dbc,0,0x65f,Motor_16,TSK_Fahrzeugmasse_02,48,8,True,False,32.0,0.0,Unit_KiloGram,23313,0,0,0,False
vw_meb.dbc,0,0x65f,Motor_16,TSK_Getriebeinfo,34,2,True,False,1.0,0.0,,23313,0,0,0,False
vw_meb.dbc,0,0x65f,Motor_16,TSK_Grundmasse,0,8,True,False,32.0,0.0,Unit_KiloGram,23313,0,0,0,False
vw_meb.dbc,0,0x65f,Motor_16,TSK_QBit_Fahrzeugmasse,13,1,True,False,1.0,0.0,,23313,0,3209,0,False
vw_meb.dbc,0,0x65f,Motor_16,TSK_QBit_Steigung,12,1,True,False,1.0,0.0,,23313,0,789,0,False
vw_meb.dbc,0,0x65f,Motor_16,TSK_Steigung_02,56,8,True,False,0.8,-101.6,Unit_PerCent,23313,0,788,788,False
vw_meb.dbc,0,0x668,Klima_12,FSH_Taster,5,1,True,False,1.0,0.0,,58534,0,0,0,False
vw_meb.dbc,0,0x668,Klima_12,HSH_Taster,3,2,True,False,1.0,0.0,,58534,0,0,0,False
vw_meb.dbc,0,0x668,Klima_12,KL_Beschlagsgefahr,7,1,True,False,1.0,0.0,,58534,0,0,0,False
vw_meb.dbc,0,0x668,Klima_12,KL_Geblspng_Fond_Soll,32,8,True,False,0.05,1.45,Unit_Volt,58534,0,0,58534,False
vw_meb.dbc,0,0x668,Klima_12,KL_Geblspng_Soll,24,8,True,False,0.05,1.45,Unit_Volt,58534,0,0,1541,False
vw_meb.dbc,0,0x668,Klima_12,KL_I_Geblaese,40,8,True,False,0.25,0.0,Unit_Amper,58534,0,660,660,False
vw_meb.dbc,0,0x668,Klima_12,KL_Kompressorstrom_soll,48,10,True,False,1.0,0.0,,58534,0,7,7,False
vw_meb.dbc,0,0x668,Klima_12,KL_LRH_Stufe,1,2,True,False,1.0,0.0,,58534,0,0,0,False
vw_meb.dbc,0,0x668,Klima_12,KL_LRH_Taster,0,1,True,False,1.0,0.0,,58534,0,0,0,False
vw_meb.dbc,0,0x668,Klima_12,KL_PTC_Verbauinfo,62,2,True,False,1.0,0.0,,58534,0,0,0,False
vw_meb.dbc,0,0x668,Klima_12,KL_SIH_Soll_li,8,3,True,False,1.0,0.0,,58534,0,0,0,False
vw_meb.dbc,0,0x668,Klima_12,KL_SIH_Soll_re,11,3,True,False,1.0,0.0,,58534,0,0,0,False
vw_meb.dbc,0,0x668,Klima_12,KL_SIL_Soll_li,16,3,True,False,1.0,0.0,,58534,0,0,0,False
vw_meb.dbc,0,0x668,Klima_12,KL_SIL_Soll_re,19,3,True,False,1.0,0.0,,58534,0,0,0,False
vw_meb.dbc,0,0x668,Klima_12,KL_Umluftklappe_Status,58,4,True,False,1.0,0.0,,58534,0,7,0,False
vw_meb.dbc,0,0x668,Klima_12,KL_Zuheizer_Freigabe,6,1,True,False,1.0,0.0,,58534,0,0,0,False
vw_meb.dbc,0,0x668,Klima_12,KRH_Soll_li,14,2,True,False,1.0,0.0,,58534,0,0,0,False
vw_meb.dbc,0,0x668,Klima_12,KRH_Soll_re,22,2,True,False,1.0,0.0,,58534,0,0,0,False
vw_meb.dbc,0,0x670,Motor_18,MO1_Freigabe_Info_WFS,12,1,True,False,1.0,0.0,,23313,0,0,0,False
vw_meb.dbc,0,0x670,Motor_18,MO1_Freigabe_Verfallsinfo_WFS,42,1,True,False,1.0,0.0,,23313,0,0,0,False
vw_meb.dbc,0,0x670,Motor_18,MO1_Sperr_Info_WFS,11,1,True,False,1.0,0.0,,23313,0,0,0,False
vw_meb.dbc,0,0x670,Motor_18,MO_ANC_Kennfeld_Anf,6,2,True,False,1.0,0.0,,23313,0,0,0,False
vw_meb.dbc,0,0x670,Motor_18,MO_Abstellzeit,32,8,True,False,8.0,0.0,Unit_Minut,23313,0,23313,23313,False
vw_meb.dbc,0,0x670,Motor_18,MO_Abstellzeit_Status,40,2,True,False,1.0,0.0,,23313,0,0,0,False
vw_meb.dbc,0,0x670,Motor_18,MO_Anzahl_Abgesch_Zyl,47,3,True,False,1.0,0.0,,23313,0,0,0,False
vw_meb.dbc,0,0x670,Motor_18,MO_Bremslicht_Reku,8,1,True,False,1.0,0.0,,23313,0,0,0,False
vw_meb.dbc,0,0x670,Motor_18,MO_Drehzahl_Warnung,55,1,True,False,1.0,0.0,,23313,0,0,0,False
vw_meb.dbc,0,0x670,Motor_18,MO_EPCL,13,3,True,False,1.0,0.0,,23313,0,0,0,False
vw_meb.dbc,0,0x670,Motor_18,MO_Ethanol_BS_Texte,52,3,True,False,1.0,0.0,,23313,0,0,0,False
vw_meb.dbc,0,0x670,Motor_18,MO_Fahrzeugtyp,20,3,True,False,1.0,0.0,,23313,0,0,0,False
vw_meb.dbc,0,0x670,Motor_18,MO_Fehler_Zylabsch,45,2,True,False,1.0,0.0,,23313,0,23313,0,False
vw_meb.dbc,0,0x670,Motor_18,MO_Hybrid_StartStopp_LED,43,2,True,False,1.0,0.0,,23313,0,0,0,False
vw_meb.dbc,0,0x670,Motor_18,MO_NMAX_Schaltanzeige,23,9,True,False,25.0,0.0,Unit_MinutInver,23313,0,0,0,False
vw_meb.dbc,0,0x670,Motor_18,MO_StartStopp_PopUp,9,2,True,False,1.0,0.0,,23313,0,23313,0,False
vw_meb.dbc,0,0x670,Motor_18,MO_Zylabsch_Texte,50,2,True,False,1.0,0.0,,23313,0,0,0,False
vw_meb.dbc,0,0x670,Motor_18,MO_Zylabsch_Texte_02,16,4,True,False,1.0,0.0,,23313,0,0,0,False
vw_meb.dbc,0,0x670,Motor_18,MO_max_Ladedruck,0,6,True,False,0.1,0.0,Unit_Bar,23313,0,0,0,False
vw_meb.dbc,0,0x670,Motor_18,MO_obere_Drehzahlgrenze,56,8,True,False,50.0,0.0,Unit_MinutInver,23313,0,23313,23313,False
vw_meb.dbc,0,0x6ae,Spiegel_01,SP_ARA_Status,22,1,True,False,1.0,0.0,,11690,0,0,0,False
vw_meb.dbc,0,0x6ae,Spiegel_01,SP_Auswahl_li,20,1,True,False,1.0,0.0,,11690,0,0,0,False
vw_meb.dbc,0,0x6ae,Spiegel_01,SP_Auswahl_re,21,1,True,False,1.0,0.0,,11690,0,0,0,False
vw_meb.dbc,0,0x6ae,Spiegel_01,SP_BT_links,6,1,True,False,1.0,0.0,,11690,0,0,0,False
vw_meb.dbc,0,0x6ae,Spiegel_01,SP_BT_oben,4,1,True,False,1.0,0.0,,11690,0,0,0,False
vw_meb.dbc,0,0x6ae,Spiegel_01,SP_BT_rechts,7,1,True,False,1.0,0.0,,11690,0,0,0,False
vw_meb.dbc,0,0x6ae,Spiegel_01,SP_BT_unten,5,1,True,False,1.0,0.0,,11690,0,0,0,False
vw_meb.dbc,0,0x6ae,Spiegel_01,SP_FT_links,2,1,True,False,1.0,0.0,,11690,0,0,0,False
vw_meb.dbc,0,0x6ae,Spiegel_01,SP_FT_oben,0,1,True,False,1.0,0.0,,11690,0,0,0,False
vw_meb.dbc,0,0x6ae,Spiegel_01,SP_FT_rechts,3,1,True,False,1.0,0.0,,11690,0,0,0,False
vw_meb.dbc,0,0x6ae,Spiegel_01,SP_FT_unten,1,1,True,False,1.0,0.0,,11690,0,0,0,False
vw_meb.dbc,0,0x6ae,Spiegel_01,SP_Hzg_Taster,12,1,True,False,1.0,0.0,,11690,0,0,0,False
vw_meb.dbc,0,0x6ae,Spiegel_01,SP_S_Klappen,23,1,True,False,1.0,0.0,,11690,0,0,0,False
vw_meb.dbc,0,0x6ae,Spiegel_01,SP_S_links,18,1,True,False,1.0,0.0,,11690,0,0,0,False
vw_meb.dbc,0,0x6ae,Spiegel_01,SP_S_oben,16,1,True,False,1.0,0.0,,11690,0,0,0,False
vw_meb.dbc,0,0x6ae,Spiegel_01,SP_S_rechts,19,1,True,False,1.0,0.0,,11690,0,0,0,False
vw_meb.dbc,0,0x6ae,Spiegel_01,SP_S_unten,17,1,True,False,1.0,0.0,,11690,0,0,0,False
vw_meb.dbc,0,0x6ae,Spiegel_01,SP_Verstellschalter_Fehler,24,1,True,False,1.0,0.0,,11690,0,11690,0,False
vw_meb.dbc,0,0x6ae,Spiegel_01,SP_abklappen,8,1,True,False,1.0,0.0,,11690,0,0,0,False
vw_meb.dbc,0,0x6ae,Spiegel_01,SP_anklappen,9,1,True,False,1.0,0.0,,11690,0,0,0,False
vw_meb.dbc,0,0x6ae,Spiegel_01,SP_normieren,10,1,True,False,1.0,0.0,,11690,0,0,0,False
vw_meb.dbc,0,0x6af,Rear_View_01,RV_Calib_Fehler,12,1,True,False,1.0,0.0,,419,0,0,0,False
vw_meb.dbc,0,0x6af,Rear_View_01,RV_Dark_Screen,1,1,True,False,1.0,0.0,,419,0,0,0,False
vw_meb.dbc,0,0x6af,Rear_View_01,RV_Farbe,32,7,True,False,1.0,0.0,Unit_PerCent,419,0,0,0,False
vw_meb.dbc,0,0x6af,Rear_View_01,RV_GL_LWS_Fehler,15,1,True,False,1.0,0.0,,419,0,0,0,False
vw_meb.dbc,0,0x6af,Rear_View_01,RV_GL_Trailer_connect,13,1,True,False,1.0,0.0,,419,0,0,0,False
vw_meb.dbc,0,0x6af,Rear_View_01,RV_GL_Trunk_open,14,1,True,False,1.0,0.0,,419,0,0,0,False
vw_meb.dbc,0,0x6af,Rear_View_01,RV_GL_side,4,2,True,False,1.0,0.0,,419,0,0,0,False
vw_meb.dbc,0,0x6af,Rear_View_01,RV_HMI_Mode,2,2,True,False,1.0,0.0,,419,0,0,0,False
vw_meb.dbc,0,0x6af,Rear_View_01,RV_Helligkeit,16,7,True,False,1.0,0.0,Unit_PerCent,419,0,0,0,False
vw_meb.dbc,0,0x6af,Rear_View_01,RV_Kontrast,24,7,True,False,1.0,0.0,Unit_PerCent,419,0,0,0,False
vw_meb.dbc,0,0x6af,Rear_View_01,RV_Menu_Item,9,2,True,False,1.0,0.0,,419,0,0,0,False
vw_meb.dbc,0,0x6af,Rear_View_01,RV_Reinigung_Anf,7,1,True,False,1.0,0.0,,419,0,0,0,False
vw_meb.dbc,0,0x6af,Rear_View_01,RV_Settings_enabled,8,1,True,False,1.0,0.0,,419,0,0,0,False
vw_meb.dbc,0,0x6af,Rear_View_01,RV_System_aktiv,6,1,True,False,1.0,0.0,,419,0,0,0,False
vw_meb.dbc,0,0x6af,Rear_View_01,RV_Video_on,0,1,True,False,1.0,0.0,,419,0,0,0,False
vw_meb.dbc,0,0x6af,Rear_View_01,SV_Video_on,11,1,True,False,1.0,0.0,,419,0,0,0,False
vw_meb.dbc,0,0x6af,Rear_View_01,ZFAS_Umfeldbeleuchtung_Anf,23,1,True,False,1.0,0.0,,419,0,0,0,False
vw_meb.dbc,0,0x6b2,Diagnose_01,DGN_Verlernzaehler,0,8,True,False,1.0,0.0,,11662,0,0,0,False
vw_meb.dbc,0,0x6b2,Diagnose_01,KBI_Kilometerstand,8,20,True,False,1.0,0.0,Unit_KiloMeter,11662,0,0,0,True
vw_meb.dbc,0,0x6b2,Diagnose_01,Kombi_02_alt,62,1,True,False,1.0,0.0,,11662,0,0,0,False
vw_meb.dbc,0,0x6b2,Diagnose_01,UH_Jahr,28,7,True,False,1.0,2000.0,Unit_Year,11662,0,0,0,False
vw_meb.dbc,0,0x6b2,Diagnose_01,UH_Minute,49,6,True,False,1.0,0.0,Unit_Minut,11662,0,0,0,False
vw_meb.dbc,0,0x6b2,Diagnose_01,UH_Monat,35,4,True,False,1.0,0.0,Unit_Month,11662,0,0,0,False
vw_meb.dbc,0,0x6b2,Diagnose_01,UH_Sekunde,55,6,True,False,1.0,0.0,Unit_Secon,11662,0,0,0,False
vw_meb.dbc,0,0x6b2,Diagnose_01,UH_Stunde,44,5,True,False,1.0,0.0,Unit_Hours,11662,0,0,0,False
vw_meb.dbc,0,0x6b2,Diagnose_01,UH_Tag,39,5,True,False,1.0,0.0,Unit_Day,11662,0,0,0,False
vw_meb.dbc,0,0x6b2,Diagnose_01,Uhrzeit_01_alt,63,1,True,False,1.0,0.0,,11662,0,0,0,False
vw_meb.dbc,0,0x6b4,VIN_01,KS_Geheimnis_1,8,8,True,False,1.0,0.0,,29157,0,0,0,False
vw_meb.dbc,0,0x6b4,VIN_01,KS_Geheimnis_2,16,8,True,False,1.0,0.0,,29157,0,0,0,False
vw_meb.dbc,0,0x6b4,VIN_01,KS_Geheimnis_3,24,8,True,False,1.0,0.0,,29157,0,0,0,False
vw_meb.dbc,0,0x6b4,VIN_01,KS_Geheimnis_4,32,8,True,False,1.0,0.0,,29157,0,0,0,False
vw_meb.dbc,0,0x6b4,VIN_01,VIN_01_MUX,0,2,True,False,1.0,0.0,,58323,0,0,0,False
vw_meb.dbc,0,0x6b4,VIN_01,VIN_1,40,8,True,False,1.0,0.0,,29157,0,0,0,False
vw_meb.dbc,0,0x6b4,VIN_01,VIN_10,56,8,True,False,1.0,0.0,,14585,0,0,0,False
vw_meb.dbc,0,0x6b4,VIN_01,VIN_11,8,8,True,False,1.0,0.0,,14581,0,0,0,False
vw_meb.dbc,0,0x6b4,VIN_01,VIN_12,16,8,True,False,1.0,0.0,,14581,0,0,0,False
vw_meb.dbc,0,0x6b4,VIN_01,VIN_13,24,8,True,False,1.0,0.0,,14581,0,0,0,False
vw_meb.dbc,0,0x6b4,VIN_01,VIN_14,32,8,True,False,1.0,0.0,,14581,0,0,0,False
vw_meb.dbc,0,0x6b4,VIN_01,VIN_15,40,8,True,False,1.0,0.0,,14581,0,0,0,False
vw_meb.dbc,0,0x6b4,VIN_01,VIN_16,48,8,True,False,1.0,0.0,,14581,0,0,0,False
vw_meb.dbc,0,0x6b4,VIN_01,VIN_17,56,8,True,False,1.0,0.0,,14581,0,0,0,False
vw_meb.dbc,0,0x6b4,VIN_01,VIN_2,48,8,True,False,1.0,0.0,,29157,0,0,0,False
vw_meb.dbc,0,0x6b4,VIN_01,VIN_3,56,8,True,False,1.0,0.0,,29157,0,0,0,False
vw_meb.dbc,0,0x6b4,VIN_01,VIN_4,8,8,True,False,1.0,0.0,,14585,0,0,0,False
vw_meb.dbc,0,0x6b4,VIN_01,VIN_5,16,8,True,False,1.0,0.0,,14585,0,0,0,False
vw_meb.dbc,0,0x6b4,VIN_01,VIN_6,24,8,True,False,1.0,0.0,,14585,0,0,0,False
vw_meb.dbc,0,0x6b4,VIN_01,VIN_7,32,8,True,False,1.0,0.0,,14585,0,0,0,False
vw_meb.dbc,0,0x6b4,VIN_01,VIN_8,40,8,True,False,1.0,0.0,,14585,0,0,0,False
vw_meb.dbc,0,0x6b4,VIN_01,VIN_9,48,8,True,False,1.0,0.0,,14585,0,0,0,False
vw_meb.dbc,0,0x86,LWI_01,CHECKSUM,0,8,True,False,1.0,0.0,,2332216,0,0,0,False
vw_meb.dbc,0,0x86,LWI_01,COUNTER,8,4,True,False,1.0,0.0,,2332216,0,0,0,False
vw_meb.dbc,0,0x86,LWI_01,LWI_Lenkradw_Geschw,31,9,True,False,5.0,0.0,Unit_DegreOfArcPerSecon,2332216,0,0,0,False
vw_meb.dbc,0,0x86,LWI_01,LWI_Lenkradwinkel,16,13,True,False,0.0843,0.0,Unit_DegreOfArc,2332216,0,0,0,True
vw_meb.dbc,0,0x86,LWI_01,LWI_MFL_Abschaltung,14,1,True,False,1.0,0.0,,2332216,0,0,0,False
vw_meb.dbc,0,0x86,LWI_01,LWI_QBit_Lenkradwinkel,15,1,True,False,1.0,0.0,,2332216,0,0,0,False
vw_meb.dbc,0,0x86,LWI_01,LWI_QBit_Sub_Daten,13,1,True,False,1.0,0.0,,2332216,0,0,0,False
vw_meb.dbc,0,0x86,LWI_01,LWI_Sensorstatus,12,1,True,False,1.0,0.0,,2332216,0,0,0,False
vw_meb.dbc,0,0x86,LWI_01,LWI_Sub_Daten,40,16,True,False,1.0,0.0,,2332216,0,0,0,False
vw_meb.dbc,0,0x86,LWI_01,LWI_VZ_Lenkradw_Geschw,30,1,True,False,1.0,0.0,,2332216,0,0,0,False
vw_meb.dbc,0,0x86,LWI_01,LWI_VZ_Lenkradwinkel,29,1,True,False,1.0,0.0,,2332216,0,0,0,False
vw_meb.dbc,0,0x9f,LH_EPS_03,CHECKSUM,0,8,True,False,1.0,0.0,,1166293,0,0,0,False
vw_meb.dbc,0,0x9f,LH_EPS_03,COUNTER,8,4,True,False,1.0,0.0,,1166293,0,0,0,False
vw_meb.dbc,0,0x9f,LH_EPS_03,EPS_BLW_QBit,30,1,True,False,1.0,0.0,,1166293,0,0,0,False
vw_meb.dbc,0,0x9f,LH_EPS_03,EPS_Berechneter_LW,16,12,True,False,0.15,0.0,Unit_DegreOfArc,1166293,0,0,186,True
vw_meb.dbc,0,0x9f,LH_EPS_03,EPS_DSR_Status,12,4,True,False,1.0,0.0,,1166293,0,0,0,False
vw_meb.dbc,0,0x9f,LH_EPS_03,EPS_HCA_Status,32,4,True,False,1.0,0.0,,1166293,0,372,0,False
vw_meb.dbc,0,0x9f,LH_EPS_03,EPS_Lenkmoment,40,10,True,False,1.0,0.0,Unit_centiNewtoMeter,1166293,0,0,809653,True
vw_meb.dbc,0,0x9f,LH_EPS_03,EPS_Lenkmoment_QBit,54,1,True,False,1.0,0.0,,1166293,0,0,0,False
vw_meb.dbc,0,0x9f,LH_EPS_03,EPS_Lenkungstyp,60,4,True,False,1.0,0.0,,1166293,0,0,0,False
vw_meb.dbc,0,0x9f,LH_EPS_03,EPS_VZ_BLW,31,1,True,False,1.0,0.0,,1166293,0,0,0,False
vw_meb.dbc,0,0x9f,LH_EPS_03,EPS_VZ_Lenkmoment,55,1,True,False,1.0,0.0,,1166293,0,0,0,False
vw_meb.dbc,0,0xad,Getriebe_11,CHECKSUM,0,8,True,False,1.0,0.0,,1165901,0,0,0,False
vw_meb.dbc,0,0xad,Getriebe_11,COUNTER,8,4,True,False,1.0,0.0,,1165901,0,0,0,False
vw_meb.dbc,0,0xad,Getriebe_11,GE_Fahrstufe,42,4,True,False,1.0,0.0,,1165901,0,151,0,False
vw_meb.dbc,0,0xad,Getriebe_11,GE_Freig_MMom_Vorhalt,58,1,True,False,1.0,0.0,,1165901,0,0,0,False
vw_meb.dbc,0,0xad,Getriebe_11,GE_MMom_Soll_02,12,10,True,False,1.0,-509.0,,1165901,0,0,0,False
vw_meb.dbc,0,0xad,Getriebe_11,GE_MMom_Status,56,2,True,False,1.0,0.0,,1165901,0,0,0,False
vw_meb.dbc,0,0xad,Getriebe_11,GE_MMom_Status_02,50,3,True,False,1.0,0.0,,1165901,0,0,0,False
vw_meb.dbc,0,0xad,Getriebe_11,GE_MMom_Vorhalt_02,22,10,True,False,1.0,-509.0,,1165901,0,0,0,False
vw_meb.dbc,0,0xad,Getriebe_11,GE_Schaltablauf,47,2,True,False,1.0,0.0,,1165901,0,0,0,False
vw_meb.dbc,0,0xad,Getriebe_11,GE_Status_Kraftschluss,53,3,True,False,1.0,0.0,,1165901,0,0,0,False
vw_meb.dbc,0,0xad,Getriebe_11,GE_Uefkt,32,10,True,False,0.1,0.0,,1165901,0,0,0,False
vw_meb.dbc,0,0xad,Getriebe_11,GE_Uefkt_unplausibel,49,1,True,False,1.0,0.0,,1165901,0,0,0,False
vw_meb.dbc,0,0xad,Getriebe_11,GE_Verbot_Ausblendung,59,1,True,False,1.0,0.0,,1165901,0,0,0,False
vw_meb.dbc,0,0xad,Getriebe_11,GE_Zielgang,60,4,True,False,1.0,0.0,,1165901,0,0,0,False
vw_meb.dbc,0,0xad,Getriebe_11,GE_reserv_Fahrstufe,46,1,True,False,1.0,0.0,,1165901,0,0,0,False
vw_meb.dbc,0,0xb8,EM1_HYB_13,EM1_AR_aktiv,14,1,True,False,1.0,0.0,,23326,0,23326,0,False
vw_meb.dbc,0,0xb8,EM1_HYB_13,EM1_Abregelung_Temperatur,36,1,True,False,1.0,0.0,,23326,0,23326,0,False
vw_meb.dbc,0,0xb8,EM1_HYB_13,EM1_AnlernenElMotor_Anf,43,1,True,False,1.0,0.0,,23326,0,0,0,False
vw_meb.dbc,0,0xb8,EM1_HYB_13,EM1_Eta_Sys,15,9,True,False,0.2,0.0,Unit_PerCent,23326,0,7,7,False
vw_meb.dbc,0,0xb8,EM1_HYB_13,EM1_Fehler_ElAntriebFreilauf_Anf,35,1,True,False,1.0,0.0,,23326,0,23326,0,False
vw_meb.dbc,0,0xb8,EM1_HYB_13,EM1_Freigabe_Info_WFS,12,1,True,False,1.0,0.0,,23326,0,0,0,False
vw_meb.dbc,0,0xb8,EM1_HYB_13,EM1_Freigabe_Verfallsinfo_WFS,55,1,True,False,1.0,0.0,,23326,0,0,0,False
vw_meb.dbc,0,0xb8,EM1_HYB_13,EM1_HV_betriebsbereit,58,1,True,False,1.0,0.0,,23326,0,23326,0,False
vw_meb.dbc,0,0xb8,EM1_HYB_13,EM1_IstStrom,24,11,True,False,1.0,-1023.0,Unit_Amper,23326,0,7,7,False
vw_meb.dbc,0,0xb8,EM1_HYB_13,EM1_Moment_HVVerbraucher,44,10,True,False,1.0,-511.0,Unit_NewtoMeter,23326,0,7,7,False
vw_meb.dbc,0,0xb8,EM1_HYB_13,EM1_Parken_WFS_Status,56,2,True,False,1.0,0.0,,23326,0,0,0,False
vw_meb.dbc,0,0xb8,EM1_HYB_13,EM1_Sperr_Info_WFS,13,1,True,False,1.0,0.0,,23326,0,0,0,False
vw_meb.dbc,0,0xc0,EM1_01,Schubbetrieb,79,1,False,False,1.0,0.0,,1165924,0,0,0,False
vw_meb.dbc,0,0xdb,AWV_03,CHECKSUM,0,8,True,False,1.0,0.0,,443,0,0,0,False
vw_meb.dbc,0,0xdb,AWV_03,COUNTER,8,4,True,False,1.0,0.0,,443,0,0,0,False
vw_meb.dbc,0,0xdb,AWV_03,FCW_Active,64,1,False,False,1.0,0.0,,443,0,0,0,False
vw_meb.dbc,0,0xdb,AWV_03,Pre_Brake_Fill,76,1,False,False,1.0,0.0,,443,0,0,0,False
vw_meb.dbc,0,0xfc,ESC_51,AEB_Breaking_01,24,8,True,False,1.0,0.0,,1166229,0,0,0,False
vw_meb.dbc,0,0xfc,ESC_51,AEB_Breaking_02,32,8,True,False,1.0,0.0,,1166229,0,0,0,False
vw_meb.dbc,0,0xfc,ESC_51,Accelerator_Higher_Speed,40,1,False,False,1.0,0.0,,1166229,0,0,0,False
vw_meb.dbc,0,0xfc,ESC_51,Brake_Pressure,42,9,True,False,0.195,0.0,Unit_Percent,1166229,0,0,0,False
vw_meb.dbc,0,0xfc,ESC_51,CHECKSUM,0,8,True,False,1.0,0.0,,1166229,0,0,0,False
vw_meb.dbc,0,0xfc,ESC_51,COUNTER,8,4,True,False,1.0,0.0,,1166229,0,0,0,False
vw_meb.dbc,0,0xfc,ESC_51,HL_Brake_Pressure,152,8,True,False,1.0,0.0,,1166229,0,0,72,False
vw_meb.dbc,0,0xfc,ESC_51,HL_Radgeschw,64,16,True,False,0.0075,0.0,Unit_KilometerPerHour,1166229,0,0,0,True
vw_meb.dbc,0,0xfc,ESC_51,HR_Brake_Pressure,160,8,True,False,1.0,0.0,,1166229,0,0,72,False
vw_meb.dbc,0,0xfc,ESC_51,HR_Radgeschw,80,16,True,False,0.0075,0.0,Unit_KilometerPerHour,1166229,0,0,0,True
vw_meb.dbc,0,0xfc,ESC_51,Steering_Wheel_CCW,192,8,True,False,1.67,0.0,,1166229,0,0,4616,False
vw_meb.dbc,0,0xfc,ESC_51,Steering_Wheel_CW,184,8,True,False,1.67,0.0,,1166229,0,0,1778,False
vw_meb.dbc,0,0xfc,ESC_51,VL_Brake_Pressure,168,8,True,False,1.0,0.0,,1166229,0,0,72,False
vw_meb.dbc,0,0xfc,ESC_51,VL_Radgeschw,96,16,True,False,0.0075,0.0,Unit_KilometerPerHour,1166229,0,0,0,True
vw_meb.dbc,0,0xfc,ESC_51,VR_Brake_Pressure,176,8,True,False,1.0,0.0,,1166229,0,0,72,False
vw_meb.dbc,0,0xfc,ESC_51,VR_Radgeschw,112,16,True,False,0.0075,0.0,Unit_KilometerPerHour,1166229,0,0,0,True
vw_meb.dbc,0,0xfd,ESP_21,ABS_Bremsung,56,1,True,False,1.0,0.0,,583116,0,0,0,False
vw_meb.dbc,0,0xfd,ESP_21,ASR_Anf,57,1,True,False,1.0,0.0,,583116,0,0,0,False
vw_meb.dbc,0,0xfd,ESP_21,ASR_Schalteingriff,51,2,True,False,1.0,0.0,,583116,0,0,0,False
vw_meb.dbc,0,0xfd,ESP_21,ASR_Tastung_passiv,48,1,True,False,1.0,0.0,,583116,0,0,0,False
vw_meb.dbc,0,0xfd,ESP_21,BR_Eingriffsmoment,12,10,True,False,1.0,-509.0,,583116,0,0,0,False
vw_meb.dbc,0,0xfd,ESP_21,CHECKSUM,0,8,True,False,1.0,0.0,,583116,0,0,0,False
vw_meb.dbc,0,0xfd,ESP_21,COUNTER,8,4,True,False,1.0,0.0,,583116,0,0,0,False
vw_meb.dbc,0,0xfd,ESP_21,EBV_Eingriff,59,1,True,False,1.0,0.0,,583116,0,0,0,False
vw_meb.dbc,0,0xfd,ESP_21,EDS_Eingriff,60,1,True,False,1.0,0.0,,583116,0,0,0,False
vw_meb.dbc,0,0xfd,ESP_21,ESC_Neutralschaltung,63,1,True,False,1.0,0.0,,583116,0,0,0,False
vw_meb.dbc,0,0xfd,ESP_21,ESC_v_Signal_Qualifier_High_Low,24,3,True,False,1.0,0.0,,583116,0,0,0,False
vw_meb.dbc,0,0xfd,ESP_21,ESP_ASP,62,1,True,False,1.0,0.0,,583116,0,0,0,False
vw_meb.dbc,0,0xfd,ESP_21,ESP_Diagnose,23,1,True,False,1.0,0.0,,583116,0,0,0,False
vw_meb.dbc,0,0xfd,ESP_21,ESP_Eingriff,61,1,True,False,1.0,0.0,,583116,0,0,0,False
vw_meb.dbc,0,0xfd,ESP_21,ESP_QBit_v_Signal,55,1,True,False,1.0,0.0,,583116,0,18,0,False
vw_meb.dbc,0,0xfd,ESP_21,ESP_Systemstatus,50,1,True,False,1.0,0.0,,583116,0,0,0,False
vw_meb.dbc,0,0xfd,ESP_21,ESP_Tastung_passiv,49,1,True,False,1.0,0.0,,583116,0,0,0,False
vw_meb.dbc,0,0xfd,ESP_21,ESP_Vorsteuerung,28,1,True,False,1.0,0.0,,583116,0,0,0,False
vw_meb.dbc,0,0xfd,ESP_21,ESP_v_Signal,32,16,True,False,0.01,0.0,Unit_KiloMeterPerHour,583116,0,18,18,True
vw_meb.dbc,0,0xfd,ESP_21,MSR_Anf,58,1,True,False,1.0,0.0,,583116,0,0,0,False
vw_meb.dbc,0,0xfd,ESP_21,OBD_QBit_Schlechtweg,31,1,True,False,1.0,0.0,,583116,0,583116,0,False
vw_meb.dbc,0,0xfd,ESP_21,OBD_Schlechtweg,30,1,True,False,1.0,0.0,,583116,0,0,0,False
vw_meb.dbc,1,0x102,ESC_50,CHECKSUM,0,8,True,False,1.0,0.0,,642303,0,0,0,False
vw_meb.dbc,1,0x102,ESC_50,COUNTER,8,4,True,False,1.0,0.0,,642303,0,0,0,False
vw_meb.dbc,1,0x102,ESC_50,EPB_Status,317,3,True,False,1.0,0.0,,642303,0,0,0,False
vw_meb.dbc,1,0x102,ESC_50,Lateral_Accel,16,8,True,False,0.15,-18.9,Unit_MeterPerSquareSecond,642303,0,0,200161,False
vw_meb.dbc,1,0x102,ESC_50,Longitudinal_Accel,24,10,True,False,0.03125,-16.0,Unit_MeterPerSquareSecond,642303,0,0,390635,False
vw_meb.dbc,1,0x102,ESC_50,Longitudinal_Speed,181,10,True,False,0.25,0.0,Unit_KilometerPerHour,642303,0,0,170,True
vw_meb.dbc,1,0x102,ESC_50,Motion_State,171,2,False,False,1.0,0.0,,642303,0,0,139687,False
vw_meb.dbc,1,0x102,ESC_50,Regen_Braking,123,1,True,False,1.0,0.0,,642303,0,0,0,False
vw_meb.dbc,1,0x102,ESC_50,Yaw_Rate,40,14,True,False,0.01,0.0,Unit_DegreePerSecond,642303,0,0,0,True
vw_meb.dbc,1,0x102,ESC_50,Yaw_Rate_Sign,54,1,False,False,1.0,0.0,,642303,0,0,0,False
vw_meb.dbc,1,0x105,VMM_01,Brake,53,7,True,False,1.0,0.0,,642310,0,0,144560,False
vw_meb.dbc,1,0x105,VMM_01,CNT,8,4,True,False,1.0,0.0,,642310,0,0,0,False
vw_meb.dbc,1,0x105,VMM_01,CRC,0,8,True,False,1.0,0.0,,642310,0,0,0,False
vw_meb.dbc,1,0x105,VMM_01,NEW_SIGNAL_1,40,2,True,False,1.0,0.0,,642310,0,0,0,False
vw_meb.dbc,1,0x105,VMM_01,NEW_SIGNAL_3,32,1,False,False,1.0,0.0,,642310,0,0,0,False
vw_meb.dbc,1,0x105,VMM_01,NEW_SIGNAL_4,20,1,False,False,1.0,0.0,,642310,0,0,0,False
vw_meb.dbc,1,0x105,VMM_01,NEW_SIGNAL_5,13,1,False,False,1.0,0.0,,642310,0,0,0,False
vw_meb.dbc,1,0x10b,Motor_51,Accel_Low_Pressed_Support,21,1,True,False,1.0,0.0,,677858,0,0,0,False
vw_meb.dbc,1,0x10b,Motor_51,Accel_Pedal_Pressure,12,9,True,False,0.4,0.0,,677858,0,0,0,False
vw_meb.dbc,1,0x10b,Motor_51,CHECKSUM,0,8,True,False,1.0,0.0,,677858,0,0,0,False
vw_meb.dbc,1,0x10b,Motor_51,COUNTER,8,4,True,False,1.0,0.0,,677858,0,0,0,False
vw_meb.dbc,1,0x10b,Motor_51,TSK_Limiter_ausgewaehlt,95,1,True,False,1.0,0.0,,677858,0,0,0,False
vw_meb.dbc,1,0x10b,Motor_51,TSK_Status,88,3,True,False,1.0,0.0,,677858,0,36,0,False
vw_meb.dbc,1,0x116,ESP_10,ESP_10_BZ,8,4,True,False,1.0,0.0,,642318,0,0,0,False
vw_meb.dbc,1,0x116,ESP_10,ESP_10_CRC,0,8,True,False,1.0,0.0,,642318,0,0,0,False
vw_meb.dbc,1,0x116,ESP_10,ESP_HL_Fahrtrichtung,60,2,True,False,1.0,0.0,,642318,0,30,0,False
vw_meb.dbc,1,0x116,ESP_10,ESP_HR_Fahrtrichtung,62,2,True,False,1.0,0.0,,642318,0,30,0,False
vw_meb.dbc,1,0x116,ESP_10,ESP_QBit_Wegimpuls_HL,14,1,True,False,1.0,0.0,,642318,0,30,0,False
vw_meb.dbc,1,0x116,ESP_10,ESP_QBit_Wegimpuls_HR,15,1,True,False,1.0,0.0,,642318,0,30,0,False
vw_meb.dbc,1,0x116,ESP_10,ESP_QBit_Wegimpuls_VL,12,1,True,False,1.0,0.0,,642318,0,30,0,False
vw_meb.dbc,1,0x116,ESP_10,ESP_QBit_Wegimpuls_VR,13,1,True,False,1.0,0.0,,642318,0,30,0,False
vw_meb.dbc,1,0x116,ESP_10,ESP_VL_Fahrtrichtung,56,2,True,False,1.0,0.0,,642318,0,30,0,False
vw_meb.dbc,1,0x116,ESP_10,ESP_VR_Fahrtrichtung,58,2,True,False,1.0,0.0,,642318,0,30,0,False
vw_meb.dbc,1,0x116,ESP_10,ESP_Wegimpuls_HL,36,10,True,False,1.0,0.0,,642318,0,30,30,True
vw_meb.dbc,1,0x116,ESP_10,ESP_Wegimpuls_HR,46,10,True,False,1.0,0.0,,642318,0,30,30,True
vw_meb.dbc,1,0x116,ESP_10,ESP_Wegimpuls_VL,16,10,True,False,1.0,0.0,,642318,0,30,30,True
vw_meb.dbc,1,0x116,ESP_10,ESP_Wegimpuls_VR,26,10,True,False,1.0,0.0,,642318,0,30,30,True
vw_meb.dbc,1,0x12b,GRA_ACC_01,CHECKSUM,0,8,True,False,1.0,0.0,,445947,0,0,0,False
vw_meb.dbc,1,0x12b,GRA_ACC_01,COUNTER,8,4,True,False,1.0,0.0,,445947,0,0,0,False
vw_meb.dbc,1,0x12b,GRA_ACC_01,GRA_Abbrechen,13,1,True,False,1.0,0.0,,445947,0,0,0,False
vw_meb.dbc,1,0x12b,GRA_ACC_01,GRA_ButtonTypeInfo,27,3,True,False,1.0,0.0,,445947,0,0,0,False
vw_meb.dbc,1,0x12b,GRA_ACC_01,GRA_Codierung,22,2,True,False,1.0,0.0,,445947,0,0,0,False
vw_meb.dbc,1,0x12b,GRA_ACC_01,GRA_Fehler,24,1,True,False,1.0,0.0,,445947,0,445947,0,False
vw_meb.dbc,1,0x12b,GRA_ACC_01,GRA_Hauptschalter,12,1,True,False,1.0,0.0,,445947,0,0,0,False
vw_meb.dbc,1,0x12b,GRA_ACC_01,GRA_LIM_Taste_verfuegbar,25,1,True,False,1.0,0.0,,445947,0,0,0,False
vw_meb.dbc,1,0x12b,GRA_ACC_01,GRA_Limiter,15,1,True,False,1.0,0.0,,445947,0,0,0,False
vw_meb.dbc,1,0x12b,GRA_ACC_01,GRA_Tip_Hoch,17,1,True,False,1.0,0.0,,445947,0,0,0,False
vw_meb.dbc,1,0x12b,GRA_ACC_01,GRA_Tip_Runter,18,1,True,False,1.0,0.0,,445947,0,0,0,False
vw_meb.dbc,1,0x12b,GRA_ACC_01,GRA_Tip_Setzen,16,1,True,False,1.0,0.0,,445947,0,0,0,False
vw_meb.dbc,1,0x12b,GRA_ACC_01,GRA_Tip_Stufe_2,26,1,True,False,1.0,0.0,,445947,0,0,0,False
vw_meb.dbc,1,0x12b,GRA_ACC_01,GRA_Tip_Wiederaufnahme,19,1,True,False,1.0,0.0,,445947,0,0,0,False
vw_meb.dbc,1,0x12b,GRA_ACC_01,GRA_TravelAssist,30,1,True,False,1.0,0.0,,445947,0,0,0,False
vw_meb.dbc,1,0x12b,GRA_ACC_01,GRA_Typ_Hauptschalter,14,1,True,False,1.0,0.0,,445947,0,0,0,False
vw_meb.dbc,1,0x12b,GRA_ACC_01,GRA_Verstellung_Zeitluecke,20,2,True,False,1.0,0.0,,445947,0,0,0,False
vw_meb.dbc,1,0x12b,GRA_ACC_01,GRA_reserveByte4,31,1,True,False,1.0,0.0,,445947,0,0,0,False
vw_meb.dbc,1,0x12b,GRA_ACC_01,GRA_reserveByte5,32,8,True,False,1.0,0.0,,445947,0,0,0,False
vw_meb.dbc,1,0x12b,GRA_ACC_01,GRA_reserveByte6,40,8,True,False,1.0,0.0,,445947,0,0,0,False
vw_meb.dbc,1,0x12b,GRA_ACC_01,GRA_reserveByte7,48,8,True,False,1.0,0.0,,445947,0,0,0,False
vw_meb.dbc,1,0x12b,GRA_ACC_01,GRA_reserveByte8,56,8,True,False,1.0,0.0,,445947,0,0,0,False
vw_meb.dbc,1,0x12dd553d,HVL_01,CHK,8,4,True,False,1.0,0.0,,135587,0,0,0,False
vw_meb.dbc,1,0x12dd553d,HVL_01,CRC,0,8,True,False,1.0,0.0,,135587,0,0,0,False
vw_meb.dbc,1,0x139,VMM_02,AEB_Active,31,1,False,False,1.0,0.0,,642318,0,0,0,False
vw_meb.dbc,1,0x139,VMM_02,Brake_Pressed_1,16,1,False,False,1.0,0.0,,642318,0,0,0,False
vw_meb.dbc,1,0x139,VMM_02,Brake_Pressed_2,27,1,False,False,1.0,0.0,,642318,0,0,0,False
vw_meb.dbc,1,0x139,VMM_02,Brake_Pressed_3,48,1,False,False,1.0,0.0,,642318,0,0,0,False
vw_meb.dbc,1,0x139,VMM_02,Brake_Pressure,76,11,True,False,1.0,0.0,,642318,0,0,5775,True
vw_meb.dbc,1,0x139,VMM_02,CHECKSUM,0,8,True,False,1.0,0.0,,642318,0,0,0,False
vw_meb.dbc,1,0x139,VMM_02,COUNTER,8,4,True,False,1.0,0.0,,642318,0,0,0,False
vw_meb.dbc,1,0x139,VMM_02,ESP_Hold,35,1,False,False,1.0,0.0,,642318,0,0,0,False
vw_meb.dbc,1,0x139,VMM_02,FCW_Active,56,1,True,False,1.0,0.0,,642318,0,0,0,False
vw_meb.dbc,1,0x139,VMM_02,Long_Control_Inhibit,52,2,True,False,1.0,0.0,,642318,0,0,0,False
vw_meb.dbc,1,0x13f,PreCrash_02,PreCrash_02_BZ,8,4,True,False,1.0,0.0,,67795,0,0,0,False
vw_meb.dbc,1,0x13f,PreCrash_02,PreCrash_02_CRC,0,8,True,False,1.0,0.0,,67795,0,0,0,False
vw_meb.dbc,1,0x13f,PreCrash_02,PreCrash_Anforderung_AFR,26,3,True,False,1.0,0.0,,67795,0,67795,0,False
vw_meb.dbc,1,0x13f,PreCrash_02,PreCrash_BFS_KSV_verfahren,47,4,True,False,1.0,0.0,,67795,0,0,0,False
vw_meb.dbc,1,0x13f,PreCrash_02,PreCrash_BFS_Pneumatik_ansteuern,32,1,True,False,1.0,0.0,,67795,0,0,0,False
vw_meb.dbc,1,0x13f,PreCrash_02,PreCrash_BFS_Sitzlehne_verfahren,37,3,True,False,1.0,0.0,,67795,0,0,0,False
vw_meb.dbc,1,0x13f,PreCrash_02,PreCrash_Blinken,20,3,True,False,1.0,0.0,,67795,0,0,0,False
vw_meb.dbc,1,0x13f,PreCrash_02,PreCrash_Charisma_FahrPr,12,4,True,False,1.0,0.0,,67795,0,0,0,False
vw_meb.dbc,1,0x13f,PreCrash_02,PreCrash_Charisma_Status,16,2,True,False,1.0,0.0,,67795,0,67795,0,False
vw_meb.dbc,1,0x13f,PreCrash_02,PreCrash_FS_KSV_verfahren,43,4,True,False,1.0,0.0,,67795,0,0,0,False
vw_meb.dbc,1,0x13f,PreCrash_02,PreCrash_FS_Pneumatik_ansteuern,31,1,True,False,1.0,0.0,,67795,0,0,0,False
vw_meb.dbc,1,0x13f,PreCrash_02,PreCrash_FS_Sitzlehne_verfahren,34,3,True,False,1.0,0.0,,67795,0,0,0,False
vw_meb.dbc,1,0x13f,PreCrash_02,PreCrash_Fenster_schliessen,19,1,True,False,1.0,0.0,,67795,0,0,0,False
vw_meb.dbc,1,0x13f,PreCrash_02,PreCrash_Fo_KSV_verfahren,51,4,True,False,1.0,0.0,,67795,0,0,0,False
vw_meb.dbc,1,0x13f,PreCrash_02,PreCrash_Fo_Pneumatik_ansteuern,33,1,True,False,1.0,0.0,,67795,0,0,0,False
vw_meb.dbc,1,0x13f,PreCrash_02,PreCrash_Fo_Sitzlehne_verfahren,40,3,True,False,1.0,0.0,,67795,0,0,0,False
vw_meb.dbc,1,0x13f,PreCrash_02,PreCrash_Schiebedach_schliessen,18,1,True,False,1.0,0.0,,67795,0,0,0,False
vw_meb.dbc,1,0x13f,PreCrash_02,PreCrash_Tueren_Verriegeln,24,1,True,False,1.0,0.0,,67795,0,0,0,False
vw_meb.dbc,1,0x13f,PreCrash_02,SC_PreCrash_LED,29,2,True,False,1.0,0.0,,67795,0,0,0,False
vw_meb.dbc,1,0x13f,PreCrash_02,SC_PreCrash_Texte,60,4,True,False,1.0,0.0,,67795,0,0,0,False
vw_meb.dbc,1,0x13f,PreCrash_02,SC_PreCrash_Warnung,56,4,True,False,1.0,0.0,,67795,0,0,0,False
vw_meb.dbc,1,0x13f,PreCrash_02,SC_PreSense_FCWP,23,1,True,False,1.0,0.0,,67795,0,0,0,False
vw_meb.dbc,1,0x14c,Motor_54,Accelerator_Pressure,175,8,False,False,0.391,-14.467,Unit_Percent,135758,0,0,0,False
vw_meb.dbc,1,0x14c,Motor_54,CHECKSUM,0,8,True,False,1.0,0.0,,135758,0,0,0,False
vw_meb.dbc,1,0x14c,Motor_54,COUNTER,8,4,True,False,1.0,0.0,,135758,0,0,0,False
vw_meb.dbc,1,0x14d,ACC_18,ACC_AKTIV_regelt,90,1,False,False,1.0,0.0,,582750,0,0,0,False
vw_meb.dbc,1,0x14d,ACC_18,ACC_Anfahren,56,1,True,False,1.0,0.0,,582750,0,0,0,False
vw_meb.dbc,1,0x14d,ACC_18,ACC_Anforderung_HMS,77,3,True,False,1.0,0.0,,582750,0,0,0,False
vw_meb.dbc,1,0x14d,ACC_18,ACC_Anhalten,57,1,True,False,1.0,0.0,,582750,0,0,0,False
vw_meb.dbc,1,0x14d,ACC_18,ACC_Anhalteweg,64,11,True,False,0.01,0.0,,582750,0,0,0,False
vw_meb.dbc,1,0x14d,ACC_18,ACC_DynErhoehung,14,1,True,False,1.0,0.0,,582750,0,0,0,False
vw_meb.dbc,1,0x14d,ACC_18,ACC_Freilaufstrategie_TSK,15,1,True,False,1.0,0.0,,582750,0,0,0,False
vw_meb.dbc,1,0x14d,ACC_18,ACC_Minimale_Bremsung,63,1,True,False,1.0,0.0,,582750,0,0,0,False
vw_meb.dbc,1,0x14d,ACC_18,ACC_Sollbeschleunigung_02,24,11,True,False,0.005,-7.22,Unit_MeterPerSeconSquar,582750,0,0,212963,True
vw_meb.dbc,1,0x14d,ACC_18,ACC_StartStopp_Info,22,2,True,False,1.0,0.0,,582750,0,0,0,False
vw_meb.dbc,1,0x14d,ACC_18,ACC_Status_ACC,60,3,True,False,1.0,0.0,,582750,0,19046,0,False
vw_meb.dbc,1,0x14d,ACC_18,ACC_Typ,58,2,True,False,1.0,0.0,,582750,0,0,0,False
vw_meb.dbc,1,0x14d,ACC_18,ACC_limitierte_Anfahrdyn,12,1,True,False,1.0,0.0,,582750,0,0,0,False
vw_meb.dbc,1,0x14d,ACC_18,ACC_nachtr_Stopp_Anf,13,1,True,False,1.0,0.0,,582750,0,0,0,False
vw_meb.dbc,1,0x14d,ACC_18,ACC_neg_Sollbeschl_Grad_02,40,8,True,False,0.05,0.0,Unit_MeterPerCubicSecon,582750,0,0,0,False
vw_meb.dbc,1,0x14d,ACC_18,ACC_pos_Sollbeschl_Grad_02,48,8,True,False,0.05,0.0,Unit_MeterPerCubicSecon,582750,0,0,0,False
vw_meb.dbc,1,0x14d,ACC_18,ACC_zul_Regelabw_oben,35,5,True,False,0.0625,0.0,Unit_MeterPerSeconSquar,582750,0,0,0,False
vw_meb.dbc,1,0x14d,ACC_18,ACC_zul_Regelabw_unten,16,6,True,False,0.024,0.0,Unit_MeterPerSeconSquar,582750,0,0,0,False
vw_meb.dbc,1,0x14d,ACC_18,Accel_Boost,248,6,True,False,1.0,0.0,,582750,0,0,1722,False
vw_meb.dbc,1,0x14d,ACC_18,CHECKSUM,0,8,True,False,1.0,0.0,,582750,0,0,0,False
vw_meb.dbc,1,0x14d,ACC_18,COUNTER,8,4,True,False,1.0,0.0,,582750,0,0,0,False
vw_meb.dbc,1,0x14d,ACC_18,Reversing,254,1,False,False,1.0,0.0,,582750,0,0,0,False
vw_meb.dbc,1,0x14d,ACC_18,SET_ME_0X1,92,1,False,False,1.0,0.0,,582750,0,0,0,False
vw_meb.dbc,1,0x14d,ACC_18,SET_ME_0X9,232,4,True,False,1.0,0.0,,582750,0,0,0,False
vw_meb.dbc,1,0x14d,ACC_18,SET_ME_0XFE,80,8,True,False,1.0,0.0,,582750,0,0,0,False
vw_meb.dbc,1,0x14d,ACC_18,Speed,236,12,True,False,0.1,0.0,,582750,0,0,493625,True
vw_meb.dbc,1,0x153,MSG_HYB_30,MO_ErwGrenzen_Anf,13,1,True,False,1.0,0.0,,67777,0,0,0,False
vw_meb.dbc,1,0x153,MSG_HYB_30,MO_Fehler_Notentladung_Anf,14,1,True,False,1.0,0.0,,67777,0,67777,0,False
vw_meb.dbc,1,0x153,MSG_HYB_30,MO_HVEM_Eskalation,12,1,True,False,1.0,0.0,,67777,0,0,0,False
vw_meb.dbc,1,0x153,MSG_HYB_30,MO_HVEM_MaxLeistung,15,9,True,False,50.0,0.0,Unit_Watt,67777,0,0,0,False
vw_meb.dbc,1,0x153,MSG_HYB_30,MO_HVK_AntriebFehlerstatus,37,3,True,False,1.0,0.0,,67777,0,67777,0,False
vw_meb.dbc,1,0x153,MSG_HYB_30,MO_HVK_AntriebZustand,41,3,True,False,1.0,0.0,,67777,0,67777,0,False
vw_meb.dbc,1,0x153,MSG_HYB_30,MO_HVK_EmFehlerstatus,44,3,True,False,1.0,0.0,,67777,0,67777,0,False
vw_meb.dbc,1,0x153,MSG_HYB_30,MO_HVK_EmIstzustand,24,8,True,False,1.0,0.0,,67777,0,67777,0,False
vw_meb.dbc,1,0x153,MSG_HYB_30,MO_MVK_AntriebFehlerstatus,47,3,True,False,1.0,0.0,,67777,0,67777,0,False
vw_meb.dbc,1,0x153,MSG_HYB_30,MO_MVK_AntriebZustand,50,3,True,False,1.0,0.0,,67777,0,67777,0,False
vw_meb.dbc,1,0x153,MSG_HYB_30,MO_MVK_Bordnetz_Anf,40,1,True,False,1.0,0.0,,67777,0,0,0,False
vw_meb.dbc,1,0x153,MSG_HYB_30,MO_MVK_EmFehlerstatus,53,3,True,False,1.0,0.0,,67777,0,67777,0,False
vw_meb.dbc,1,0x153,MSG_HYB_30,MO_MVK_EmIstzustand,56,8,True,False,1.0,0.0,,67777,0,67777,0,False
vw_meb.dbc,1,0x153,MSG_HYB_30,MSG_HYB_30_BZ,8,4,True,False,1.0,0.0,,67777,0,0,0,False
vw_meb.dbc,1,0x153,MSG_HYB_30,MSG_HYB_30_CRC,0,8,True,False,1.0,0.0,,67777,0,0,0,False
vw_meb.dbc,1,0x1a4,EA_01,CHECKSUM,0,8,True,False,1.0,0.0,,23296,0,0,0,False
vw_meb.dbc,1,0x1a4,EA_01,COUNTER,8,4,True,False,1.0,0.0,,23296,0,0,0,False
vw_meb.dbc,1,0x1a4,EA_01,EA_Anforderung_HMS,48,3,True,False,1.0,0.0,,23296,0,0,0,False
vw_meb.dbc,1,0x1a4,EA_01,EA_Funktionsstatus,40,4,True,False,1.0,0.0,,23296,0,769,0,False
vw_meb.dbc,1,0x1a4,EA_01,EA_Gurtstraffer_Anf,44,2,True,False,1.0,0.0,,23296,0,0,0,False
vw_meb.dbc,1,0x1a4,EA_01,EA_Parken_beibehalten_HMS,12,2,True,False,1.0,0.0,,23296,0,769,0,False
vw_meb.dbc,1,0x1a4,EA_01,EA_Sollbeschleunigung,53,11,True,False,0.005,-7.22,Unit_MeterPerSeconSquar,23296,0,0,23296,False
vw_meb.dbc,1,0x1a4,EA_01,EA_Warnruckprofil,28,3,True,False,1.0,0.0,,23296,0,0,0,False
vw_meb.dbc,1,0x1a4,EA_01,EA_eCall_Anf,31,2,True,False,1.0,0.0,,23296,0,0,0,False
vw_meb.dbc,1,0x1a555541,EML_02,CHK,8,4,True,False,1.0,0.0,,67793,0,0,0,False
vw_meb.dbc,1,0x1a555541,EML_02,CRC,0,8,True,False,1.0,0.0,,67793,0,0,0,False
vw_meb.dbc,1,0x206,Parken_01,AEB_Active,16,1,False,False,1.0,0.0,,582760,0,0,0,False
vw_meb.dbc,1,0x206,Parken_01,CHK,0,8,True,False,1.0,0.0,,582760,0,0,0,False
vw_meb.dbc,1,0x206,Parken_01,CNT,8,4,True,False,1.0,0.0,,582760,0,0,0,False
vw_meb.dbc,1,0x24f,Strukturen_01,Distance_Status,13,2,True,False,1.0,0.0,,291380,0,0,0,False
vw_meb.dbc,1,0x24f,Strukturen_01,Left_Lane_01_Lat_Distance,108,10,True,False,0.065,-33.28,Unit_Meter,291380,0,0,0,True
vw_meb.dbc,1,0x24f,Strukturen_01,Left_Lane_01_Long_Distance,96,12,True,False,0.0625,-3.75,Unit_Meter,291380,0,0,261322,True
vw_meb.dbc,1,0x24f,Strukturen_01,Left_Lane_01_ObjectID,22,6,True,False,1.0,0.0,Unit_ObjectID,291380,0,0,0,False
vw_meb.dbc,1,0x24f,Strukturen_01,Left_Lane_01_Rel_Velo,118,10,True,False,0.25,-128.0,Unit_MeterPerSecond,291380,0,0,0,False
vw_meb.dbc,1,0x24f,Strukturen_01,Left_Lane_02_Lat_Distance,204,10,True,False,0.065,-33.28,Unit_Meter,291380,0,0,0,True
vw_meb.dbc,1,0x24f,Strukturen_01,Left_Lane_02_Long_Distance,192,12,True,False,0.0625,-3.75,Unit_Meter,291380,0,0,283402,True
vw_meb.dbc,1,0x24f,Strukturen_01,Left_Lane_02_ObjectID,40,6,True,False,1.0,0.0,Unit_ObjectID,291380,0,0,0,False
vw_meb.dbc,1,0x24f,Strukturen_01,Left_Lane_02_Rel_Velo,214,10,True,False,0.25,-128.0,Unit_MeterPerSecond,291380,0,0,0,False
vw_meb.dbc,1,0x24f,Strukturen_01,Right_Lane_01_Lat_Distance,140,10,True,False,0.065,-33.28,Unit_Meter,291380,0,0,0,True
vw_meb.dbc,1,0x24f,Strukturen_01,Right_Lane_01_Long_Distance,128,12,True,False,0.0625,-3.75,Unit_Meter,291380,0,0,194722,True
vw_meb.dbc,1,0x24f,Strukturen_01,Right_Lane_01_ObjectID,28,6,True,False,1.0,0.0,Unit_ObjectID,291380,0,0,0,False
vw_meb.dbc,1,0x24f,Strukturen_01,Right_Lane_01_Rel_Velo,150,10,True,False,0.25,-128.0,Unit_MeterPerSecond,291380,0,0,0,False
vw_meb.dbc,1,0x24f,Strukturen_01,Right_Lane_02_Lat_Distance,236,10,True,False,0.065,-33.28,Unit_Meter,291380,0,0,0,True
vw_meb.dbc,1,0x24f,Strukturen_01,Right_Lane_02_Long_Distance,224,12,True,False,0.0625,-3.75,Unit_Meter,291380,0,0,263557,True
vw_meb.dbc,1,0x24f,Strukturen_01,Right_Lane_02_ObjectID,46,6,True,False,1.0,0.0,Unit_ObjectID,291380,0,0,0,False
vw_meb.dbc,1,0x24f,Strukturen_01,Right_Lane_02_Rel_Velo,246,10,True,False,0.25,-128.0,Unit_MeterPerSecond,291380,0,0,0,False
vw_meb.dbc,1,0x24f,Strukturen_01,Same_Lane_01_Lat_Distance,76,10,True,False,0.065,-33.28,Unit_Meter,291380,0,0,0,True
vw_meb.dbc,1,0x24f,Strukturen_01,Same_Lane_01_Long_Distance,64,12,True,False,0.0625,-3.75,Unit_Meter,291380,0,0,182347,True
vw_meb.dbc,1,0x24f,Strukturen_01,Same_Lane_01_ObjectID,16,6,True,False,1.0,0.0,Unit_ObjectID,291380,0,0,0,False
vw_meb.dbc,1,0x24f,Strukturen_01,Same_Lane_01_Rel_Velo,86,10,True,False,0.25,-128.0,Unit_MeterPerSecond,291380,0,0,0,False
vw_meb.dbc,1,0x24f,Strukturen_01,Same_Lane_02_Lat_Distance,172,10,True,False,0.065,-33.28,Unit_Meter,291380,0,0,0,True
vw_meb.dbc,1,0x24f,Strukturen_01,Same_Lane_02_Long_Distance,160,12,True,False,0.0625,-3.75,Unit_Meter,291380,0,0,276274,True
vw_meb.dbc,1,0x24f,Strukturen_01,Same_Lane_02_ObjectID,34,6,True,False,1.0,0.0,Unit_ObjectID,291380,0,0,0,False
vw_meb.dbc,1,0x24f,Strukturen_01,Same_Lane_02_Rel_Velo,182,10,True,False,0.25,-128.0,Unit_MeterPerSecond,291380,0,0,0,False
vw_meb.dbc,1,0x2c2,Motor_41,MO_ADR_Status,19,2,True,False,1.0,0.0,,27216,0,0,0,False
vw_meb.dbc,1,0x2c2,Motor_41,MO_AGA_Sound_Texte,21,2,True,False,1.0,0.0,,27216,0,0,0,False
vw_meb.dbc,1,0x2c2,Motor_41,MO_Anz_Kuehlerluefter,47,3,True,False,1.0,0.0,,27216,0,0,0,False
vw_meb.dbc,1,0x2c2,Motor_41,MO_Anzeige_FMAus_Text,23,1,True,False,1.0,0.0,,27216,0,0,0,False
vw_meb.dbc,1,0x2c2,Motor_41,MO_Anzeige_StSt_Symbol,16,3,True,False,1.0,0.0,,27216,0,0,0,False
vw_meb.dbc,1,0x2c2,Motor_41,MO_Anzeige_StSt_Text,12,4,True,False,1.0,0.0,,27216,0,0,0,False
vw_meb.dbc,1,0x2c2,Motor_41,MO_Avus_Motorschutz,30,2,True,False,1.0,0.0,,27216,0,0,0,False
vw_meb.dbc,1,0x2c2,Motor_41,MO_Fehler_MSpG,24,1,True,False,1.0,0.0,,27216,0,0,0,False
vw_meb.dbc,1,0x2c2,Motor_41,MO_OelMessung_Dauer,52,4,True,False,15.0,15.0,Unit_Secon,27216,0,0,0,False
vw_meb.dbc,1,0x2c2,Motor_41,MO_Red_Fahrleistung,38,3,True,False,1.0,0.0,,27216,0,0,0,False
vw_meb.dbc,1,0x2c2,Motor_41,MO_Rekuperationsstufe,32,3,True,False,1.0,0.0,,27216,0,0,0,False
vw_meb.dbc,1,0x2c2,Motor_41,MO_im_Leerlauf,50,1,True,False,1.0,0.0,,27216,0,0,0,False
vw_meb.dbc,1,0x2c2,Motor_41,PEA_Texte,25,3,True,False,1.0,0.0,,27216,0,0,0,False
vw_meb.dbc,1,0x2c2,Motor_41,TSK_Einheit_vMax_FahrerInfo,35,1,True,False,1.0,0.0,,27216,0,0,0,False
vw_meb.dbc,1,0x2c2,Motor_41,TSK_Status_vMax_FahrerInfo,36,2,True,False,1.0,0.0,,27216,0,0,0,False
vw_meb.dbc,1,0x2c2,Motor_41,TSK_Ueberstimmt_vMax_FahrerInfo,28,2,True,False,1.0,0.0,,27216,0,0,0,False
vw_meb.dbc,1,0x2c2,Motor_41,TSK_vMax_FahrerInfo,56,8,True,False,1.0,15.0,,27216,0,27216,27216,False
vw_meb.dbc,1,0x2c2,Motor_41,WIV_Enable_Oeldr_Motor,51,1,True,False,1.0,0.0,,27216,0,0,0,False
vw_meb.dbc,1,0x31b,ESP_24,ABS_Lampe,13,1,True,False,1.0,0.0,,256920,0,0,0,False
vw_meb.dbc,1,0x31b,ESP_24,BK_Lampe_02,14,2,True,False,1.0,0.0,,256920,0,0,0,False
vw_meb.dbc,1,0x31b,ESP_24,ESP_BKV_Warnung,63,1,True,False,1.0,0.0,,256920,0,0,0,False
vw_meb.dbc,1,0x31b,ESP_24,ESP_Fehlerstatus_Wegimp,51,1,True,False,1.0,0.0,,256920,0,0,0,False
vw_meb.dbc,1,0x31b,ESP_24,ESP_HDC_Geschw_Farbe,54,1,True,False,1.0,0.0,,256920,0,0,0,False
vw_meb.dbc,1,0x31b,ESP_24,ESP_HDC_Regelgeschw,56,7,True,False,0.32,0.0,Unit_KiloMeterPerHour,256920,0,256920,256920,False
vw_meb.dbc,1,0x31b,ESP_24,ESP_Lampe,12,1,True,False,1.0,0.0,,256920,0,0,0,False
vw_meb.dbc,1,0x31b,ESP_24,ESP_Meldungen,37,3,True,False,1.0,0.0,,256920,0,0,0,False
vw_meb.dbc,1,0x31b,ESP_24,ESP_Off_Lampe,55,1,True,False,1.0,0.0,,256920,0,0,0,False
vw_meb.dbc,1,0x31b,ESP_24,ESP_QBit_Wegimp_VA,53,1,True,False,1.0,0.0,,256920,0,10,0,False
vw_meb.dbc,1,0x31b,ESP_24,ESP_Textanzeigen_03,32,5,True,False,1.0,0.0,,256920,0,0,0,False
vw_meb.dbc,1,0x31b,ESP_24,ESP_Wegimp_Ueberlauf,52,1,True,False,1.0,0.0,,256920,0,0,0,False
vw_meb.dbc,1,0x31b,ESP_24,ESP_Wegimp_VA,40,11,True,False,1.0,0.0,,256920,0,0,0,True
vw_meb.dbc,1,0x31b,ESP_24,ESP_m_Raddrehz,17,15,True,False,0.002,0.0,Unit_Hertz,256920,0,10,10,True
vw_meb.dbc,1,0x31b,ESP_24,TC_Lampe,16,1,True,False,1.0,0.0,,256920,0,0,0,False
vw_meb.dbc,1,0x331,MFL_01,MFL_Dummy_0_Signal_1,40,8,True,False,1.0,0.0,,26760,0,0,0,False
vw_meb.dbc,1,0x331,MFL_01,MFL_Dummy_0_Signal_2,52,1,True,False,1.0,0.0,,26760,0,0,0,False
vw_meb.dbc,1,0x331,MFL_01,MFL_Dummy_0_Signal_3,53,1,True,False,1.0,0.0,,26760,0,0,0,False
vw_meb.dbc,1,0x331,MFL_01,MFL_ECU_Err,62,1,True,False,1.0,0.0,,26760,0,0,0,False
vw_meb.dbc,1,0x331,MFL_01,MFL_Eventcode_1,24,4,True,False,1.0,0.0,,26760,0,0,0,False
vw_meb.dbc,1,0x331,MFL_01,MFL_Eventcode_2,28,4,True,False,1.0,0.0,,26760,0,0,0,False
vw_meb.dbc,1,0x331,MFL_01,MFL_LR_HZG_Err,55,1,True,False,1.0,0.0,,26760,0,0,0,False
vw_meb.dbc,1,0x331,MFL_01,MFL_LR_HZG_Status,54,1,True,False,1.0,0.0,,26760,0,0,0,False
vw_meb.dbc,1,0x331,MFL_01,MFL_Lokalaktiv,5,1,True,False,1.0,0.0,,26760,0,0,0,False
vw_meb.dbc,1,0x331,MFL_01,MFL_M_Taste,6,1,True,False,1.0,0.0,,26760,0,0,0,False
vw_meb.dbc,1,0x331,MFL_01,MFL_Marke,32,4,True,False,1.0,0.0,,26760,0,0,0,False
vw_meb.dbc,1,0x331,MFL_01,MFL_Paddle_Verbau,7,1,True,False,1.0,0.0,,26760,0,0,0,False
vw_meb.dbc,1,0x331,MFL_01,MFL_Response_Err,63,1,True,False,1.0,0.0,,26760,0,0,0,False
vw_meb.dbc,1,0x331,MFL_01,MFL_SatModul_links_Err,50,1,True,False,1.0,0.0,,26760,0,26760,0,False
vw_meb.dbc,1,0x331,MFL_01,MFL_SatModul_rechts_Err,51,1,True,False,1.0,0.0,,26760,0,26760,0,False
vw_meb.dbc,1,0x331,MFL_01,MFL_Signalhorn,56,1,True,False,1.0,0.0,,26760,0,0,0,False
vw_meb.dbc,1,0x331,MFL_01,MFL_Signalhorn_Err,57,1,True,False,1.0,0.0,,26760,0,0,0,False
vw_meb.dbc,1,0x331,MFL_01,MFL_Taste_links_Err,60,1,True,False,1.0,0.0,,26760,0,0,0,False
vw_meb.dbc,1,0x331,MFL_01,MFL_Taste_rechts_Err,61,1,True,False,1.0,0.0,,26760,0,0,0,False
vw_meb.dbc,1,0x331,MFL_01,MFL_Tastencode_1,8,8,True,False,1.0,0.0,,26760,0,0,0,False
vw_meb.dbc,1,0x331,MFL_01,MFL_Tastencode_2,16,8,True,False,1.0,0.0,,26760,0,0,0,False
vw_meb.dbc,1,0x331,MFL_01,MFL_Tip_Down,48,1,True,False,1.0,0.0,,26760,0,0,0,False
vw_meb.dbc,1,0x331,MFL_01,MFL_Tip_Up,49,1,True,False,1.0,0.0,,26760,0,0,0,False
vw_meb.dbc,1,0x331,MFL_01,MFL_Tip_links_Err,58,1,True,False,1.0,0.0,,26760,0,0,0,False
vw_meb.dbc,1,0x331,MFL_01,MFL_Tip_rechts_Err,59,1,True,False,1.0,0.0,,26760,0,0,0,False
vw_meb.dbc,1,0x331,MFL_01,MFL_Toggle,4,1,True,False,1.0,0.0,,26760,0,0,0,False
vw_meb.dbc,1,0x331,MFL_01,MFL_Variante,36,4,True,False,1.0,0.0,,26760,0,0,0,False
vw_meb.dbc,1,0x331,MFL_01,MFL_Zaehler,0,4,True,False,1.0,0.0,,26760,0,0,0,False
vw_meb.dbc,1,0x365,NVEM_05,BEM_Anf_KL,29,1,True,False,1.0,0.0,,271170,0,0,0,False
vw_meb.dbc,1,0x365,NVEM_05,BEM_Batt_Ab,38,1,True,False,1.0,0.0,,271170,0,0,0,False
vw_meb.dbc,1,0x365,NVEM_05,BEM_DFM,32,5,True,False,3.225,0.025,,271170,0,0,0,False
vw_meb.dbc,1,0x365,NVEM_05,BEM_HYB_DC_uMinLV,56,8,True,False,0.1,0.0,Unit_Volt,271170,0,271170,271170,False
vw_meb.dbc,1,0x365,NVEM_05,BEM_HYB_DC_uSollLV,50,6,True,False,0.1,10.6,Unit_Volt,271170,0,0,0,False
vw_meb.dbc,1,0x365,NVEM_05,BEM_Hybrid_Info,44,2,True,False,1.0,0.0,,271170,0,0,0,False
vw_meb.dbc,1,0x365,NVEM_05,BEM_P_Generator,16,8,True,False,50.0,0.0,Unit_Watt,271170,0,0,0,False
vw_meb.dbc,1,0x365,NVEM_05,BEM_StartStopp_Info,30,2,True,False,1.0,0.0,,271170,0,0,0,False
vw_meb.dbc,1,0x365,NVEM_05,BEM_n_LLA,24,2,True,False,1.0,0.0,,271170,0,0,0,False
vw_meb.dbc,1,0x365,NVEM_05,NVEM_05_BZ,8,4,True,False,1.0,0.0,,271170,0,0,0,False
vw_meb.dbc,1,0x365,NVEM_05,NVEM_05_CRC,0,8,True,False,1.0,0.0,,271170,0,0,0,False
vw_meb.dbc,1,0x365,NVEM_05,NVEM_Freilauf_Info,48,2,True,False,1.0,0.0,,271170,0,0,0,False
vw_meb.dbc,1,0x365,NVEM_05,NVEM_P_Generator_Status,15,1,True,False,1.0,0.0,,271170,0,0,0,False
vw_meb.dbc,1,0x365,NVEM_05,NVEM_Pilot_Info,12,2,True,False,1.0,0.0,,271170,0,271170,0,False
vw_meb.dbc,1,0x365,NVEM_05,NVEM_Red_KL,46,2,True,False,1.0,0.0,,271170,0,271170,0,False
vw_meb.dbc,1,0x366,Blinkmodi_02,BM_Autobahn,34,1,True,False,1.0,0.0,,21334,0,0,0,False
vw_meb.dbc,1,0x366,Blinkmodi_02,BM_Crash,16,1,True,False,1.0,0.0,,21334,0,0,0,False
vw_meb.dbc,1,0x366,Blinkmodi_02,BM_DWA_Alarm,15,1,True,False,1.0,0.0,,21334,0,0,0,False
vw_meb.dbc,1,0x366,Blinkmodi_02,BM_DWA_ein,14,1,True,False,1.0,0.0,,21334,0,0,0,False
vw_meb.dbc,1,0x366,Blinkmodi_02,BM_GDO,19,1,True,False,1.0,0.0,,21334,0,0,0,False
vw_meb.dbc,1,0x366,Blinkmodi_02,BM_HD_Oeffnung_angelernt,33,1,True,False,1.0,0.0,,21334,0,0,0,False
vw_meb.dbc,1,0x366,Blinkmodi_02,BM_NBA_Status,30,2,True,False,1.0,0.0,,21334,0,0,0,False
vw_meb.dbc,1,0x366,Blinkmodi_02,BM_NBA_n_codiert_n_aktiv,29,1,True,False,1.0,0.0,,21334,0,21334,0,False
vw_meb.dbc,1,0x366,Blinkmodi_02,BM_Not_Bremsung,18,1,True,False,1.0,0.0,,21334,0,0,0,False
vw_meb.dbc,1,0x366,Blinkmodi_02,BM_Panik,17,1,True,False,1.0,0.0,,21334,0,0,0,False
vw_meb.dbc,1,0x366,Blinkmodi_02,BM_PiloPa,44,1,True,False,1.0,0.0,,21334,0,0,0,False
vw_meb.dbc,1,0x366,Blinkmodi_02,BM_Recas,36,1,True,False,1.0,0.0,,21334,0,0,0,False
vw_meb.dbc,1,0x366,Blinkmodi_02,BM_Rollenmodus_Blinken,35,1,True,False,1.0,0.0,,21334,0,0,0,False
vw_meb.dbc,1,0x366,Blinkmodi_02,BM_Taxi_Notalarm,21,1,True,False,1.0,0.0,,21334,0,0,0,False
vw_meb.dbc,1,0x366,Blinkmodi_02,BM_Telematik,22,1,True,False,1.0,0.0,,21334,0,0,0,False
vw_meb.dbc,1,0x366,Blinkmodi_02,BM_Telematik_Abbruchgrund,38,6,True,False,1.0,0.0,,21334,0,21334,0,False
vw_meb.dbc,1,0x366,Blinkmodi_02,BM_WBT_Beleuchtung,32,1,True,False,1.0,0.0,,21334,0,0,0,False
vw_meb.dbc,1,0x366,Blinkmodi_02,BM_Warnblinken,20,1,True,False,1.0,0.0,,21334,0,0,0,False
vw_meb.dbc,1,0x366,Blinkmodi_02,BM_Wischblinken,37,1,True,False,1.0,0.0,,21334,0,0,0,False
vw_meb.dbc,1,0x366,Blinkmodi_02,BM_ZV_auf,12,1,True,False,1.0,0.0,,21334,0,0,0,False
vw_meb.dbc,1,0x366,Blinkmodi_02,BM_ZV_zu,13,1,True,False,1.0,0.0,,21334,0,0,0,False
vw_meb.dbc,1,0x366,Blinkmodi_02,BM_links,23,1,True,False,1.0,0.0,,21334,0,0,0,False
vw_meb.dbc,1,0x366,Blinkmodi_02,BM_rechts,24,1,True,False,1.0,0.0,,21334,0,0,0,False
vw_meb.dbc,1,0x366,Blinkmodi_02,Blinken_li_Fzg_Takt,25,1,True,False,1.0,0.0,,21334,0,0,0,False
vw_meb.dbc,1,0x366,Blinkmodi_02,Blinken_li_Kombi_Takt,27,1,True,False,1.0,0.0,,21334,0,0,0,False
vw_meb.dbc,1,0x366,Blinkmodi_02,Blinken_re_Fzg_Takt,26,1,True,False,1.0,0.0,,21334,0,0,0,False
vw_meb.dbc,1,0x366,Blinkmodi_02,Blinken_re_Kombi_Takt,28,1,True,False,1.0,0.0,,21334,0,0,0,False
vw_meb.dbc,1,0x366,Blinkmodi_02,DWA_Alarmquelle,59,5,True,False,1.0,0.0,,21334,0,0,0,False
vw_meb.dbc,1,0x378,GNSS_04,GNSS_Nachrichtenpaket_ID4,0,2,True,False,1.0,0.0,Unit_Bit,13422,0,0,0,False
vw_meb.dbc,1,0x378,GNSS_04,GNSS_Ortung_Hoehe,32,12,True,False,2.0,-500.0,Unit_Meter,13422,0,0,0,True
vw_meb.dbc,1,0x378,GNSS_04,GNSS_Ortung_Zeit_in_GPSWoche,2,30,True,False,1.0,0.0,Unit_MilliSecon,13422,0,0,9,True
vw_meb.dbc,1,0x37b,GNSS_05,GNSS_Empfaenger_Status,32,1,True,False,1.0,0.0,,13422,0,0,0,False
vw_meb.dbc,1,0x37b,GNSS_05,GNSS_Empfangbare_Satelliten,35,5,True,False,1.0,0.0,Unit_None,13422,0,10,12937,False
vw_meb.dbc,1,0x37b,GNSS_05,GNSS_GLONASS_in_Nutzung,34,1,True,False,1.0,0.0,,13422,0,0,0,False
vw_meb.dbc,1,0x37b,GNSS_05,GNSS_GPS_in_Nutzung,33,1,True,False,1.0,0.0,,13422,0,0,0,False
vw_meb.dbc,1,0x37b,GNSS_05,GNSS_Genutzte_Satelliten,45,5,True,False,1.0,0.0,Unit_None,13422,0,522,522,False
vw_meb.dbc,1,0x37b,GNSS_05,GNSS_Nachrichtenpaket_ID5,50,2,True,False,1.0,0.0,Unit_Bit,13422,0,0,0,False
vw_meb.dbc,1,0x37b,GNSS_05,GNSS_Sichtbare_Satelliten,40,5,True,False,1.0,0.0,Unit_None,13422,0,71,9362,False
vw_meb.dbc,1,0x37b,GNSS_05,GNSS_UTC_Zeit,0,32,True,False,1.0,0.0,Unit_Secon,13422,0,9,9,True
vw_meb.dbc,1,0x394,WBA_03,GE_Sollgang,40,4,True,False,1.0,0.0,,84763,0,0,0,False
vw_meb.dbc,1,0x394,WBA_03,GE_Stoppverbot_Anz_01,56,1,True,False,1.0,0.0,,84763,0,0,0,False
vw_meb.dbc,1,0x394,WBA_03,GE_Stoppverbot_Anz_02,57,1,True,False,1.0,0.0,,84763,0,0,0,False
vw_meb.dbc,1,0x394,WBA_03,GE_Stoppverbot_Anz_03,58,1,True,False,1.0,0.0,,84763,0,0,0,False
vw_meb.dbc,1,0x394,WBA_03,GE_Stoppverbot_Anz_04,59,1,True,False,1.0,0.0,,84763,0,0,0,False
vw_meb.dbc,1,0x394,WBA_03,GE_Stoppverbot_Anz_05,60,1,True,False,1.0,0.0,,84763,0,0,0,False
vw_meb.dbc,1,0x394,WBA_03,GE_Stoppverbot_Anz_06,61,1,True,False,1.0,0.0,,84763,0,0,0,False
vw_meb.dbc,1,0x394,WBA_03,GE_Stoppverbot_Anz_07,62,1,True,False,1.0,0.0,,84763,0,0,0,False
vw_meb.dbc,1,0x394,WBA_03,GE_Stoppverbot_Anz_Std,63,1,True,False,1.0,0.0,,84763,0,0,0,False
vw_meb.dbc,1,0x394,WBA_03,GE_Tipschaltempf_verfuegbar,44,1,True,False,1.0,0.0,,84763,0,0,0,False
vw_meb.dbc,1,0x394,WBA_03,GE_Wiederstart_Anz_Std,55,1,True,False,1.0,0.0,,84763,0,0,0,False
vw_meb.dbc,1,0x394,WBA_03,WBA_03_BZ,8,4,True,False,1.0,0.0,,84763,0,0,0,False
vw_meb.dbc,1,0x394,WBA_03,WBA_03_CRC,0,8,True,False,1.0,0.0,,84763,0,0,0,False
vw_meb.dbc,1,0x394,WBA_03,WBA_Blinken,54,1,True,False,1.0,0.0,,84763,0,0,0,False
vw_meb.dbc,1,0x394,WBA_03,WBA_Fahrstufe_02,12,4,True,False,1.0,0.0,,84763,0,0,0,False
vw_meb.dbc,1,0x394,WBA_03,WBA_GE_Texte,28,3,True,False,1.0,0.0,,84763,0,0,0,False
vw_meb.dbc,1,0x394,WBA_03,WBA_GE_Texte_02,45,3,True,False,1.0,0.0,,84763,0,0,0,False
vw_meb.dbc,1,0x394,WBA_03,WBA_GE_Texte_03,48,4,True,False,1.0,0.0,,84763,0,84763,0,False
vw_meb.dbc,1,0x394,WBA_03,WBA_GE_Warnung_02,20,4,True,False,1.0,0.0,,84763,0,0,0,False
vw_meb.dbc,1,0x394,WBA_03,WBA_GE_Zusatzwarnungen,37,3,True,False,1.0,0.0,,84763,0,0,0,False
vw_meb.dbc,1,0x394,WBA_03,WBA_Schaltschema,32,5,True,False,1.0,0.0,,84763,0,0,0,False
vw_meb.dbc,1,0x394,WBA_03,WBA_Segeln_aktiv,31,1,True,False,1.0,0.0,,84763,0,0,0,False
vw_meb.dbc,1,0x394,WBA_03,WBA_ZielFahrstufe,16,4,True,False,1.0,0.0,,84763,0,0,0,False
vw_meb.dbc,1,0x394,WBA_03,WBA_eing_Gang_02,24,4,True,False,1.0,0.0,,84763,0,0,0,False
vw_meb.dbc,1,0x3b5,Klima_11,KL_AC_Schalter,2,1,True,False,1.0,0.0,,135215,0,0,0,False
vw_meb.dbc,1,0x3b5,Klima_11,KL_Anf_KL,40,8,True,False,0.4,0.0,Unit_PerCent,135215,0,0,0,False
vw_meb.dbc,1,0x3b5,Klima_11,KL_Ausstattung_Klima,51,3,True,False,1.0,0.0,,135215,0,0,0,False
vw_meb.dbc,1,0x3b5,Klima_11,KL_Charisma_FahrPr,16,4,True,False,1.0,0.0,,135215,0,0,0,False
vw_meb.dbc,1,0x3b5,Klima_11,KL_Charisma_Status,20,2,True,False,1.0,0.0,,135215,0,19837,0,False
vw_meb.dbc,1,0x3b5,Klima_11,KL_Drehz_Anh,0,1,True,False,1.0,0.0,,135215,0,0,0,False
vw_meb.dbc,1,0x3b5,Klima_11,KL_Freilauf_Info,38,2,True,False,1.0,0.0,,135215,0,0,0,False
vw_meb.dbc,1,0x3b5,Klima_11,KL_Komp_Moment_alt,3,1,True,False,1.0,0.0,,135215,0,0,0,False
vw_meb.dbc,1,0x3b5,Klima_11,KL_Kompressorkupplung_linear,8,8,True,False,20.0,0.0,Unit_MilliAmper,135215,0,135215,135215,False
vw_meb.dbc,1,0x3b5,Klima_11,KL_Last_Kompr,24,8,True,False,0.25,0.0,Unit_NewtoMeter,135215,0,0,0,False
vw_meb.dbc,1,0x3b5,Klima_11,KL_Spannungs_Anf,32,2,True,False,1.0,0.0,,135215,0,0,0,False
vw_meb.dbc,1,0x3b5,Klima_11,KL_StartStopp_Info,36,2,True,False,1.0,0.0,,135215,0,0,0,False
vw_meb.dbc,1,0x3b5,Klima_11,KL_T_Charge,23,1,True,False,1.0,0.0,,135215,0,0,0,False
vw_meb.dbc,1,0x3b5,Klima_11,KL_Thermomanagement,34,2,True,False,1.0,0.0,,135215,0,0,0,False
vw_meb.dbc,1,0x3b5,Klima_11,KL_Variante_Standheizung,54,2,True,False,1.0,0.0,,135215,0,0,0,False
vw_meb.dbc,1,0x3b5,Klima_11,KL_Vorwarn_Komp_ein,1,1,True,False,1.0,0.0,,135215,0,17763,0,False
vw_meb.dbc,1,0x3b5,Klima_11,KL_Vorwarn_Zuheizer_ein,6,1,True,False,1.0,0.0,,135215,0,0,0,False
vw_meb.dbc,1,0x3b5,Klima_11,KL_Zustand,7,1,True,False,1.0,0.0,,135215,0,0,0,False
vw_meb.dbc,1,0x3b5,Klima_11,KL_el_Zuheizer_Stufe,48,3,True,False,1.0,0.0,,135215,0,0,0,False
vw_meb.dbc,1,0x3b5,Klima_11,KL_nachtr_Stopp_Anf,22,1,True,False,1.0,0.0,,135215,0,0,0,False
vw_meb.dbc,1,0x3be,Motor_14,CHECKSUM,0,8,True,False,1.0,0.0,,135651,0,0,0,False
vw_meb.dbc,1,0x3be,Motor_14,COUNTER,8,4,True,False,1.0,0.0,,135651,0,0,0,False
vw_meb.dbc,1,0x3be,Motor_14,MO_Aussp_Anlass,35,1,True,False,1.0,0.0,,135651,0,0,0,False
vw_meb.dbc,1,0x3be,Motor_14,MO_BKV_Unterdruckwarnung,45,1,True,False,1.0,0.0,,135651,0,0,0,False
vw_meb.dbc,1,0x3be,Motor_14,MO_BLS,30,1,True,False,1.0,0.0,,135651,0,0,0,False
vw_meb.dbc,1,0x3be,Motor_14,MO_BMS_NV_Anf_stuetzen,58,1,True,False,1.0,0.0,,135651,0,0,0,False
vw_meb.dbc,1,0x3be,Motor_14,MO_EKlKomLeiRed,42,2,True,False,1.0,0.0,,135651,0,0,0,False
vw_meb.dbc,1,0x3be,Motor_14,MO_Ext_E_Fahrt_aktiv,27,1,True,False,1.0,0.0,,135651,0,0,0,False
vw_meb.dbc,1,0x3be,Motor_14,MO_FMAus_Startvariante,56,2,True,False,1.0,0.0,,135651,0,0,0,False
vw_meb.dbc,1,0x3be,Motor_14,MO_FMAus_aktiv,55,1,True,False,1.0,0.0,,135651,0,0,0,False
vw_meb.dbc,1,0x3be,Motor_14,MO_Fahrer_bremst,28,1,True,False,1.0,0.0,,135651,0,0,0,False
vw_meb.dbc,1,0x3be,Motor_14,MO_Freig_Anlass,36,1,True,False,1.0,0.0,,135651,0,0,0,False
vw_meb.dbc,1,0x3be,Motor_14,MO_Freig_Reku,16,2,True,False,1.0,0.0,,135651,0,0,0,False
vw_meb.dbc,1,0x3be,Motor_14,MO_Freigabe_Segeln,46,1,True,False,1.0,0.0,,135651,0,0,0,False
vw_meb.dbc,1,0x3be,Motor_14,MO_Gangposition,20,4,True,False,1.0,0.0,,135651,0,0,0,False
vw_meb.dbc,1,0x3be,Motor_14,MO_HYB_Fahrbereitschaft,26,1,True,False,1.0,0.0,,135651,0,0,0,False
vw_meb.dbc,1,0x3be,Motor_14,MO_HYB_VM_aktiv,61,1,True,False,1.0,0.0,,135651,0,0,0,False
vw_meb.dbc,1,0x3be,Motor_14,MO_Handshake_STH,44,1,True,False,1.0,0.0,,135651,0,0,0,False
vw_meb.dbc,1,0x3be,Motor_14,MO_Interlock,38,1,True,False,1.0,0.0,,135651,0,0,0,False
vw_meb.dbc,1,0x3be,Motor_14,MO_Kickdown,40,1,True,False,1.0,0.0,,135651,0,0,0,False
vw_meb.dbc,1,0x3be,Motor_14,MO_Kl_50,19,1,True,False,1.0,0.0,,135651,0,0,0,False
vw_meb.dbc,1,0x3be,Motor_14,MO_Kl_75,18,1,True,False,1.0,0.0,,135651,0,0,0,False
vw_meb.dbc,1,0x3be,Motor_14,MO_Klima_Eingr,33,2,True,False,1.0,0.0,,135651,0,0,0,False
vw_meb.dbc,1,0x3be,Motor_14,MO_KomFehler_ESP,32,1,True,False,1.0,0.0,,135651,0,135651,0,False
vw_meb.dbc,1,0x3be,Motor_14,MO_Konsistenz_Bremsped,31,1,True,False,1.0,0.0,,135651,0,0,0,False
vw_meb.dbc,1,0x3be,Motor_14,MO_Kuppl_schalter,37,1,True,False,1.0,0.0,,135651,0,0,0,False
vw_meb.dbc,1,0x3be,Motor_14,MO_Motor_laeuft,39,1,True,False,1.0,0.0,,135651,0,0,0,False
vw_meb.dbc,1,0x3be,Motor_14,MO_PTC_Status,47,3,True,False,1.0,0.0,,135651,0,0,0,False
vw_meb.dbc,1,0x3be,Motor_14,MO_QBit_Fahrer_bremst,29,1,True,False,1.0,0.0,,135651,0,0,0,False
vw_meb.dbc,1,0x3be,Motor_14,MO_QBit_Gangposition,50,1,True,False,1.0,0.0,,135651,0,135651,0,False
vw_meb.dbc,1,0x3be,Motor_14,MO_QBit_KL_75,41,1,True,False,1.0,0.0,,135651,0,135651,0,False
vw_meb.dbc,1,0x3be,Motor_14,MO_Remotestart_Betrieb,52,1,True,False,1.0,0.0,,135651,0,0,0,False
vw_meb.dbc,1,0x3be,Motor_14,MO_Remotestart_moeglich,53,1,True,False,1.0,0.0,,135651,0,0,0,False
vw_meb.dbc,1,0x3be,Motor_14,MO_Signalquelle_Gangposition,51,1,True,False,1.0,0.0,,135651,0,0,0,False
vw_meb.dbc,1,0x3be,Motor_14,MO_StartStopp_Fahrerwunsch,24,2,True,False,1.0,0.0,,135651,0,135651,0,False
vw_meb.dbc,1,0x3be,Motor_14,MO_StartStopp_Motorstopp,15,1,True,False,1.0,0.0,,135651,0,0,0,False
vw_meb.dbc,1,0x3be,Motor_14,MO_StartStopp_Status,12,2,True,False,1.0,0.0,,135651,0,0,0,False
vw_meb.dbc,1,0x3be,Motor_14,MO_StartStopp_Wiederstart,14,1,True,False,1.0,0.0,,135651,0,0,0,False
vw_meb.dbc,1,0x3be,Motor_14,MO_StartVorauss_erfuellt,62,2,True,False,1.0,0.0,,135651,0,0,0,False
vw_meb.dbc,1,0x3be,Motor_14,MO_Zylinderabschaltung,59,2,True,False,1.0,0.0,,135651,0,0,0,False
vw_meb.dbc,1,0x3c0,Klemmen_Status_01,BCM_Ausparken_Betrieb,28,1,True,False,1.0,0.0,,135599,0,0,0,False
vw_meb.dbc,1,0x3c0,Klemmen_Status_01,BCM_Remotestart_Betrieb,20,1,True,False,1.0,0.0,,135599,0,0,0,False
vw_meb.dbc,1,0x3c0,Klemmen_Status_01,BCM_Remotestart_KL15_Anf,22,1,True,False,1.0,0.0,,135599,0,0,0,False
vw_meb.dbc,1,0x3c0,Klemmen_Status_01,BCM_Remotestart_MO_Start,23,1,True,False,1.0,0.0,,135599,0,0,0,False
vw_meb.dbc,1,0x3c0,Klemmen_Status_01,KST_Fahrerhinweis_1,26,1,True,False,1.0,0.0,,135599,0,0,0,False
vw_meb.dbc,1,0x3c0,Klemmen_Status_01,KST_Fahrerhinweis_2,27,1,True,False,1.0,0.0,,135599,0,0,0,False
vw_meb.dbc,1,0x3c0,Klemmen_Status_01,KST_Fahrerhinweis_4,29,1,True,False,1.0,0.0,,135599,0,0,0,False
vw_meb.dbc,1,0x3c0,Klemmen_Status_01,KST_Fahrerhinweis_5,30,1,True,False,1.0,0.0,,135599,0,0,0,False
vw_meb.dbc,1,0x3c0,Klemmen_Status_01,KST_Fahrerhinweis_6,31,1,True,False,1.0,0.0,,135599,0,0,0,False
vw_meb.dbc,1,0x3c0,Klemmen_Status_01,KST_Warn_P1_ZST_def,24,1,True,False,1.0,0.0,,135599,0,0,0,False
vw_meb.dbc,1,0x3c0,Klemmen_Status_01,KST_Warn_P2_ZST_def,25,1,True,False,1.0,0.0,,135599,0,0,0,False
vw_meb.dbc,1,0x3c0,Klemmen_Status_01,Klemmen_Status_01_BZ,8,4,True,False,1.0,0.0,,135599,0,0,0,False
vw_meb.dbc,1,0x3c0,Klemmen_Status_01,Klemmen_Status_01_CRC,0,8,True,False,1.0,0.0,,135599,0,0,0,False
vw_meb.dbc,1,0x3c0,Klemmen_Status_01,RSt_Fahrerhinweise,12,4,True,False,1.0,0.0,,135599,0,135599,0,False
vw_meb.dbc,1,0x3c0,Klemmen_Status_01,ZAS_Kl_15,17,1,True,False,1.0,0.0,,135599,0,0,0,False
vw_meb.dbc,1,0x3c0,Klemmen_Status_01,ZAS_Kl_50_Startanforderung,19,1,True,False,1.0,0.0,,135599,0,0,0,False
vw_meb.dbc,1,0x3c0,Klemmen_Status_01,ZAS_Kl_Infotainment,21,1,True,False,1.0,0.0,,135599,0,0,0,False
vw_meb.dbc,1,0x3c0,Klemmen_Status_01,ZAS_Kl_S,16,1,True,False,1.0,0.0,,135599,0,0,0,False
vw_meb.dbc,1,0x3c0,Klemmen_Status_01,ZAS_Kl_X,18,1,True,False,1.0,0.0,,135599,0,0,0,False
vw_meb.dbc,1,0x3c7,Motor_26,MO_EFLEX_Lampe,8,2,True,False,1.0,0.0,,135566,0,0,0,False
vw_meb.dbc,1,0x3c7,Motor_26,MO_E_Mode,61,3,True,False,1.0,0.0,,135566,0,0,0,False
vw_meb.dbc,1,0x3c7,Motor_26,MO_E_Texte,36,4,True,False,1.0,0.0,,135566,0,0,0,False
vw_meb.dbc,1,0x3c7,Motor_26,MO_E_Warnungen,28,4,True,False,1.0,0.0,,135566,0,0,0,False
vw_meb.dbc,1,0x3c7,Motor_26,MO_Heissleuchte,50,1,True,False,1.0,0.0,,135566,0,0,0,False
vw_meb.dbc,1,0x3c7,Motor_26,MO_ITM_Warnung_Pumpe,11,1,True,False,1.0,0.0,,135566,0,0,0,False
vw_meb.dbc,1,0x3c7,Motor_26,MO_KJS_nicht_bereit,10,1,True,False,1.0,0.0,,135566,0,135566,0,False
vw_meb.dbc,1,0x3c7,Motor_26,MO_Kuehlerluefter_1,1,7,True,False,1.0,0.0,Unit_PerCent,67789,0,348,348,False
vw_meb.dbc,1,0x3c7,Motor_26,MO_Kuehlerluefter_2,1,7,True,False,1.0,0.0,Unit_PerCent,67777,0,67777,67777,False
vw_meb.dbc,1,0x3c7,Motor_26,MO_Kuehlerluefter_MUX,0,1,True,False,1.0,0.0,,135566,0,0,0,False
vw_meb.dbc,1,0x3c7,Motor_26,MO_OBD2_Lampe,49,1,True,False,1.0,0.0,,135566,0,0,0,False
vw_meb.dbc,1,0x3c7,Motor_26,MO_Oelwarnung_max,23,1,True,False,1.0,0.0,,135566,0,0,0,False
vw_meb.dbc,1,0x3c7,Motor_26,MO_Partikel_Lampe,51,1,True,False,1.0,0.0,,135566,0,0,0,False
vw_meb.dbc,1,0x3c7,Motor_26,MO_RedFahrleistung_Lampe,52,1,True,False,1.0,0.0,,135566,0,0,0,False
vw_meb.dbc,1,0x3c7,Motor_26,MO_Systemlampe,48,1,True,False,1.0,0.0,,135566,0,0,0,False
vw_meb.dbc,1,0x3c7,Motor_26,MO_Tankdeckel_Lampe,57,1,True,False,1.0,0.0,,135566,0,0,0,False
vw_meb.dbc,1,0x3c7,Motor_26,MO_Text_Motorstart,32,4,True,False,1.0,0.0,,135566,0,0,0,False
vw_meb.dbc,1,0x3c7,Motor_26,MO_Text_Partikelfil_Reg,41,1,True,False,1.0,0.0,,135566,0,0,0,False
vw_meb.dbc,1,0x3c7,Motor_26,MO_Text_Tankdeckelwarn,58,1,True,False,1.0,0.0,,135566,0,0,0,False
vw_meb.dbc,1,0x3c7,Motor_26,MO_Vorglueh_Lampe,59,1,True,False,1.0,0.0,,135566,0,0,0,False
vw_meb.dbc,1,0x3c7,Motor_26,MO_Zustand_HWP,20,2,True,False,1.0,0.0,,135566,0,0,0,False
vw_meb.dbc,1,0x3c7,Motor_26,OLEV_Oelstand_nicht_vorhanden,42,1,True,False,1.0,0.0,,135566,0,0,0,False
vw_meb.dbc,1,0x3c7,Motor_26,OLEV_Systemstoerung,22,1,True,False,1.0,0.0,,135566,0,0,0,False
vw_meb.dbc,1,0x3c7,Motor_26,WIV_Anzeige_aktiv,12,1,True,False,1.0,0.0,,135566,0,0,0,False
vw_meb.dbc,1,0x3c7,Motor_26,WIV_Oeldr_Warn_Motor,60,1,True,False,1.0,0.0,,135566,0,0,0,False
vw_meb.dbc,1,0x3c7,Motor_26,WIV_Oeldyn_avl,40,1,True,False,1.0,0.0,,135566,0,0,0,False
vw_meb.dbc,1,0x3c7,Motor_26,WIV_Oelmenge,43,5,True,False,125.0,0.0,Unit_MilliLiter,135566,0,0,0,False
vw_meb.dbc,1,0x3c7,Motor_26,WIV_Oelmin_Warn,13,1,True,False,1.0,0.0,,135566,0,0,0,False
vw_meb.dbc,1,0x3c7,Motor_26,WIV_Oelstand,16,4,True,False,12.5,0.0,Unit_PerCent,135566,0,0,0,False
vw_meb.dbc,1,0x3c7,Motor_26,WIV_Oelstand_nicht_vorhanden,53,1,True,False,1.0,0.0,,135566,0,0,0,False
vw_meb.dbc,1,0x3c7,Motor_26,WIV_Oelsystem_aktiv,24,1,True,False,1.0,0.0,,135566,0,0,0,False
vw_meb.dbc,1,0x3c7,Motor_26,WIV_Schieflage,15,1,True,False,1.0,0.0,,135566,0,0,0,False
vw_meb.dbc,1,0x3c7,Motor_26,WIV_Sensorfehler,14,1,True,False,1.0,0.0,,135566,0,0,0,False
vw_meb.dbc,1,0x3c7,Motor_26,WIV_Ueberfuell_Warn,26,1,True,False,1.0,0.0,,135566,0,0,0,False
vw_meb.dbc,1,0x3c7,Motor_26,WIV_Ueberfuell_deaktiv,55,1,True,False,1.0,0.0,,135566,0,0,0,False
vw_meb.dbc,1,0x3c7,Motor_26,WIV_Unterfuell_Warn,56,1,True,False,1.0,0.0,,135566,0,0,0,False
vw_meb.dbc,1,0x3c7,Motor_26,WIV_laufender_Motor,27,1,True,False,1.0,0.0,,135566,0,0,0,False
vw_meb.dbc,1,0x3c7,Motor_26,WIV_nachfuellanzeige_ein,54,1,True,False,1.0,0.0,,135566,0,0,0,False
vw_meb.dbc,1,0x3c7,Motor_26,WIV_nicht_betriebswarm,25,1,True,False,1.0,0.0,,135566,0,0,0,False
vw_meb.dbc,1,0x3d4,SMLS_01,BH_Blinker_Fehler,46,1,True,False,1.0,0.0,,13289,0,13289,0,False
vw_meb.dbc,1,0x3d4,SMLS_01,BH_Blinker_li,12,1,True,False,1.0,0.0,,13289,0,0,0,False
vw_meb.dbc,1,0x3d4,SMLS_01,BH_Blinker_re,13,1,True,False,1.0,0.0,,13289,0,0,0,False
vw_meb.dbc,1,0x3d4,SMLS_01,BH_Fernlicht,15,1,True,False,1.0,0.0,,13289,0,0,0,False
vw_meb.dbc,1,0x3d4,SMLS_01,BH_Lichthupe,14,1,True,False,1.0,0.0,,13289,0,0,0,False
vw_meb.dbc,1,0x3d4,SMLS_01,FAS_Taster,27,1,True,False,1.0,0.0,,13289,0,0,0,False
vw_meb.dbc,1,0x3d4,SMLS_01,FAS_Taster_Fehler,28,1,True,False,1.0,0.0,,13289,0,13289,0,False
vw_meb.dbc,1,0x3d4,SMLS_01,LRH_On_Off,30,2,True,False,1.0,0.0,,13289,0,0,0,False
vw_meb.dbc,1,0x3d4,SMLS_01,LRH_aktiv,40,1,True,False,1.0,0.0,,13289,0,0,0,False
vw_meb.dbc,1,0x3d4,SMLS_01,SMLS_01_BZ,8,4,True,False,1.0,0.0,,13289,0,0,0,False
vw_meb.dbc,1,0x3d4,SMLS_01,SMLS_01_CRC,0,8,True,False,1.0,0.0,,13289,0,0,0,False
vw_meb.dbc,1,0x3d4,SMLS_01,SMLS_Hupe,29,1,True,False,1.0,0.0,,13289,0,0,0,False
vw_meb.dbc,1,0x3d4,SMLS_01,SMLS_PTT,47,1,True,False,1.0,0.0,,13289,0,0,0,False
vw_meb.dbc,1,0x3d4,SMLS_01,SMLS_P_verriegelt_plausibel,43,1,True,False,1.0,0.0,,13289,0,0,0,False
vw_meb.dbc,1,0x3d4,SMLS_01,WH_Frontwaschen,20,1,True,False,1.0,0.0,,13289,0,0,0,False
vw_meb.dbc,1,0x3d4,SMLS_01,WH_Heckintervall,21,1,True,False,1.0,0.0,,13289,0,0,0,False
vw_meb.dbc,1,0x3d4,SMLS_01,WH_Heckwaschen,22,1,True,False,1.0,0.0,,13289,0,0,0,False
vw_meb.dbc,1,0x3d4,SMLS_01,WH_Intervall,17,1,True,False,1.0,0.0,,13289,0,0,0,False
vw_meb.dbc,1,0x3d4,SMLS_01,WH_Intervallstufen,23,4,True,False,1.0,0.0,,13289,0,0,0,False
vw_meb.dbc,1,0x3d4,SMLS_01,WH_SRA,44,1,True,False,1.0,0.0,,13289,0,0,0,False
vw_meb.dbc,1,0x3d4,SMLS_01,WH_Tipwischen,16,1,True,False,1.0,0.0,,13289,0,0,0,False
vw_meb.dbc,1,0x3d4,SMLS_01,WH_Tipwischen_lang,48,1,True,False,1.0,0.0,,13289,0,0,0,False
vw_meb.dbc,1,0x3d4,SMLS_01,WH_WischerStufe1,18,1,True,False,1.0,0.0,,13289,0,0,0,False
vw_meb.dbc,1,0x3d4,SMLS_01,WH_WischerStufe2,19,1,True,False,1.0,0.0,,13289,0,0,0,False
vw_meb.dbc,1,0x3d4,SMLS_01,WH_Wischer_Fehler,45,1,True,False,1.0,0.0,,13289,0,13289,0,False
vw_meb.dbc,1,0x3d6,Licht_hinten_01,BCM2_Bremsl_durch_ECD,5,1,True,False,1.0,0.0,,135586,0,0,0,False
vw_meb.dbc,1,0x3d6,Licht_hinten_01,LH_3_Bremsl_def,49,1,True,False,1.0,0.0,,135586,0,0,0,False
vw_meb.dbc,1,0x3d6,Licht_hinten_01,LH_Aussenlicht_def,7,1,True,False,1.0,0.0,,135586,0,0,0,False
vw_meb.dbc,1,0x3d6,Licht_hinten_01,LH_Blinker_HL_akt,14,1,True,False,1.0,0.0,,135586,0,0,0,False
vw_meb.dbc,1,0x3d6,Licht_hinten_01,LH_Blinker_HR_akt,15,1,True,False,1.0,0.0,,135586,0,0,0,False
vw_meb.dbc,1,0x3d6,Licht_hinten_01,LH_Blinker_li_def,16,1,True,False,1.0,0.0,,135586,0,0,0,False
vw_meb.dbc,1,0x3d6,Licht_hinten_01,LH_Blinker_re_def,32,1,True,False,1.0,0.0,,135586,0,0,0,False
vw_meb.dbc,1,0x3d6,Licht_hinten_01,LH_Brems_Blk_li_def,27,1,True,False,1.0,0.0,,135586,0,0,0,False
vw_meb.dbc,1,0x3d6,Licht_hinten_01,LH_Brems_Blk_re_def,43,1,True,False,1.0,0.0,,135586,0,0,0,False
vw_meb.dbc,1,0x3d6,Licht_hinten_01,LH_Bremsl_li_def,17,1,True,False,1.0,0.0,,135586,0,0,0,False
vw_meb.dbc,1,0x3d6,Licht_hinten_01,LH_Bremsl_li_ges_def,54,1,True,False,1.0,0.0,,135586,0,0,0,False
vw_meb.dbc,1,0x3d6,Licht_hinten_01,LH_Bremsl_mi_def,53,1,True,False,1.0,0.0,,135586,0,0,0,False
vw_meb.dbc,1,0x3d6,Licht_hinten_01,LH_Bremsl_re_def,33,1,True,False,1.0,0.0,,135586,0,0,0,False
vw_meb.dbc,1,0x3d6,Licht_hinten_01,LH_Bremsl_re_ges_def,55,1,True,False,1.0,0.0,,135586,0,0,0,False
vw_meb.dbc,1,0x3d6,Licht_hinten_01,LH_Bremslicht_H_aktiv,11,1,True,False,1.0,0.0,,135586,0,0,0,False
vw_meb.dbc,1,0x3d6,Licht_hinten_01,LH_Diag_LED_li_def,30,1,True,False,1.0,0.0,,135586,0,0,0,False
vw_meb.dbc,1,0x3d6,Licht_hinten_01,LH_Diag_LED_re_def,31,1,True,False,1.0,0.0,,135586,0,0,0,False
vw_meb.dbc,1,0x3d6,Licht_hinten_01,LH_Diag_Status_li_def,29,1,True,False,1.0,0.0,,135586,0,0,0,False
vw_meb.dbc,1,0x3d6,Licht_hinten_01,LH_Diag_Status_re_def,28,1,True,False,1.0,0.0,,135586,0,0,0,False
vw_meb.dbc,1,0x3d6,Licht_hinten_01,LH_Kennzl_def,48,1,True,False,1.0,0.0,,135586,0,0,0,False
vw_meb.dbc,1,0x3d6,Licht_hinten_01,LH_Nebel_li_def,20,1,True,False,1.0,0.0,,135586,0,0,0,False
vw_meb.dbc,1,0x3d6,Licht_hinten_01,LH_Nebel_mi_def,50,1,True,False,1.0,0.0,,135586,0,0,0,False
vw_meb.dbc,1,0x3d6,Licht_hinten_01,LH_Nebel_re_def,36,1,True,False,1.0,0.0,,135586,0,0,0,False
vw_meb.dbc,1,0x3d6,Licht_hinten_01,LH_Nebelschluss_aktiv,12,1,True,False,1.0,0.0,,135586,0,0,0,False
vw_meb.dbc,1,0x3d6,Licht_hinten_01,LH_Parklicht_HL_aktiv,9,1,True,False,1.0,0.0,,135586,0,0,0,False
vw_meb.dbc,1,0x3d6,Licht_hinten_01,LH_Parklicht_HR_aktiv,10,1,True,False,1.0,0.0,,135586,0,0,0,False
vw_meb.dbc,1,0x3d6,Licht_hinten_01,LH_Rueckf_li_def,19,1,True,False,1.0,0.0,,135586,0,0,0,False
vw_meb.dbc,1,0x3d6,Licht_hinten_01,LH_Rueckf_mi_def,51,1,True,False,1.0,0.0,,135586,0,0,0,False
vw_meb.dbc,1,0x3d6,Licht_hinten_01,LH_Rueckf_re_def,35,1,True,False,1.0,0.0,,135586,0,0,0,False
vw_meb.dbc,1,0x3d6,Licht_hinten_01,LH_Rueckfahrlicht_aktiv,13,1,True,False,1.0,0.0,,135586,0,0,0,False
vw_meb.dbc,1,0x3d6,Licht_hinten_01,LH_SL_BRL_BLK_li_def,26,1,True,False,1.0,0.0,,135586,0,0,0,False
vw_meb.dbc,1,0x3d6,Licht_hinten_01,LH_SL_BRL_BLK_re_def,42,1,True,False,1.0,0.0,,135586,0,0,0,False
vw_meb.dbc,1,0x3d6,Licht_hinten_01,LH_Schluss_Brems_Nebel_li_def,21,1,True,False,1.0,0.0,,135586,0,0,0,False
vw_meb.dbc,1,0x3d6,Licht_hinten_01,LH_Schluss_Brems_Nebel_re_def,22,1,True,False,1.0,0.0,,135586,0,0,0,False
vw_meb.dbc,1,0x3d6,Licht_hinten_01,LH_Schluss_Brems_li_def,24,1,True,False,1.0,0.0,,135586,0,0,0,False
vw_meb.dbc,1,0x3d6,Licht_hinten_01,LH_Schluss_Brems_mi_def,37,1,True,False,1.0,0.0,,135586,0,0,0,False
vw_meb.dbc,1,0x3d6,Licht_hinten_01,LH_Schluss_Brems_re_def,40,1,True,False,1.0,0.0,,135586,0,0,0,False
vw_meb.dbc,1,0x3d6,Licht_hinten_01,LH_Schluss_Nebel_li_def,25,1,True,False,1.0,0.0,,135586,0,0,0,False
vw_meb.dbc,1,0x3d6,Licht_hinten_01,LH_Schluss_Nebel_re_def,41,1,True,False,1.0,0.0,,135586,0,0,0,False
vw_meb.dbc,1,0x3d6,Licht_hinten_01,LH_Schlusslicht_li_def,18,1,True,False,1.0,0.0,,135586,0,0,0,False
vw_meb.dbc,1,0x3d6,Licht_hinten_01,LH_Schlusslicht_mi_def,52,1,True,False,1.0,0.0,,135586,0,0,0,False
vw_meb.dbc,1,0x3d6,Licht_hinten_01,LH_Schlusslicht_re_def,34,1,True,False,1.0,0.0,,135586,0,0,0,False
vw_meb.dbc,1,0x3d6,Licht_hinten_01,LH_Standlicht_H_aktiv,8,1,True,False,1.0,0.0,,135586,0,0,0,False
vw_meb.dbc,1,0x3d6,Licht_hinten_01,LH_Zusatzschlussl_def,23,1,True,False,1.0,0.0,,135586,0,0,0,False
vw_meb.dbc,1,0x3db,Gateway_72,AAG_Anhaenger_erkannt,28,1,True,False,1.0,0.0,,135923,0,0,0,False
vw_meb.dbc,1,0x3db,Gateway_72,Anhaenger_01_alt,4,1,True,False,1.0,0.0,,135923,0,0,0,False
vw_meb.dbc,1,0x3db,Gateway_72,BCM1_Aussen_Temp_ungef,56,8,True,False,0.5,-50.0,Unit_DegreCelsi,135923,0,0,2,False
vw_meb.dbc,1,0x3db,Gateway_72,BCM1_MH_Schalter,29,1,True,False,1.0,0.0,,135923,0,0,0,False
vw_meb.dbc,1,0x3db,Gateway_72,BCM1_OBD_FStatus_ATemp,52,4,True,False,1.0,0.0,,135923,0,0,0,False
vw_meb.dbc,1,0x3db,Gateway_72,BCM1_RFahrlicht_Ahg_Anf,39,1,True,False,1.0,0.0,,135923,0,0,0,False
vw_meb.dbc,1,0x3db,Gateway_72,BCM1_RFahrlicht_Fzg_Anf,38,1,True,False,1.0,0.0,,135923,0,0,0,False
vw_meb.dbc,1,0x3db,Gateway_72,BCM1_Rueckfahrlicht_Schalter,25,1,True,False,1.0,0.0,,135923,0,0,0,False
vw_meb.dbc,1,0x3db,Gateway_72,BCM_01_alt,0,1,True,False,1.0,0.0,,135923,0,0,0,False
vw_meb.dbc,1,0x3db,Gateway_72,BH_Blinker_li,50,1,True,False,1.0,0.0,,135923,0,0,0,False
vw_meb.dbc,1,0x3db,Gateway_72,BH_Blinker_re,51,1,True,False,1.0,0.0,,135923,0,0,0,False
vw_meb.dbc,1,0x3db,Gateway_72,BH_Fernlicht,49,1,True,False,1.0,0.0,,135923,0,0,0,False
vw_meb.dbc,1,0x3db,Gateway_72,KL_Thermomanagement,32,2,True,False,1.0,0.0,,135923,0,0,0,False
vw_meb.dbc,1,0x3db,Gateway_72,Klima_01_alt,7,1,True,False,1.0,0.0,,135923,0,0,0,False
vw_meb.dbc,1,0x3db,Gateway_72,Klima_Sensor_02_alt,5,1,True,False,1.0,0.0,,135923,0,0,0,False
vw_meb.dbc,1,0x3db,Gateway_72,Licht_Anf_01_alt,9,1,True,False,1.0,0.0,,135923,0,0,0,False
vw_meb.dbc,1,0x3db,Gateway_72,SMLS_01_alt,1,1,True,False,1.0,0.0,,135923,0,0,0,False
vw_meb.dbc,1,0x3db,Gateway_72,VSG_01_alt,6,1,True,False,1.0,0.0,,135923,0,0,0,False
vw_meb.dbc,1,0x3db,Gateway_72,VS_VD_offen_ver,22,1,True,False,1.0,0.0,,135923,0,0,0,False
vw_meb.dbc,1,0x3db,Gateway_72,VS_VD_zu_ver,23,1,True,False,1.0,0.0,,135923,0,0,0,False
vw_meb.dbc,1,0x3db,Gateway_72,WFS_01_alt,8,1,True,False,1.0,0.0,,135923,0,0,0,False
vw_meb.dbc,1,0x3db,Gateway_72,WFS_Schluessel_Fahrberecht,34,4,True,False,1.0,0.0,,135923,0,0,0,False
vw_meb.dbc,1,0x3db,Gateway_72,Waschen_vorne_aktiv,31,1,True,False,1.0,0.0,,135923,0,0,0,False
vw_meb.dbc,1,0x3db,Gateway_72,Wischer_01_alt,3,1,True,False,1.0,0.0,,135923,0,0,0,False
vw_meb.dbc,1,0x3db,Gateway_72,Wischer_vorne_aktiv,27,1,True,False,1.0,0.0,,135923,0,0,0,False
vw_meb.dbc,1,0x3db,Gateway_72,ZV_02_alt,2,1,True,False,1.0,0.0,,135923,0,0,0,False
vw_meb.dbc,1,0x3db,Gateway_72,ZV_BT_offen,24,1,True,False,1.0,0.0,,135923,0,0,0,False
vw_meb.dbc,1,0x3db,Gateway_72,ZV_FT_offen,26,1,True,False,1.0,0.0,,135923,0,0,0,False
vw_meb.dbc,1,0x3db,Gateway_72,ZV_HBFS_offen,21,1,True,False,1.0,0.0,,135923,0,0,0,False
vw_meb.dbc,1,0x3db,Gateway_72,ZV_HD_offen,30,1,True,False,1.0,0.0,,135923,0,0,0,False
vw_meb.dbc,1,0x3db,Gateway_72,ZV_HFS_offen,20,1,True,False,1.0,0.0,,135923,0,0,0,False
vw_meb.dbc,1,0x40,Airbag_01,AB_Anzeige_Fussg,34,2,True,False,1.0,0.0,,338951,0,0,0,False
vw_meb.dbc,1,0x40,Airbag_01,AB_Belegung_VF,47,2,True,False,1.0,0.0,,338951,0,0,0,False
vw_meb.dbc,1,0x40,Airbag_01,AB_Crash_Int,21,3,True,False,1.0,0.0,,338951,0,0,0,False
vw_meb.dbc,1,0x40,Airbag_01,AB_Deaktiviert,25,1,True,False,1.0,0.0,,338951,0,0,0,False
vw_meb.dbc,1,0x40,Airbag_01,AB_Deaktivierung_HV,42,3,True,False,1.0,0.0,,338951,0,0,0,False
vw_meb.dbc,1,0x40,Airbag_01,AB_Diagnose,28,1,True,False,1.0,0.0,,338951,0,0,0,False
vw_meb.dbc,1,0x40,Airbag_01,AB_EDR_Trigger,45,2,True,False,1.0,0.0,,338951,0,0,0,False
vw_meb.dbc,1,0x40,Airbag_01,AB_Erh_Auf_VB,30,2,True,False,1.0,0.0,,338951,0,0,0,False
vw_meb.dbc,1,0x40,Airbag_01,AB_Front_Crash,16,1,True,False,1.0,0.0,,338951,0,0,0,False
vw_meb.dbc,1,0x40,Airbag_01,AB_Gurtwarn_VB,33,1,True,False,1.0,0.0,,338951,0,0,0,False
vw_meb.dbc,1,0x40,Airbag_01,AB_Gurtwarn_VF,32,1,True,False,1.0,0.0,,338951,0,0,0,False
vw_meb.dbc,1,0x40,Airbag_01,AB_Heck_Crash,17,1,True,False,1.0,0.0,,338951,0,0,0,False
vw_meb.dbc,1,0x40,Airbag_01,AB_Lampe,24,1,True,False,1.0,0.0,,338951,0,0,0,False
vw_meb.dbc,1,0x40,Airbag_01,AB_MKB_Anforderung,40,1,True,False,1.0,0.0,,338951,0,0,0,False
vw_meb.dbc,1,0x40,Airbag_01,AB_MKB_gueltig,39,1,True,False,1.0,0.0,,338951,0,0,0,False
vw_meb.dbc,1,0x40,Airbag_01,AB_RGS_Anst,12,4,True,False,1.0,0.0,,338951,0,0,0,False
vw_meb.dbc,1,0x40,Airbag_01,AB_Rollover_Crash,20,1,True,False,1.0,0.0,,338951,0,0,0,False
vw_meb.dbc,1,0x40,Airbag_01,AB_SB_Crash,19,1,True,False,1.0,0.0,,338951,0,0,0,False
vw_meb.dbc,1,0x40,Airbag_01,AB_SF_Crash,18,1,True,False,1.0,0.0,,338951,0,0,0,False
vw_meb.dbc,1,0x40,Airbag_01,AB_Stellgliedtest,29,1,True,False,1.0,0.0,,338951,0,0,0,False
vw_meb.dbc,1,0x40,Airbag_01,AB_Systemfehler,27,1,True,False,1.0,0.0,,338951,0,338951,0,False
vw_meb.dbc,1,0x40,Airbag_01,AB_Texte_AKS,36,2,True,False,1.0,0.0,,338951,0,0,0,False
vw_meb.dbc,1,0x40,Airbag_01,AB_VB_deaktiviert,26,1,True,False,1.0,0.0,,338951,0,0,0,False
vw_meb.dbc,1,0x40,Airbag_01,AB_Versorgungsspannung,41,1,True,False,1.0,0.0,,338951,0,0,0,False
vw_meb.dbc,1,0x40,Airbag_01,Airbag_01_BZ,8,4,True,False,1.0,0.0,,338951,0,0,0,False
vw_meb.dbc,1,0x40,Airbag_01,Airbag_01_CRC,0,8,True,False,1.0,0.0,,338951,0,0,0,False
vw_meb.dbc,1,0x40,Airbag_01,SC_LowSpeedCrashErkannt,55,2,True,False,1.0,0.0,,338951,0,0,0,False
vw_meb.dbc,1,0x40,Airbag_01,SC_Masterzeit,57,7,True,False,0.04,0.0,Unit_Secon,338951,0,1346,1346,False
vw_meb.dbc,1,0x40,Airbag_01,SC_Masterzeit_Offset,53,2,True,False,5.08,0.0,Unit_Secon,338951,0,0,0,False
vw_meb.dbc,1,0x462,PSD_04,PSD_ADAS_Qualitaet,37,1,True,False,1.0,0.0,,89489,0,0,0,False
vw_meb.dbc,1,0x462,PSD_04,PSD_Abzweigerichtung,56,1,True,False,1.0,0.0,,89489,0,0,0,False
vw_meb.dbc,1,0x462,PSD_04,PSD_Abzweigewinkel,57,7,True,False,1.417323,0.0,,89489,0,0,0,False
vw_meb.dbc,1,0x462,PSD_04,PSD_Anfangskruemmung,47,8,True,False,1.0,0.0,,89489,0,0,0,False
vw_meb.dbc,1,0x462,PSD_04,PSD_Anfangskruemmung_Vorz,55,1,True,False,1.0,0.0,,89489,0,0,0,False
vw_meb.dbc,1,0x462,PSD_04,PSD_Bebauung,43,1,True,False,1.0,0.0,,89489,0,0,0,False
vw_meb.dbc,1,0x462,PSD_04,PSD_Endkruemmung,22,8,True,False,1.0,0.0,Unit_None,89489,0,0,0,False
vw_meb.dbc,1,0x462,PSD_04,PSD_Endkruemmung_Vorz,30,1,True,False,1.0,0.0,,89489,0,0,0,False
vw_meb.dbc,1,0x462,PSD_04,PSD_Fahrspuren_Anzahl,40,3,True,False,1.0,0.0,,89489,0,0,0,False
vw_meb.dbc,1,0x462,PSD_04,PSD_Geradester_Pfad,39,1,True,False,1.0,0.0,,89489,0,0,0,False
vw_meb.dbc,1,0x462,PSD_04,PSD_Idenditaets_ID,31,6,True,False,1.0,0.0,,89489,0,0,89489,False
vw_meb.dbc,1,0x462,PSD_04,PSD_Rampe,45,2,True,False,1.0,0.0,,89489,0,0,0,False
vw_meb.dbc,1,0x462,PSD_04,PSD_Segment_ID,0,6,True,False,1.0,0.0,,89489,0,0,89489,False
vw_meb.dbc,1,0x462,PSD_04,PSD_Segment_Komplett,44,1,True,False,1.0,0.0,,89489,0,0,0,False
vw_meb.dbc,1,0x462,PSD_04,PSD_Segmentlaenge,12,7,True,False,2.0,0.0,Unit_Meter,89489,0,0,0,False
vw_meb.dbc,1,0x462,PSD_04,PSD_Strassenkategorie,19,3,True,False,1.0,0.0,,89489,0,89489,0,False
vw_meb.dbc,1,0x462,PSD_04,PSD_Vorgaenger_Segment_ID,6,6,True,False,1.0,0.0,,89489,0,0,89489,False
vw_meb.dbc,1,0x462,PSD_04,PSD_wahrscheinlichster_Pfad,38,1,True,False,1.0,0.0,,89489,0,0,0,False
vw_meb.dbc,1,0x463,PSD_05,PSD_Attribut_1_ID,31,5,True,False,1.0,0.0,,89486,0,0,89486,False
vw_meb.dbc,1,0x463,PSD_05,PSD_Attribut_1_Offset,40,7,True,False,2.0,0.0,Unit_Meter,89486,0,0,0,False
vw_meb.dbc,1,0x463,PSD_05,PSD_Attribut_1_Wert,36,4,True,False,1.0,0.0,,89486,0,0,0,False
vw_meb.dbc,1,0x463,PSD_05,PSD_Attribut_2_ID,47,5,True,False,1.0,0.0,,89486,0,0,89486,False
vw_meb.dbc,1,0x463,PSD_05,PSD_Attribut_2_Offset,56,7,True,False,2.0,0.0,Unit_Meter,89486,0,0,0,False
vw_meb.dbc,1,0x463,PSD_05,PSD_Attribut_2_Wert,52,4,True,False,1.0,0.0,,89486,0,0,0,False
vw_meb.dbc,1,0x463,PSD_05,PSD_Attribut_Segment_ID_05,25,6,True,False,1.0,0.0,,89486,0,0,89486,False
vw_meb.dbc,1,0x463,PSD_05,PSD_Attribute_Komplett_05,63,1,True,False,1.0,0.0,,89486,0,0,0,False
vw_meb.dbc,1,0x463,PSD_05,PSD_Pos_Fahrspur,22,3,True,False,1.0,0.0,,89486,0,0,0,False
vw_meb.dbc,1,0x463,PSD_05,PSD_Pos_Fehler_Laengsrichtung,19,3,True,False,1.0,0.0,,89486,0,89486,0,False
vw_meb.dbc,1,0x463,PSD_05,PSD_Pos_Inhibitzeit,13,5,True,False,10.0,0.0,Unit_MilliSecon,89486,0,0,0,False
vw_meb.dbc,1,0x463,PSD_05,PSD_Pos_Segment_ID,0,6,True,False,1.0,0.0,,89486,0,0,89486,False
vw_meb.dbc,1,0x463,PSD_05,PSD_Pos_Segmentlaenge,6,7,True,False,2.0,0.0,Unit_Meter,89486,0,0,0,False
vw_meb.dbc,1,0x463,PSD_05,PSD_Pos_Standort_Eindeutig,18,1,True,False,1.0,0.0,,89486,0,0,0,False
vw_meb.dbc,1,0x464,PSD_06,PSD_06_Mux,0,3,True,False,1.0,0.0,,89483,0,89483,0,False
vw_meb.dbc,1,0x464,PSD_06,PSD_Sys_Alter_Karte,23,3,True,False,1.0,0.0,,89483,0,0,0,False
vw_meb.dbc,1,0x464,PSD_06,PSD_Sys_Geometrieguete,19,2,True,False,1.0,0.0,,89483,0,0,0,False
vw_meb.dbc,1,0x464,PSD_06,PSD_Sys_Geometrieguete_erweitert,40,8,True,False,1.0,0.0,,89483,0,89483,0,False
vw_meb.dbc,1,0x464,PSD_06,PSD_Sys_Geschwindigkeit_Einheit,17,1,True,False,1.0,0.0,,89483,0,0,0,False
vw_meb.dbc,1,0x464,PSD_06,PSD_Sys_Laendercode,9,8,True,False,1.0,0.0,,89483,0,0,0,False
vw_meb.dbc,1,0x464,PSD_06,PSD_Sys_Mapmatchingguete,21,2,True,False,1.0,0.0,,89483,0,0,0,False
vw_meb.dbc,1,0x464,PSD_06,PSD_Sys_Quali_Geometrien,33,3,True,False,1.0,0.0,Unit_None,89483,0,0,0,False
vw_meb.dbc,1,0x464,PSD_06,PSD_Sys_Quali_Ortsinfo,36,2,True,False,1.0,0.0,Unit_None,89483,0,0,0,False
vw_meb.dbc,1,0x464,PSD_06,PSD_Sys_Quali_Steigungen,51,3,True,False,1.0,0.0,,89483,0,0,0,False
vw_meb.dbc,1,0x464,PSD_06,PSD_Sys_Quali_Strassenkennz,54,3,True,False,1.0,0.0,Unit_None,89483,0,0,0,False
vw_meb.dbc,1,0x464,PSD_06,PSD_Sys_Quali_Tempolimits,57,3,True,False,1.0,0.0,Unit_None,89483,0,0,0,False
vw_meb.dbc,1,0x464,PSD_06,PSD_Sys_Quali_Vorfahrtsregelung,60,3,True,False,1.0,0.0,Unit_None,89483,0,0,0,False
vw_meb.dbc,1,0x464,PSD_06,PSD_Sys_Quali_sonstige_Attribute,48,3,True,False,1.0,0.0,Unit_None,89483,0,0,0,False
vw_meb.dbc,1,0x464,PSD_06,PSD_Sys_Quali_verfuegbar,38,1,True,False,1.0,0.0,,89483,0,0,0,False
vw_meb.dbc,1,0x464,PSD_06,PSD_Sys_Segment_ID,3,6,True,False,1.0,0.0,,89483,0,0,89483,False
vw_meb.dbc,1,0x464,PSD_06,PSD_Sys_US_State,27,6,True,False,1.0,0.0,,89483,0,0,0,False
vw_meb.dbc,1,0x464,PSD_06,PSD_Sys_Verkehrsrichtung,18,1,True,False,1.0,0.0,,89483,0,0,0,False
vw_meb.dbc,1,0x464,PSD_06,PSD_Sys_Zielfuehrung,26,1,True,False,1.0,0.0,,89483,0,0,0,False
vw_meb.dbc,1,0x464,PSD_06,PSD_Sys_Zielfuehrung_geaendert,39,1,True,False,1.0,0.0,,89483,0,0,0,False
vw_meb.dbc,1,0x481,MainUnit_01,DSSS_Warning,16,5,True,False,1.0,0.0,,26857,0,0,0,False
vw_meb.dbc,1,0x481,MainUnit_01,MIB_Tongenerator_PH_verfuegbar,9,3,True,False,1.0,0.0,,26857,0,0,0,False
vw_meb.dbc,1,0x481,MainUnit_01,MMI_Counter_Bedienevent,12,4,True,False,1.0,0.0,,26857,0,0,0,False
vw_meb.dbc,1,0x481,MainUnit_01,MMI_Gauges_active,31,1,True,False,1.0,0.0,,26857,0,0,0,False
vw_meb.dbc,1,0x481,MainUnit_01,MMI_Gurt_Mic_ref,28,1,True,False,1.0,0.0,,26857,0,0,0,False
vw_meb.dbc,1,0x481,MainUnit_01,MMI_SDS_aktiv,23,1,True,False,1.0,0.0,,26857,0,0,0,False
vw_meb.dbc,1,0x481,MainUnit_01,MMI_StartStopp_Info,46,2,True,False,1.0,0.0,,26857,0,0,0,False
vw_meb.dbc,1,0x481,MainUnit_01,MMI_Telefon_aktiv,27,1,True,False,1.0,0.0,,26857,0,0,0,False
vw_meb.dbc,1,0x481,MainUnit_01,MU_SecondDisplay,24,3,True,False,1.0,0.0,,26857,0,26857,0,False
vw_meb.dbc,1,0x481,MainUnit_01,MU_Update_Time,32,8,True,False,0.1,0.0,Unit_Hours,26857,0,0,0,False
vw_meb.dbc,1,0x481,MainUnit_01,Nav_FoD_Status,4,3,True,False,1.0,0.0,,26857,0,212,0,False
vw_meb.dbc,1,0x481,MainUnit_01,ZR_Kindersicherung_RSE,21,1,True,False,1.0,0.0,,26857,0,0,0,False
vw_meb.dbc,1,0x481,MainUnit_01,ZR_LAPP_Sondermodus_Status,44,2,True,False,1.0,0.0,,26857,0,0,0,False
vw_meb.dbc,1,0x481,MainUnit_01,ZR_LoGeWa_Event_Kombiwarnung,0,4,True,False,1.0,0.0,,26857,0,26857,0,False
vw_meb.dbc,1,0x481,MainUnit_01,ZR_MXB_Manoever_Ansage,42,2,True,False,1.0,0.0,,26857,0,0,0,False
vw_meb.dbc,1,0x481,MainUnit_01,ZR_Parken_Sondermodus,48,4,True,False,1.0,0.0,,26857,0,26857,0,False
vw_meb.dbc,1,0x481,MainUnit_01,ZR_RSE_aktivieren,22,1,True,False,1.0,0.0,,26857,0,0,0,False
vw_meb.dbc,1,0x481,MainUnit_01,ZR_Rundenbewertung,52,4,True,False,1.0,0.0,,26857,0,0,0,False
vw_meb.dbc,1,0x481,MainUnit_01,ZR_Rundenfortschritt,56,8,True,False,0.5,0.0,Unit_PerCent,26857,0,0,0,False
vw_meb.dbc,1,0x481,MainUnit_01,ZR_Sta_Inszenierung,29,2,True,False,1.0,0.0,,26857,0,26857,0,False
vw_meb.dbc,1,0x483,Motor_Hybrid_06,MO_Powermeter_Charge_Grenze,18,10,True,False,1.0,0.0,Unit_None,27129,0,0,0,False
vw_meb.dbc,1,0x483,Motor_Hybrid_06,MO_Powermeter_Grenze_strategisch,28,12,True,False,1.0,0.0,Unit_None,27129,0,0,0,False
vw_meb.dbc,1,0x483,Motor_Hybrid_06,MO_Powermeter_Inszenierung_aktiv,17,1,True,False,1.0,0.0,,27129,0,0,0,False
vw_meb.dbc,1,0x483,Motor_Hybrid_06,MO_Powermeter_obere_E_Grenze,52,12,True,False,1.0,0.0,Unit_None,27129,0,27129,27129,False
vw_meb.dbc,1,0x483,Motor_Hybrid_06,MO_Powermeter_untere_E_Grenze,40,12,True,False,1.0,0.0,Unit_None,27129,0,27129,27129,False
vw_meb.dbc,1,0x483,Motor_Hybrid_06,MO_Text_Aktivierung_Antrieb,12,4,True,False,1.0,0.0,,27129,0,2,0,False
vw_meb.dbc,1,0x483,Motor_Hybrid_06,Mo_Powermeter_Grenze,0,12,True,False,1.0,0.0,,27129,0,0,0,False
vw_meb.dbc,1,0x503,HVK_01,HVK_01_BZ,8,4,True,False,1.0,0.0,,135620,0,0,0,False
vw_meb.dbc,1,0x503,HVK_01,HVK_01_CRC,0,8,True,False,1.0,0.0,,135620,0,0,0,False
vw_meb.dbc,1,0x503,HVK_01,HVK_AktiveEntladung_Anf,45,1,True,False,1.0,0.0,,135620,0,0,0,False
vw_meb.dbc,1,0x503,HVK_01,HVK_BMS_Sollmodus,24,3,True,False,1.0,0.0,,135620,0,89,0,False
vw_meb.dbc,1,0x503,HVK_01,HVK_DCDC_EKK_Sollmodus,62,2,True,False,1.0,0.0,,135620,0,0,0,False
vw_meb.dbc,1,0x503,HVK_01,HVK_DCDC_Sollmodus,27,3,True,False,1.0,0.0,,135620,0,89,0,False
vw_meb.dbc,1,0x503,HVK_01,HVK_EKK_Sollmodus,30,3,True,False,1.0,0.0,,135620,0,135620,0,False
vw_meb.dbc,1,0x503,HVK_01,HVK_Gesamtst_Spgfreiheit,43,2,True,False,1.0,0.0,,135620,0,135620,0,False
vw_meb.dbc,1,0x503,HVK_01,HVK_HVLM_Sollmodus,36,3,True,False,1.0,0.0,,135620,0,89,0,False
vw_meb.dbc,1,0x503,HVK_01,HVK_HVPTC_Sollmodus,33,3,True,False,1.0,0.0,,135620,0,135620,0,False
vw_meb.dbc,1,0x503,HVK_01,HVK_HV_Netz_Warnungen,39,2,True,False,1.0,0.0,,135620,0,0,0,False
vw_meb.dbc,1,0x503,HVK_01,HVK_Iso_Messung_Start,50,3,True,False,1.0,0.0,,135620,0,0,0,False
vw_meb.dbc,1,0x503,HVK_01,HVK_Istmodus_Anf,12,1,True,False,1.0,0.0,,135620,0,0,0,False
vw_meb.dbc,1,0x503,HVK_01,HVK_MO_EmSollzustand,16,8,True,False,1.0,0.0,,135620,0,0,0,False
vw_meb.dbc,1,0x503,HVK_01,HVK_TN1_Sollmodus,13,2,True,False,1.0,0.0,,135620,0,135620,0,False
vw_meb.dbc,1,0x503,HVK_01,HV_Bordnetz_Fehler,42,1,True,False,1.0,0.0,,135620,0,135620,0,False
vw_meb.dbc,1,0x503,HVK_01,HV_Bordnetz_aktiv,41,1,True,False,1.0,0.0,,135620,0,0,0,False
vw_meb.dbc,1,0x520,Airbag_02,AB_Abschaltanf_SIH_BF,28,1,True,False,1.0,0.0,,67851,0,0,0,False
vw_meb.dbc,1,0x520,Airbag_02,AB_Anforderung_USM,39,1,True,False,1.0,0.0,,67851,0,0,0,False
vw_meb.dbc,1,0x520,Airbag_02,AB_Anforderung_eCall,16,1,True,False,1.0,0.0,,67851,0,0,0,False
vw_meb.dbc,1,0x520,Airbag_02,AB_Anprall_FGS,19,1,True,False,1.0,0.0,,67851,0,0,0,False
vw_meb.dbc,1,0x520,Airbag_02,AB_Anprall_Front_Beifahrer,20,1,True,False,1.0,0.0,,67851,0,0,0,False
vw_meb.dbc,1,0x520,Airbag_02,AB_Anprall_Front_Fahrer,21,1,True,False,1.0,0.0,,67851,0,0,0,False
vw_meb.dbc,1,0x520,Airbag_02,AB_Anprall_Heck_Beifahrer,22,1,True,False,1.0,0.0,,67851,0,0,0,False
vw_meb.dbc,1,0x520,Airbag_02,AB_Anprall_Heck_Fahrer,23,1,True,False,1.0,0.0,,67851,0,0,0,False
vw_meb.dbc,1,0x520,Airbag_02,AB_Anprall_Rollover,18,1,True,False,1.0,0.0,,67851,0,0,0,False
vw_meb.dbc,1,0x520,Airbag_02,AB_Anprall_Seite_Beifahrer,17,1,True,False,1.0,0.0,,67851,0,0,0,False
vw_meb.dbc,1,0x520,Airbag_02,AB_Anprall_Seite_Fahrer,29,1,True,False,1.0,0.0,,67851,0,0,0,False
vw_meb.dbc,1,0x520,Airbag_02,AB_Belegung_VB,26,2,True,False,1.0,0.0,,67851,0,0,0,False
vw_meb.dbc,1,0x520,Airbag_02,AB_Crashschwere,36,3,True,False,1.0,0.0,,67851,0,0,0,False
vw_meb.dbc,1,0x520,Airbag_02,AB_Gurtschloss_BF,42,2,True,False,1.0,0.0,,67851,0,54,0,False
vw_meb.dbc,1,0x520,Airbag_02,AB_Gurtschloss_FA,40,2,True,False,1.0,0.0,,67851,0,41,0,False
vw_meb.dbc,1,0x520,Airbag_02,AB_Gurtschloss_Reihe2_BF,48,2,True,False,1.0,0.0,,67851,0,67,0,False
vw_meb.dbc,1,0x520,Airbag_02,AB_Gurtschloss_Reihe2_FA,44,2,True,False,1.0,0.0,,67851,0,41,0,False
vw_meb.dbc,1,0x520,Airbag_02,AB_Gurtschloss_Reihe2_MI,46,2,True,False,1.0,0.0,,67851,0,54,0,False
vw_meb.dbc,1,0x520,Airbag_02,AB_Gurtschloss_Reihe3_BF,54,2,True,False,1.0,0.0,,67851,0,13,0,False
vw_meb.dbc,1,0x520,Airbag_02,AB_Gurtschloss_Reihe3_FA,50,2,True,False,1.0,0.0,,67851,0,13,0,False
vw_meb.dbc,1,0x520,Airbag_02,AB_Gurtschloss_Reihe3_MI,52,2,True,False,1.0,0.0,,67851,0,13,0,False
vw_meb.dbc,1,0x520,Airbag_02,AB_Sitzpos_Sens_BF,58,2,True,False,1.0,0.0,,67851,0,0,0,False
vw_meb.dbc,1,0x520,Airbag_02,AB_Sitzpos_Sens_FA,56,2,True,False,1.0,0.0,,67851,0,0,0,False
vw_meb.dbc,1,0x520,Airbag_02,AB_Wickelklappung_Reihe2_BF,60,2,True,False,1.0,0.0,,67851,0,0,0,False
vw_meb.dbc,1,0x520,Airbag_02,AB_Wickelklappung_Reihe2_FA,62,2,True,False,1.0,0.0,,67851,0,0,0,False
vw_meb.dbc,1,0x520,Airbag_02,AB_Wickelklappung_Reihe2_MI,24,2,True,False,1.0,0.0,,67851,0,0,0,False
vw_meb.dbc,1,0x520,Airbag_02,LoGeWa_Event_Kombiwarnung,12,4,True,False,1.0,0.0,,67851,0,67851,0,False
vw_meb.dbc,1,0x520,Airbag_02,SC_PAO_OFF_Anf,34,2,True,False,1.0,0.0,,67851,0,0,0,False
vw_meb.dbc,1,0x520,Airbag_02,SC_PAO_ON_Anf,32,2,True,False,1.0,0.0,,67851,0,0,0,False
vw_meb.dbc,1,0x520,Airbag_02,SC_PAO_Schriftzug_Anf,30,2,True,False,1.0,0.0,,67851,0,0,0,False
vw_meb.dbc,1,0x545,Airbag_04,AB_Gurtwarn_Reihe2_BF,22,2,True,False,1.0,0.0,,67810,0,0,0,False
vw_meb.dbc,1,0x545,Airbag_04,AB_Gurtwarn_Reihe2_FA,20,2,True,False,1.0,0.0,,67810,0,0,0,False
vw_meb.dbc,1,0x545,Airbag_04,AB_Gurtwarn_Reihe2_MI,32,2,True,False,1.0,0.0,,67810,0,0,0,False
vw_meb.dbc,1,0x545,Airbag_04,AB_Gurtwarn_Reihe3_BF,38,2,True,False,1.0,0.0,,67810,0,0,0,False
vw_meb.dbc,1,0x545,Airbag_04,AB_Gurtwarn_Reihe3_FA,34,2,True,False,1.0,0.0,,67810,0,0,0,False
vw_meb.dbc,1,0x545,Airbag_04,AB_Gurtwarn_Reihe3_MI,36,2,True,False,1.0,0.0,,67810,0,0,0,False
vw_meb.dbc,1,0x545,Airbag_04,AB_SBR_hinten_verbau,48,2,True,False,1.0,0.0,,67810,0,4067,0,False
vw_meb.dbc,1,0x545,Airbag_04,AWV_Einstellung_System_ASG,51,1,True,False,1.0,0.0,,67810,0,0,0,False
vw_meb.dbc,1,0x545,Airbag_04,AWV_Einstellung_Warnung_ASG,52,3,True,False,1.0,0.0,,67810,0,0,0,False
vw_meb.dbc,1,0x545,Airbag_04,AbstWarn_MV_FAS_Fkt_Status,24,2,True,False,1.0,0.0,,67810,0,67810,0,False
vw_meb.dbc,1,0x545,Airbag_04,LGI_FAS_Fkt_Status,40,2,True,False,1.0,0.0,,67810,0,67810,0,False
vw_meb.dbc,1,0x545,Airbag_04,PreCrash_FAS_Fkt_Status,42,3,True,False,1.0,0.0,,67810,0,67810,0,False
vw_meb.dbc,1,0x545,Airbag_04,SC_PreSense_Modus_System_KAS,63,1,True,False,1.0,0.0,,67810,0,0,0,False
vw_meb.dbc,1,0x545,Airbag_04,SC_PreSense_Modus_System_MV,61,1,True,False,1.0,0.0,,67810,0,0,0,False
vw_meb.dbc,1,0x545,Airbag_04,SC_PreSense_Modus_System_NV,62,1,True,False,1.0,0.0,,67810,0,0,0,False
vw_meb.dbc,1,0x545,Airbag_04,SC_PreSense_Modus_Warnung_MV,58,3,True,False,1.0,0.0,,67810,0,0,0,False
vw_meb.dbc,1,0x545,Airbag_04,SC_PreSense_Modus_Warnung_NV,55,3,True,False,1.0,0.0,,67810,0,0,0,False
vw_meb.dbc,1,0x545,Airbag_04,WarnBrems_Charisma_FahrPr,28,4,True,False,1.0,0.0,,67810,0,0,0,False
vw_meb.dbc,1,0x545,Airbag_04,WarnBrems_Charisma_Status,26,2,True,False,1.0,0.0,,67810,0,67810,0,False
vw_meb.dbc,1,0x551,WFS_01,WFS_Betrieb_Lesespule,21,1,True,False,1.0,0.0,,67825,0,0,0,False
vw_meb.dbc,1,0x551,WFS_01,WFS_ELV_authorisiert,19,1,True,False,1.0,0.0,,67825,0,0,0,False
vw_meb.dbc,1,0x551,WFS_01,WFS_Fahrerhinweise,34,2,True,False,1.0,0.0,,67825,0,0,0,False
vw_meb.dbc,1,0x551,WFS_01,WFS_ID_Geb_autorisiert,5,1,True,False,1.0,0.0,,67825,0,0,0,False
vw_meb.dbc,1,0x551,WFS_01,WFS_ID_Geb_autorisiert_in_Kl15,6,1,True,False,1.0,0.0,,67825,0,0,0,False
vw_meb.dbc,1,0x551,WFS_01,WFS_ID_Geb_steckt,7,1,True,False,1.0,0.0,,67825,0,0,0,False
vw_meb.dbc,1,0x551,WFS_01,WFS_Klemmenfreigabe,22,1,True,False,1.0,0.0,,67825,0,0,0,False
vw_meb.dbc,1,0x551,WFS_01,WFS_LF_Aktiv,20,1,True,False,1.0,0.0,,67825,0,0,0,False
vw_meb.dbc,1,0x551,WFS_01,WFS_LZ,17,2,True,False,1.0,0.0,,67825,0,0,0,False
vw_meb.dbc,1,0x551,WFS_01,WFS_Parken_Status,36,2,True,False,1.0,0.0,,67825,0,0,0,False
vw_meb.dbc,1,0x551,WFS_01,WFS_Safe,16,1,True,False,1.0,0.0,,67825,0,67825,0,False
vw_meb.dbc,1,0x551,WFS_01,WFS_Schluessel_Fahrberecht,0,4,True,False,1.0,0.0,,67825,0,0,0,False
vw_meb.dbc,1,0x551,WFS_01,WFS_Schluessel_Ist,12,4,True,False,1.0,0.0,,67825,0,0,0,False
vw_meb.dbc,1,0x551,WFS_01,WFS_Schluessel_Soll,8,4,True,False,1.0,0.0,,67825,0,0,0,False
vw_meb.dbc,1,0x569,MEB_HVEM_03,NEW_SIGNAL_1,1,2,True,False,1.0,0.0,,28600,0,0,0,False
vw_meb.dbc,1,0x569,MEB_HVEM_03,NEW_SIGNAL_10,3,1,False,False,1.0,0.0,,28600,0,0,0,False
vw_meb.dbc,1,0x569,MEB_HVEM_03,NEW_SIGNAL_11,35,1,False,False,1.0,0.0,,28600,0,0,0,False
vw_meb.dbc,1,0x569,MEB_HVEM_03,NEW_SIGNAL_12,0,1,False,False,1.0,0.0,,28600,0,0,0,False
vw_meb.dbc,1,0x569,MEB_HVEM_03,NEW_SIGNAL_13,32,1,False,False,1.0,0.0,,28600,0,0,0,False
vw_meb.dbc,1,0x569,MEB_HVEM_03,NEW_SIGNAL_2,4,2,True,False,1.0,0.0,,28600,0,0,0,False
vw_meb.dbc,1,0x569,MEB_HVEM_03,NEW_SIGNAL_3,25,2,True,False,1.0,0.0,,28600,0,0,0,False
vw_meb.dbc,1,0x569,MEB_HVEM_03,NEW_SIGNAL_4,33,2,True,False,1.0,0.0,,28600,0,0,0,False
vw_meb.dbc,1,0x569,MEB_HVEM_03,NEW_SIGNAL_5,36,2,True,False,1.0,0.0,,28600,0,0,0,False
vw_meb.dbc,1,0x569,MEB_HVEM_03,NEW_SIGNAL_6,38,1,False,False,1.0,0.0,,28600,0,0,0,False
vw_meb.dbc,1,0x569,MEB_HVEM_03,NEW_SIGNAL_9,61,2,True,False,1.0,0.0,,28600,0,0,0,False
vw_meb.dbc,1,0x569,MEB_HVEM_03,PTC_ON,7,1,False,False,1.0,0.0,,28600,0,0,0,False
vw_meb.dbc,1,0x569,MEB_HVEM_03,PTC_ein_02,39,1,False,False,1.0,0.0,,28600,0,0,0,False
vw_meb.dbc,1,0x569,MEB_HVEM_03,PTC_ein_03,57,1,False,False,1.0,0.0,,28600,0,0,0,False
vw_meb.dbc,1,0x569,MEB_HVEM_03,PTC_ein_04,59,1,False,False,1.0,0.0,,28600,0,0,0,False
vw_meb.dbc,1,0x583,ZV_02,BCM_FH_Freigabe,12,1,True,False,1.0,0.0,,68115,0,0,0,False
vw_meb.dbc,1,0x583,ZV_02,BCM_HSK_Freigabe,14,1,True,False,1.0,0.0,,68115,0,0,0,False
vw_meb.dbc,1,0x583,ZV_02,BCM_Komfortfkt_Freigabe,13,1,True,False,1.0,0.0,,68115,0,0,0,False
vw_meb.dbc,1,0x583,ZV_02,BCM_Tankklappensteller_Fehler,61,1,True,False,1.0,0.0,,68115,0,68115,0,False
vw_meb.dbc,1,0x583,ZV_02,BCM_Verdeck_Freigabe,15,1,True,False,1.0,0.0,,68115,0,0,0,False
vw_meb.dbc,1,0x583,ZV_02,DWA_aktiv,31,1,True,False,1.0,0.0,,68115,0,0,0,False
vw_meb.dbc,1,0x583,ZV_02,FBS_Warn_Schluessel_Batt,47,1,True,False,1.0,0.0,,68115,0,0,0,False
vw_meb.dbc,1,0x583,ZV_02,FFB_CarFinder,38,1,True,False,1.0,0.0,,68115,0,0,0,False
vw_meb.dbc,1,0x583,ZV_02,FFB_Komfortoeffnen,39,1,True,False,1.0,0.0,,68115,0,0,0,False
vw_meb.dbc,1,0x583,ZV_02,FFB_Komfortschliessen,40,1,True,False,1.0,0.0,,68115,0,0,0,False
vw_meb.dbc,1,0x583,ZV_02,HBFS_gesafet,53,1,True,False,1.0,0.0,,68115,0,0,0,False
vw_meb.dbc,1,0x583,ZV_02,HBFS_verriegelt,52,1,True,False,1.0,0.0,,68115,0,0,0,False
vw_meb.dbc,1,0x583,ZV_02,HD_Hauptraste,32,1,True,False,1.0,0.0,,68115,0,0,0,False
vw_meb.dbc,1,0x583,ZV_02,HD_Vorraste,33,1,True,False,1.0,0.0,,68115,0,0,0,False
vw_meb.dbc,1,0x583,ZV_02,HFS_gesafet,51,1,True,False,1.0,0.0,,68115,0,0,0,False
vw_meb.dbc,1,0x583,ZV_02,HFS_verriegelt,50,1,True,False,1.0,0.0,,68115,0,0,0,False
vw_meb.dbc,1,0x583,ZV_02,IRUE_Taster_Fkts_LED,55,1,True,False,1.0,0.0,,68115,0,0,0,False
vw_meb.dbc,1,0x583,ZV_02,IRUE_aktiv,30,1,True,False,1.0,0.0,,68115,0,0,0,False
vw_meb.dbc,1,0x583,ZV_02,ZV_BT_offen,25,1,True,False,1.0,0.0,,68115,0,0,0,False
vw_meb.dbc,1,0x583,ZV_02,ZV_Einzeltuerentriegelung,22,1,True,False,1.0,0.0,,68115,0,0,0,False
vw_meb.dbc,1,0x583,ZV_02,ZV_FT_offen,24,1,True,False,1.0,0.0,,68115,0,0,0,False
vw_meb.dbc,1,0x583,ZV_02,ZV_HBFS_offen,27,1,True,False,1.0,0.0,,68115,0,0,0,False
vw_meb.dbc,1,0x583,ZV_02,ZV_HD_offen,28,1,True,False,1.0,0.0,,68115,0,0,0,False
vw_meb.dbc,1,0x583,ZV_02,ZV_HFS_offen,26,1,True,False,1.0,0.0,,68115,0,0,0,False
vw_meb.dbc,1,0x583,ZV_02,ZV_HS_offen,29,1,True,False,1.0,0.0,,68115,0,0,0,False
vw_meb.dbc,1,0x583,ZV_02,ZV_Heckeinzelentriegelung,23,1,True,False,1.0,0.0,,68115,0,0,0,False
vw_meb.dbc,1,0x583,ZV_02,ZV_Oeffnungsmodus,48,2,True,False,1.0,0.0,,68115,0,0,0,False
vw_meb.dbc,1,0x583,ZV_02,ZV_Rollo_auf,57,1,True,False,1.0,0.0,,68115,0,0,0,False
vw_meb.dbc,1,0x583,ZV_02,ZV_Rollo_zu,58,1,True,False,1.0,0.0,,68115,0,0,0,False
vw_meb.dbc,1,0x583,ZV_02,ZV_SAD_auf,59,1,True,False,1.0,0.0,,68115,0,0,0,False
vw_meb.dbc,1,0x583,ZV_02,ZV_SAD_zu,60,1,True,False,1.0,0.0,,68115,0,0,0,False
vw_meb.dbc,1,0x583,ZV_02,ZV_SafeFunktion_aktiv,46,1,True,False,1.0,0.0,,68115,0,0,0,False
vw_meb.dbc,1,0x583,ZV_02,ZV_Schluessel_Zugang,42,4,True,False,1.0,0.0,,68115,0,0,0,False
vw_meb.dbc,1,0x583,ZV_02,ZV_Tankklappe_offen,56,1,True,False,1.0,0.0,,68115,0,0,0,False
vw_meb.dbc,1,0x583,ZV_02,ZV_gesafet_extern_ist,20,1,True,False,1.0,0.0,,68115,0,0,0,False
vw_meb.dbc,1,0x583,ZV_02,ZV_gesafet_extern_soll,21,1,True,False,1.0,0.0,,68115,0,0,0,False
vw_meb.dbc,1,0x583,ZV_02,ZV_ist_Zustand_verfuegbar,54,1,True,False,1.0,0.0,,68115,0,0,0,False
vw_meb.dbc,1,0x583,ZV_02,ZV_verriegelt_extern_ist,17,1,True,False,1.0,0.0,,68115,0,0,0,False
vw_meb.dbc,1,0x583,ZV_02,ZV_verriegelt_extern_soll,19,1,True,False,1.0,0.0,,68115,0,0,0,False
vw_meb.dbc,1,0x583,ZV_02,ZV_verriegelt_intern_ist,16,1,True,False,1.0,0.0,,68115,0,0,0,False
vw_meb.dbc,1,0x583,ZV_02,ZV_verriegelt_intern_soll,18,1,True,False,1.0,0.0,,68115,0,0,0,False
vw_meb.dbc,1,0x583,ZV_02,ZV_verriegelt_soll,62,2,True,False,1.0,0.0,,68115,0,0,0,False
vw_meb.dbc,1,0x585,Systeminfo_01,GW_KD_Fehler,13,1,True,False,1.0,0.0,,16651,0,16651,0,False
vw_meb.dbc,1,0x585,Systeminfo_01,SI_BUS_01,16,1,True,False,1.0,0.0,,16651,0,0,0,False
vw_meb.dbc,1,0x585,Systeminfo_01,SI_BUS_02,17,1,True,False,1.0,0.0,,16651,0,0,0,False
vw_meb.dbc,1,0x585,Systeminfo_01,SI_BUS_03,18,1,True,False,1.0,0.0,,16651,0,0,0,False
vw_meb.dbc,1,0x585,Systeminfo_01,SI_BUS_04,19,1,True,False,1.0,0.0,,16651,0,0,0,False
vw_meb.dbc,1,0x585,Systeminfo_01,SI_BUS_05,20,1,True,False,1.0,0.0,,16651,0,0,0,False
vw_meb.dbc,1,0x585,Systeminfo_01,SI_BUS_06,21,1,True,False,1.0,0.0,,16651,0,0,0,False
vw_meb.dbc,1,0x585,Systeminfo_01,SI_BUS_07,22,1,True,False,1.0,0.0,,16651,0,0,0,False
vw_meb.dbc,1,0x585,Systeminfo_01,SI_BUS_08,23,1,True,False,1.0,0.0,,16651,0,0,0,False
vw_meb.dbc,1,0x585,Systeminfo_01,SI_BUS_09,24,1,True,False,1.0,0.0,,16651,0,0,0,False
vw_meb.dbc,1,0x585,Systeminfo_01,SI_BUS_10,25,1,True,False,1.0,0.0,,16651,0,0,0,False
vw_meb.dbc,1,0x585,Systeminfo_01,SI_BUS_11,26,1,True,False,1.0,0.0,,16651,0,0,0,False
vw_meb.dbc,1,0x585,Systeminfo_01,SI_BUS_12,27,1,True,False,1.0,0.0,,16651,0,0,0,False
vw_meb.dbc,1,0x585,Systeminfo_01,SI_BUS_13,28,1,True,False,1.0,0.0,,16651,0,0,0,False
vw_meb.dbc,1,0x585,Systeminfo_01,SI_BUS_14,29,1,True,False,1.0,0.0,,16651,0,0,0,False
vw_meb.dbc,1,0x585,Systeminfo_01,SI_BUS_15,30,1,True,False,1.0,0.0,,16651,0,0,0,False
vw_meb.dbc,1,0x585,Systeminfo_01,SI_Bus_Identifikation,32,8,True,False,1.0,0.0,,16651,0,0,0,False
vw_meb.dbc,1,0x585,Systeminfo_01,SI_CAB,40,24,True,False,1.0,0.0,,16651,0,0,0,False
vw_meb.dbc,1,0x585,Systeminfo_01,SI_Diagnose_Aktiv,7,1,True,False,1.0,0.0,,16651,0,0,0,False
vw_meb.dbc,1,0x585,Systeminfo_01,SI_NWDF,10,1,True,False,1.0,0.0,,16651,0,0,0,False
vw_meb.dbc,1,0x585,Systeminfo_01,SI_NWDF_gueltig,11,1,True,False,1.0,0.0,,16651,0,0,0,False
vw_meb.dbc,1,0x585,Systeminfo_01,SI_QRS_Mode,8,1,True,False,1.0,0.0,,16651,0,0,0,False
vw_meb.dbc,1,0x585,Systeminfo_01,SI_Sammel_SG_Fehler,0,6,True,False,1.0,0.0,,16651,0,0,940,False
vw_meb.dbc,1,0x585,Systeminfo_01,SI_Sammelfehler,12,1,True,False,1.0,0.0,,16651,0,16651,0,False
vw_meb.dbc,1,0x585,Systeminfo_01,SI_T_Mode,9,1,True,False,1.0,0.0,,16651,0,0,0,False
vw_meb.dbc,1,0x585,Systeminfo_01,SI_T_Schutz,14,1,True,False,1.0,0.0,,16651,0,0,0,False
vw_meb.dbc,1,0x58c,Klemmen_Steuerung_01,KST_Anf_Klemmenfreigabe_ELV,18,1,True,False,1.0,0.0,,13624,0,0,0,False
vw_meb.dbc,1,0x58c,Klemmen_Steuerung_01,KST_Anf_ZV_Verriegelung,24,1,True,False,1.0,0.0,,13624,0,0,0,False
vw_meb.dbc,1,0x58c,Klemmen_Steuerung_01,KST_Txt_Komfortabschaltung,19,1,True,False,1.0,0.0,,13624,0,0,0,False
vw_meb.dbc,1,0x58c,Klemmen_Steuerung_01,KST_Txt_P_Gang,16,1,True,False,1.0,0.0,,13624,0,0,0,False
vw_meb.dbc,1,0x58c,Klemmen_Steuerung_01,KST_Txt_Panikabschaltung,17,1,True,False,1.0,0.0,,13624,0,0,0,False
vw_meb.dbc,1,0x58c,Klemmen_Steuerung_01,KST_Unterdr_Zuendungsmeldung,21,1,True,False,1.0,0.0,,13624,0,0,0,False
vw_meb.dbc,1,0x58c,Klemmen_Steuerung_01,KST_ZAT_betaetigt,20,1,True,False,1.0,0.0,,13624,0,0,0,False
vw_meb.dbc,1,0x58c,Klemmen_Steuerung_01,KST_aut_Abschaltung_Zuendung,22,1,True,False,1.0,0.0,,13624,0,0,0,False
vw_meb.dbc,1,0x58c,Klemmen_Steuerung_01,Klemmen_Steuerung_01_BZ,8,4,True,False,1.0,0.0,,13624,0,0,0,False
vw_meb.dbc,1,0x58c,Klemmen_Steuerung_01,Klemmen_Steuerung_01_CRC,0,8,True,False,1.0,0.0,,13624,0,0,0,False
vw_meb.dbc,1,0x58c,Klemmen_Steuerung_01,RSt_Anforderung_HMS,26,3,True,False,1.0,0.0,,13624,0,0,0,False
vw_meb.dbc,1,0x58c,Klemmen_Steuerung_01,Relais_VoKo_angesteuert,25,1,True,False,1.0,0.0,,13624,0,0,0,False
vw_meb.dbc,1,0x5a2,BMS_04,BMS_04_BZ,8,4,True,False,1.0,0.0,,27078,0,0,0,False
vw_meb.dbc,1,0x5a2,BMS_04,BMS_04_CRC,0,8,True,False,1.0,0.0,,27078,0,0,0,False
vw_meb.dbc,1,0x5a2,BMS_04,BMS_Fehlerstatus,20,3,True,False,1.0,0.0,,27078,0,0,0,False
vw_meb.dbc,1,0x5a2,BMS_04,BMS_IstModus,17,3,True,False,1.0,0.0,,27078,0,0,0,False
vw_meb.dbc,1,0x5a2,BMS_04,BMS_Kapazitaet_02,23,11,True,False,0.2,0.0,Unit_AmperHour,27078,0,22,22,False
vw_meb.dbc,1,0x5a2,BMS_04,BMS_OBD_Lampe_Anf,16,1,True,False,1.0,0.0,,27078,0,0,0,False
vw_meb.dbc,1,0x5a2,BMS_04,BMS_Soll_SOC_HiRes,53,11,True,False,0.05,0.0,Unit_PerCent,27078,0,0,0,False
vw_meb.dbc,1,0x5a2,BMS_04,BMS_Status_ServiceDisconnect,13,1,True,False,1.0,0.0,,27078,0,0,0,False
vw_meb.dbc,1,0x5a2,BMS_04,BMS_Status_Spgfreiheit,14,2,True,False,1.0,0.0,,27078,0,11,0,False
vw_meb.dbc,1,0x5ac,HVEM_02,HVEM_Energie_Klima_Vorgabe,43,8,True,False,50.0,0.0,Unit_WattHour,135587,0,469,469,False
vw_meb.dbc,1,0x5ac,HVEM_02,HVEM_Energie_Klima_Vorgabe_HighR,12,3,True,False,10.0,0.0,Unit_WattHour,135587,0,0,0,False
vw_meb.dbc,1,0x5ac,HVEM_02,HVEM_IstLeistungNA,15,9,True,False,50.0,0.0,Unit_Watt,135587,0,0,0,False
vw_meb.dbc,1,0x5ac,HVEM_02,HVEM_IstStrom_HVVerbraucher,0,12,True,False,0.1,-204.7,Unit_Amper,135587,0,135587,135587,False
vw_meb.dbc,1,0x5ac,HVEM_02,HVEM_Leistung_Klima_Vorgabe,24,8,True,False,50.0,0.0,Unit_Watt,135587,0,0,0,False
vw_meb.dbc,1,0x5ac,HVEM_02,HVEM_MO_MaxLeistungIgnoriert,63,1,True,False,1.0,0.0,,135587,0,0,0,False
vw_meb.dbc,1,0x5ac,HVEM_02,HVEM_Nutzbare_Energie,32,11,True,False,50.0,0.0,Unit_WattHour,135587,0,446,446,True
vw_meb.dbc,1,0x5cd,DCDC_03,DCDC_03_BZ,8,4,True,False,1.0,0.0,,27169,0,0,0,False
vw_meb.dbc,1,0x5cd,DCDC_03,DCDC_03_CRC,0,8,True,False,1.0,0.0,,27169,0,0,0,False
vw_meb.dbc,1,0x5cd,DCDC_03,DC_Abregelung_Temperatur,20,1,True,False,1.0,0.0,,27169,0,0,0,False
vw_meb.dbc,1,0x5cd,DCDC_03,DC_Fehlerstatus,16,3,True,False,1.0,0.0,,27169,0,0,0,False
vw_meb.dbc,1,0x5cd,DCDC_03,DC_HV_EKK_IstModus,28,3,True,False,1.0,0.0,,27169,0,0,0,False
vw_meb.dbc,1,0x5cd,DCDC_03,DC_IstModus_02,21,3,True,False,1.0,0.0,,27169,0,0,0,False
vw_meb.dbc,1,0x5cd,DCDC_03,DC_IstSpannung_EKK_HV,48,8,True,False,2.0,0.0,Unit_Volt,27169,0,0,0,False
vw_meb.dbc,1,0x5cd,DCDC_03,DC_Peakstrom_verfuegbar,19,1,True,False,1.0,0.0,,27169,0,0,0,False
vw_meb.dbc,1,0x5cd,DCDC_03,DC_Status_Spgfreiheit_HV,46,2,True,False,1.0,0.0,,27169,0,27169,0,False
vw_meb.dbc,1,0x5cd,DCDC_03,DC_Temperatur,56,8,True,False,1.0,-40.0,Unit_DegreCelsi,27169,0,14,14,False
vw_meb.dbc,1,0x5e1,Klima_Sensor_02,BCM1_Aussen_Temp_ungef,0,8,True,False,0.5,-50.0,Unit_DegreCelsi,61810,0,1,1,False
vw_meb.dbc,1,0x5e1,Klima_Sensor_02,BCM1_FStatus_Aussentemp_ungef,31,1,True,False,1.0,0.0,,61810,0,0,0,False
vw_meb.dbc,1,0x5e1,Klima_Sensor_02,BCM1_Kompressorstrom_ist,32,8,True,False,4.0,0.0,Unit_MilliAmper,61810,0,61810,61810,False
vw_meb.dbc,1,0x5e1,Klima_Sensor_02,BCM1_OBD_FStatus_ATemp,44,4,True,False,1.0,0.0,,61810,0,61810,0,False
vw_meb.dbc,1,0x5e1,Klima_Sensor_02,BCM1_PTC_stufig_Status,28,3,True,False,1.0,0.0,,61810,0,61810,0,False
vw_meb.dbc,1,0x5e1,Klima_Sensor_02,BCM_Heizungsabsperrventil_Status,8,2,True,False,1.0,0.0,,61810,0,61810,0,False
vw_meb.dbc,1,0x5e1,Klima_Sensor_02,BCM_Heizungspumpe_Status,10,2,True,False,1.0,0.0,,61810,0,61810,0,False
vw_meb.dbc,1,0x5e1,Klima_Sensor_02,BCM_Kompressorkupplung_Status,12,2,True,False,1.0,0.0,,61810,0,61810,0,False
vw_meb.dbc,1,0x5e9,Klima_Sensor_04,AAU_Geblaese,24,7,True,False,1.0,0.0,Unit_PerCent,67612,0,67612,67612,False
vw_meb.dbc,1,0x5e9,Klima_Sensor_04,DS_Kaeltemittel_P,8,11,True,False,0.0161,0.0,Unit_Bar,67612,0,67612,67612,False
vw_meb.dbc,1,0x5e9,Klima_Sensor_04,DS_Status,19,2,True,False,1.0,0.0,,67612,0,11,0,False
vw_meb.dbc,1,0x5e9,Klima_Sensor_04,ION_Status,21,2,True,False,1.0,0.0,,67612,0,67612,0,False
vw_meb.dbc,1,0x5e9,Klima_Sensor_04,ION_Status_LED,23,1,True,False,1.0,0.0,,67612,0,0,0,False
vw_meb.dbc,1,0x5e9,Klima_Sensor_04,ION_Status_Taster,31,1,True,False,1.0,0.0,,67612,0,0,0,False
vw_meb.dbc,1,0x5f0,Dimmung_01,DI_Display_Nachtdesign,15,1,True,False,1.0,0.0,,67820,0,0,0,False
vw_meb.dbc,1,0x5f0,Dimmung_01,DI_Fotosensor,24,16,True,False,1.0,0.0,,67820,0,0,0,False
vw_meb.dbc,1,0x5f0,Dimmung_01,DI_KL_58xd,0,8,True,False,1.0,0.0,,67820,0,7,7,False
vw_meb.dbc,1,0x5f0,Dimmung_01,DI_KL_58xs,8,7,True,False,1.0,0.0,Unit_PerCent,67820,0,7,7,False
vw_meb.dbc,1,0x5f0,Dimmung_01,DI_KL_58xt,16,7,True,False,1.0,0.0,Unit_PerCent,67820,0,7,7,False
vw_meb.dbc,1,0x640,Motor_07,MO_Absperrventil_oeffnen,6,2,True,False,1.0,0.0,,27108,0,0,0,False
vw_meb.dbc,1,0x640,Motor_07,MO_Ansaugluft_Temp,8,8,True,False,0.75,-48.0,Unit_DegreCelsi,27108,0,27108,27108,False
vw_meb.dbc,1,0x640,Motor_07,MO_Getriebe_kuehlen,47,1,True,False,1.0,0.0,,27108,0,0,0,False
vw_meb.dbc,1,0x640,Motor_07,MO_HYB_Fehler_HV_Netz,4,1,True,False,1.0,0.0,,27108,0,0,0,False
vw_meb.dbc,1,0x640,Motor_07,MO_Heizungspumpenansteuerung,53,4,True,False,10.0,0.0,Unit_PerCent,27108,0,27108,27108,False
vw_meb.dbc,1,0x640,Motor_07,MO_Hoeheninfo,32,8,True,False,0.00781,0.0,,27108,0,0,0,False
vw_meb.dbc,1,0x640,Motor_07,MO_Kennfeldk,40,1,True,False,1.0,0.0,,27108,0,0,0,False
vw_meb.dbc,1,0x640,Motor_07,MO_Kuehlmittel_Temp,24,8,True,False,0.75,-48.0,Unit_DegreCelsi,27108,0,27108,27108,False
vw_meb.dbc,1,0x640,Motor_07,MO_Mom_Traegheit_02,48,5,True,False,0.01,0.0,Unit_KiloGramMeterSquar,27108,0,0,0,False
vw_meb.dbc,1,0x640,Motor_07,MO_Nachlaufzeit_Heizungspumpe,58,6,True,False,15.0,0.0,Unit_Secon,27108,0,0,0,False
vw_meb.dbc,1,0x640,Motor_07,MO_Oel_Temp,16,8,True,False,1.0,-60.0,Unit_DegreCelsi,27108,0,27108,27108,False
vw_meb.dbc,1,0x640,Motor_07,MO_QBit_Ansaugluft_Temp,0,1,True,False,1.0,0.0,,27108,0,27108,0,False
vw_meb.dbc,1,0x640,Motor_07,MO_QBit_Kuehlmittel_Temp,2,1,True,False,1.0,0.0,,27108,0,27108,0,False
vw_meb.dbc,1,0x640,Motor_07,MO_QBit_Oel_Temp,1,1,True,False,1.0,0.0,,27108,0,27108,0,False
vw_meb.dbc,1,0x640,Motor_07,MO_SpannungsAnf,57,1,True,False,1.0,0.0,,27108,0,0,0,False
vw_meb.dbc,1,0x640,Motor_07,MO_Stellgliedtest_Soundaktuator,3,1,True,False,1.0,0.0,,27108,0,0,0,False
vw_meb.dbc,1,0x640,Motor_07,MO_Versionsinfo,41,6,True,False,1.0,0.0,,27108,0,0,0,False
vw_meb.dbc,1,0x640,Motor_07,MO_aktives_Getriebeheizen,5,1,True,False,1.0,0.0,,27108,0,0,0,False
vw_meb.dbc,1,0x641,Motor_Code_01,MO_Abgastyp_EOBD,57,1,True,False,1.0,0.0,,13550,0,0,0,False
vw_meb.dbc,1,0x641,Motor_Code_01,MO_Abgastyp_OBD,58,1,True,False,1.0,0.0,,13550,0,0,0,False
vw_meb.dbc,1,0x641,Motor_Code_01,MO_Ansaugsystem,47,1,True,False,1.0,0.0,,13550,0,0,0,False
vw_meb.dbc,1,0x641,Motor_Code_01,MO_Anzahl_Zyl,32,4,True,False,1.0,0.0,,13550,0,0,0,False
vw_meb.dbc,1,0x641,Motor_Code_01,MO_Code,16,8,True,False,1.0,0.0,,13550,0,0,0,False
vw_meb.dbc,1,0x641,Motor_Code_01,MO_DPF_verbaut,59,1,True,False,1.0,0.0,,13550,0,0,0,False
vw_meb.dbc,1,0x641,Motor_Code_01,MO_Einspritzart,63,1,True,False,1.0,0.0,,13550,0,0,0,False
vw_meb.dbc,1,0x641,Motor_Code_01,MO_Faktor_Momente_02,12,2,True,False,1.0,0.0,,13550,0,0,0,False
vw_meb.dbc,1,0x641,Motor_Code_01,MO_Getriebe_Code,24,6,True,False,1.0,0.0,,13550,0,13550,0,False
vw_meb.dbc,1,0x641,Motor_Code_01,MO_Hubraum,40,7,True,False,0.1,0.0,Unit_Liter,13550,0,0,0,False
vw_meb.dbc,1,0x641,Motor_Code_01,MO_Hybridfahrzeug,14,2,True,False,1.0,0.0,,13550,0,0,0,False
vw_meb.dbc,1,0x641,Motor_Code_01,MO_Kraftstoffart,36,4,True,False,1.0,0.0,,13550,0,0,0,False
vw_meb.dbc,1,0x641,Motor_Code_01,MO_Leistung,48,9,True,False,1.0,0.0,Unit_KiloWatt,13550,0,0,0,False
vw_meb.dbc,1,0x641,Motor_Code_01,MO_StartStopp_Codiert,30,1,True,False,1.0,0.0,,13550,0,0,0,False
vw_meb.dbc,1,0x641,Motor_Code_01,Motor_Code_01_BZ,8,4,True,False,1.0,0.0,,13550,0,0,0,False
vw_meb.dbc,1,0x641,Motor_Code_01,Motor_Code_01_CRC,0,8,True,False,1.0,0.0,,13550,0,0,0,False
vw_meb.dbc,1,0x641,Motor_Code_01,TSK_Codierung,60,3,True,False,1.0,0.0,,13550,0,0,0,False
vw_meb.dbc,1,0x643,Einheiten_01,KBI_Einheit_Datum,0,2,True,False,1.0,0.0,,13544,0,0,0,False
vw_meb.dbc,1,0x643,Einheiten_01,KBI_Einheit_Druck,2,2,True,False,1.0,0.0,,13544,0,0,0,False
vw_meb.dbc,1,0x643,Einheiten_01,KBI_Einheit_Masse,28,2,True,False,1.0,0.0,,13544,0,0,0,False
vw_meb.dbc,1,0x643,Einheiten_01,KBI_Einheit_Sprache,16,8,True,False,1.0,0.0,,13544,0,0,0,False
vw_meb.dbc,1,0x643,Einheiten_01,KBI_Einheit_Streckenanz,4,1,True,False,1.0,0.0,,13544,0,0,0,False
vw_meb.dbc,1,0x643,Einheiten_01,KBI_Einheit_Temp,6,1,True,False,1.0,0.0,,13544,0,0,0,False
vw_meb.dbc,1,0x643,Einheiten_01,KBI_Einheit_Uhrzeit,7,1,True,False,1.0,0.0,,13544,0,0,0,False
vw_meb.dbc,1,0x643,Einheiten_01,KBI_Einheit_Verbrauch,8,2,True,False,1.0,0.0,,13544,0,0,0,False
vw_meb.dbc,1,0x643,Einheiten_01,KBI_Einheit_Verbrauch_Gas,24,4,True,False,1.0,0.0,,13544,0,0,0,False
vw_meb.dbc,1,0x643,Einheiten_01,KBI_Einheit_Verbrauch_elektr,12,3,True,False,1.0,0.0,,13544,0,0,0,False
vw_meb.dbc,1,0x643,Einheiten_01,KBI_Einheit_Volumen,10,2,True,False,1.0,0.0,,13544,0,0,0,False
vw_meb.dbc,1,0x643,Einheiten_01,KBI_MFA_v_Einheit_02,5,1,True,False,1.0,0.0,,13544,0,0,0,False
vw_meb.dbc,1,0x65d,ESP_20,BR_QBit_Reifenumfang,51,1,True,False,1.0,0.0,,12847,0,0,0,False
vw_meb.dbc,1,0x65d,ESP_20,BR_Reifenumfang,52,12,True,False,1.0,0.0,Unit_MilliMeter,12847,0,0,0,False
vw_meb.dbc,1,0x65d,ESP_20,BR_Systemart,12,2,True,False,1.0,0.0,,12847,0,0,0,False
vw_meb.dbc,1,0x65d,ESP_20,ESP_20_BZ,8,4,True,False,1.0,0.0,,12847,0,0,0,False
vw_meb.dbc,1,0x65d,ESP_20,ESP_20_CRC,0,8,True,False,1.0,0.0,,12847,0,0,0,False
vw_meb.dbc,1,0x65d,ESP_20,ESP_Charisma_FahrPr,24,4,True,False,1.0,0.0,,12847,0,0,0,False
vw_meb.dbc,1,0x65d,ESP_20,ESP_Charisma_Status,28,2,True,False,1.0,0.0,,12847,0,1592,0,False
vw_meb.dbc,1,0x65d,ESP_20,ESP_Dachrelingsensor,42,2,True,False,1.0,0.0,,12847,0,0,0,False
vw_meb.dbc,1,0x65d,ESP_20,ESP_SpannungsAnf_02,14,2,True,False,1.0,0.0,,12847,0,0,0,False
vw_meb.dbc,1,0x65d,ESP_20,ESP_Stoppverbot_Anz_01,34,1,True,False,1.0,0.0,,12847,0,0,0,False
vw_meb.dbc,1,0x65d,ESP_20,ESP_Stoppverbot_Anz_02,35,1,True,False,1.0,0.0,,12847,0,0,0,False
vw_meb.dbc,1,0x65d,ESP_20,ESP_Stoppverbot_Anz_03,36,1,True,False,1.0,0.0,,12847,0,0,0,False
vw_meb.dbc,1,0x65d,ESP_20,ESP_Stoppverbot_Anz_04,37,1,True,False,1.0,0.0,,12847,0,0,0,False
vw_meb.dbc,1,0x65d,ESP_20,ESP_Stoppverbot_Anz_05,38,1,True,False,1.0,0.0,,12847,0,0,0,False
vw_meb.dbc,1,0x65d,ESP_20,ESP_Stoppverbot_Anz_06,39,1,True,False,1.0,0.0,,12847,0,0,0,False
vw_meb.dbc,1,0x65d,ESP_20,ESP_Stoppverbot_Anz_07,40,1,True,False,1.0,0.0,,12847,0,0,0,False
vw_meb.dbc,1,0x65d,ESP_20,ESP_Stoppverbot_Anz_08,44,1,True,False,1.0,0.0,,12847,0,0,0,False
vw_meb.dbc,1,0x65d,ESP_20,ESP_Stoppverbot_Anz_Std,41,1,True,False,1.0,0.0,,12847,0,0,0,False
vw_meb.dbc,1,0x65d,ESP_20,ESP_Wiederstart_Anz_01,30,1,True,False,1.0,0.0,,12847,0,0,0,False
vw_meb.dbc,1,0x65d,ESP_20,ESP_Wiederstart_Anz_02,31,1,True,False,1.0,0.0,,12847,0,0,0,False
vw_meb.dbc,1,0x65d,ESP_20,ESP_Wiederstart_Anz_03,32,1,True,False,1.0,0.0,,12847,0,0,0,False
vw_meb.dbc,1,0x65d,ESP_20,ESP_Wiederstart_Anz_04,33,1,True,False,1.0,0.0,,12847,0,0,0,False
vw_meb.dbc,1,0x65d,ESP_20,ESP_Zaehnezahl,16,8,True,False,1.0,0.0,,12847,0,0,0,False
vw_meb.dbc,1,0x65d,ESP_20,HDC_Charisma_FahrPr,45,4,True,False,1.0,0.0,,12847,0,0,0,False
vw_meb.dbc,1,0x65d,ESP_20,HDC_Charisma_Status,49,2,True,False,1.0,0.0,,12847,0,12847,0,False
vw_meb.dbc,1,0x65f,Motor_16,MO_Anzeige_Kaltleuchte,30,1,True,False,1.0,0.0,,27108,0,0,0,False
vw_meb.dbc,1,0x65f,Motor_16,MO_DPF_reg,16,1,True,False,1.0,0.0,,27108,0,0,0,False
vw_meb.dbc,1,0x65f,Motor_16,MO_Energieinhalt_BMS,36,12,True,False,25.0,0.0,Unit_WattHour,27108,0,88,88,True
vw_meb.dbc,1,0x65f,Motor_16,MO_Heizstrom_EKAT,17,7,True,False,1.0,0.0,Unit_Amper,27108,0,0,0,False
vw_meb.dbc,1,0x65f,Motor_16,MO_Heizstrom_SCR,24,6,True,False,1.0,0.0,Unit_Amper,27108,0,0,0,False
vw_meb.dbc,1,0x65f,Motor_16,MO_P_Generator_ungefiltert_Anf,31,1,True,False,1.0,0.0,,27108,0,0,0,False
vw_meb.dbc,1,0x65f,Motor_16,MO_SpannungsAnf_02,14,2,True,False,1.0,0.0,,27108,0,0,0,False
vw_meb.dbc,1,0x65f,Motor_16,TSK_Fahrzeugmasse_02,48,8,True,False,32.0,0.0,Unit_KiloGram,27108,0,0,0,False
vw_meb.dbc,1,0x65f,Motor_16,TSK_Getriebeinfo,34,2,True,False,1.0,0.0,,27108,0,0,0,False
vw_meb.dbc,1,0x65f,Motor_16,TSK_Grundmasse,0,8,True,False,32.0,0.0,Unit_KiloGram,27108,0,0,0,False
vw_meb.dbc,1,0x65f,Motor_16,TSK_QBit_Fahrzeugmasse,13,1,True,False,1.0,0.0,,27108,0,7004,0,False
vw_meb.dbc,1,0x65f,Motor_16,TSK_QBit_Steigung,12,1,True,False,1.0,0.0,,27108,0,4584,0,False
vw_meb.dbc,1,0x65f,Motor_16,TSK_Steigung_02,56,8,True,False,0.8,-101.6,Unit_PerCent,27108,0,4583,4583,False
vw_meb.dbc,1,0x670,Motor_18,MO1_Freigabe_Info_WFS,12,1,True,False,1.0,0.0,,27108,0,0,0,False
vw_meb.dbc,1,0x670,Motor_18,MO1_Freigabe_Verfallsinfo_WFS,42,1,True,False,1.0,0.0,,27108,0,0,0,False
vw_meb.dbc,1,0x670,Motor_18,MO1_Sperr_Info_WFS,11,1,True,False,1.0,0.0,,27108,0,0,0,False
vw_meb.dbc,1,0x670,Motor_18,MO_ANC_Kennfeld_Anf,6,2,True,False,1.0,0.0,,27108,0,0,0,False
vw_meb.dbc,1,0x670,Motor_18,MO_Abstellzeit,32,8,True,False,8.0,0.0,Unit_Minut,27108,0,27108,27108,False
vw_meb.dbc,1,0x670,Motor_18,MO_Abstellzeit_Status,40,2,True,False,1.0,0.0,,27108,0,0,0,False
vw_meb.dbc,1,0x670,Motor_18,MO_Anzahl_Abgesch_Zyl,47,3,True,False,1.0,0.0,,27108,0,0,0,False
vw_meb.dbc,1,0x670,Motor_18,MO_Bremslicht_Reku,8,1,True,False,1.0,0.0,,27108,0,0,0,False
vw_meb.dbc,1,0x670,Motor_18,MO_Drehzahl_Warnung,55,1,True,False,1.0,0.0,,27108,0,0,0,False
vw_meb.dbc,1,0x670,Motor_18,MO_EPCL,13,3,True,False,1.0,0.0,,27108,0,0,0,False
vw_meb.dbc,1,0x670,Motor_18,MO_Ethanol_BS_Texte,52,3,True,False,1.0,0.0,,27108,0,0,0,False
vw_meb.dbc,1,0x670,Motor_18,MO_Fahrzeugtyp,20,3,True,False,1.0,0.0,,27108,0,0,0,False
vw_meb.dbc,1,0x670,Motor_18,MO_Fehler_Zylabsch,45,2,True,False,1.0,0.0,,27108,0,27108,0,False
vw_meb.dbc,1,0x670,Motor_18,MO_Hybrid_StartStopp_LED,43,2,True,False,1.0,0.0,,27108,0,0,0,False
vw_meb.dbc,1,0x670,Motor_18,MO_NMAX_Schaltanzeige,23,9,True,False,25.0,0.0,Unit_MinutInver,27108,0,0,0,False
vw_meb.dbc,1,0x670,Motor_18,MO_StartStopp_PopUp,9,2,True,False,1.0,0.0,,27108,0,27108,0,False
vw_meb.dbc,1,0x670,Motor_18,MO_Zylabsch_Texte,50,2,True,False,1.0,0.0,,27108,0,0,0,False
vw_meb.dbc,1,0x670,Motor_18,MO_Zylabsch_Texte_02,16,4,True,False,1.0,0.0,,27108,0,0,0,False
vw_meb.dbc,1,0x670,Motor_18,MO_max_Ladedruck,0,6,True,False,0.1,0.0,Unit_Bar,27108,0,0,0,False
vw_meb.dbc,1,0x670,Motor_18,MO_obere_Drehzahlgrenze,56,8,True,False,50.0,0.0,Unit_MinutInver,27108,0,27108,27108,False
vw_meb.dbc,1,0x6b2,Diagnose_01,DGN_Verlernzaehler,0,8,True,False,1.0,0.0,,13558,0,0,0,False
vw_meb.dbc,1,0x6b2,Diagnose_01,KBI_Kilometerstand,8,20,True,False,1.0,0.0,Unit_KiloMeter,13558,0,0,2,True
vw_meb.dbc,1,0x6b2,Diagnose_01,Kombi_02_alt,62,1,True,False,1.0,0.0,,13558,0,0,0,False
vw_meb.dbc,1,0x6b2,Diagnose_01,UH_Jahr,28,7,True,False,1.0,2000.0,Unit_Year,13558,0,0,0,False
vw_meb.dbc,1,0x6b2,Diagnose_01,UH_Minute,49,6,True,False,1.0,0.0,Unit_Minut,13558,0,0,0,False
vw_meb.dbc,1,0x6b2,Diagnose_01,UH_Monat,35,4,True,False,1.0,0.0,Unit_Month,13558,0,0,0,False
vw_meb.dbc,1,0x6b2,Diagnose_01,UH_Sekunde,55,6,True,False,1.0,0.0,Unit_Secon,13558,0,0,0,False
vw_meb.dbc,1,0x6b2,Diagnose_01,UH_Stunde,44,5,True,False,1.0,0.0,Unit_Hours,13558,0,0,0,False
vw_meb.dbc,1,0x6b2,Diagnose_01,UH_Tag,39,5,True,False,1.0,0.0,Unit_Day,13558,0,0,0,False
vw_meb.dbc,1,0x6b2,Diagnose_01,Uhrzeit_01_alt,63,1,True,False,1.0,0.0,,13558,0,0,0,False
vw_meb.dbc,1,0x6b4,VIN_01,KS_Geheimnis_1,8,8,True,False,1.0,0.0,,33895,0,0,0,False
vw_meb.dbc,1,0x6b4,VIN_01,KS_Geheimnis_2,16,8,True,False,1.0,0.0,,33895,0,0,0,False
vw_meb.dbc,1,0x6b4,VIN_01,KS_Geheimnis_3,24,8,True,False,1.0,0.0,,33895,0,0,0,False
vw_meb.dbc,1,0x6b4,VIN_01,KS_Geheimnis_4,32,8,True,False,1.0,0.0,,33895,0,0,0,False
vw_meb.dbc,1,0x6b4,VIN_01,VIN_01_MUX,0,2,True,False,1.0,0.0,,67794,0,0,0,False
vw_meb.dbc,1,0x6b4,VIN_01,VIN_1,40,8,True,False,1.0,0.0,,33895,0,0,0,False
vw_meb.dbc,1,0x6b4,VIN_01,VIN_10,56,8,True,False,1.0,0.0,,16949,0,0,0,False
vw_meb.dbc,1,0x6b4,VIN_01,VIN_11,8,8,True,False,1.0,0.0,,16950,0,0,0,False
vw_meb.dbc,1,0x6b4,VIN_01,VIN_12,16,8,True,False,1.0,0.0,,16950,0,0,0,False
vw_meb.dbc,1,0x6b4,VIN_01,VIN_13,24,8,True,False,1.0,0.0,,16950,0,0,0,False
vw_meb.dbc,1,0x6b4,VIN_01,VIN_14,32,8,True,False,1.0,0.0,,16950,0,0,0,False
vw_meb.dbc,1,0x6b4,VIN_01,VIN_15,40,8,True,False,1.0,0.0,,16950,0,0,0,False
vw_meb.dbc,1,0x6b4,VIN_01,VIN_16,48,8,True,False,1.0,0.0,,16950,0,0,0,False
vw_meb.dbc,1,0x6b4,VIN_01,VIN_17,56,8,True,False,1.0,0.0,,16950,0,0,0,False
vw_meb.dbc,1,0x6b4,VIN_01,VIN_2,48,8,True,False,1.0,0.0,,33895,0,0,0,False
vw_meb.dbc,1,0x6b4,VIN_01,VIN_3,56,8,True,False,1.0,0.0,,33895,0,0,0,False
vw_meb.dbc,1,0x6b4,VIN_01,VIN_4,8,8,True,False,1.0,0.0,,16949,0,0,0,False
vw_meb.dbc,1,0x6b4,VIN_01,VIN_5,16,8,True,False,1.0,0.0,,16949,0,0,0,False
vw_meb.dbc,1,0x6b4,VIN_01,VIN_6,24,8,True,False,1.0,0.0,,16949,0,0,0,False
vw_meb.dbc,1,0x6b4,VIN_01,VIN_7,32,8,True,False,1.0,0.0,,16949,0,0,0,False
vw_meb.dbc,1,0x6b4,VIN_01,VIN_8,40,8,True,False,1.0,0.0,,16949,0,0,0,False
vw_meb.dbc,1,0x6b4,VIN_01,VIN_9,48,8,True,False,1.0,0.0,,16949,0,0,0,False
vw_meb.dbc,1,0x86,LWI_01,CHECKSUM,0,8,True,False,1.0,0.0,,2568788,0,0,0,False
vw_meb.dbc,1,0x86,LWI_01,COUNTER,8,4,True,False,1.0,0.0,,2568788,0,0,0,False
vw_meb.dbc,1,0x86,LWI_01,LWI_Lenkradw_Geschw,31,9,True,False,5.0,0.0,Unit_DegreOfArcPerSecon,2568788,0,0,0,False
vw_meb.dbc,1,0x86,LWI_01,LWI_Lenkradwinkel,16,13,True,False,0.0843,0.0,Unit_DegreOfArc,2568788,0,0,0,True
vw_meb.dbc,1,0x86,LWI_01,LWI_MFL_Abschaltung,14,1,True,False,1.0,0.0,,2568788,0,0,0,False
vw_meb.dbc,1,0x86,LWI_01,LWI_QBit_Lenkradwinkel,15,1,True,False,1.0,0.0,,2568788,0,0,0,False
vw_meb.dbc,1,0x86,LWI_01,LWI_QBit_Sub_Daten,13,1,True,False,1.0,0.0,,2568788,0,0,0,False
vw_meb.dbc,1,0x86,LWI_01,LWI_Sensorstatus,12,1,True,False,1.0,0.0,,2568788,0,0,0,False
vw_meb.dbc,1,0x86,LWI_01,LWI_Sub_Daten,40,16,True,False,1.0,0.0,,2568788,0,0,0,False
vw_meb.dbc,1,0x86,LWI_01,LWI_VZ_Lenkradw_Geschw,30,1,True,False,1.0,0.0,,2568788,0,0,0,False
vw_meb.dbc,1,0x86,LWI_01,LWI_VZ_Lenkradwinkel,29,1,True,False,1.0,0.0,,2568788,0,0,0,False
vw_meb.dbc,1,0xa7,Motor_11,MO_Mom_Ist_Summe,22,10,True,False,1.0,-509.0,Unit_NewtoMeter,1355702,0,0,0,True
vw_meb.dbc,1,0xa7,Motor_11,MO_Mom_Schub,52,9,True,False,1.0,-509.0,Unit_NewtoMeter,1355702,0,0,0,False
vw_meb.dbc,1,0xa7,Motor_11,MO_Mom_Soll_Roh,12,10,True,False,1.0,-509.0,Unit_NewtoMeter,1355702,0,0,0,True
vw_meb.dbc,1,0xa7,Motor_11,MO_Mom_Soll_gefiltert,42,10,True,False,1.0,-509.0,Unit_NewtoMeter,1355702,0,0,0,True
vw_meb.dbc,1,0xa7,Motor_11,MO_Mom_Traegheit_Summe,32,10,True,False,1.0,-509.0,Unit_NewtoMeter,1355702,0,0,0,False
vw_meb.dbc,1,0xa7,Motor_11,MO_QBit_Motormomente,63,1,True,False,1.0,0.0,,1355702,0,0,0,False
vw_meb.dbc,1,0xa7,Motor_11,MO_Status_Normalbetrieb_01,61,1,True,False,1.0,0.0,,1355702,0,0,0,False
vw_meb.dbc,1,0xa7,Motor_11,MO_erste_Ungenauschwelle,62,1,True,False,1.0,0.0,,1355702,0,0,0,False
vw_meb.dbc,1,0xa7,Motor_11,Motor_11_BZ,8,4,True,False,1.0,0.0,,1355702,0,0,0,False
vw_meb.dbc,1,0xa7,Motor_11,Motor_11_CRC,0,8,True,False,1.0,0.0,,1355702,0,0,0,False
vw_meb.dbc,1,0xa8,Motor_12,MO_Drehzahl_01,48,16,True,False,0.25,0.0,Unit_MinutInver,1355702,0,0,0,False
vw_meb.dbc,1,0xa8,Motor_12,MO_Mom_Begr_dyn,30,10,True,False,1.0,-509.0,Unit_NewtoMeter,1355702,0,1355702,1355702,False
vw_meb.dbc,1,0xa8,Motor_12,MO_Mom_Begr_stat,21,9,True,False,1.0,0.0,Unit_NewtoMeter,1355702,0,0,0,False
vw_meb.dbc,1,0xa8,Motor_12,MO_Mom_neg_verfuegbar,12,9,True,False,1.0,-509.0,Unit_NewtoMeter,1355702,0,0,0,False
vw_meb.dbc,1,0xa8,Motor_12,MO_Momentenintegral_02,40,7,True,False,1.0,0.0,Unit_PerCent,1355702,0,0,0,False
vw_meb.dbc,1,0xa8,Motor_12,MO_QBit_Drehzahl_01,47,1,True,False,1.0,0.0,,1355702,0,0,0,False
vw_meb.dbc,1,0xa8,Motor_12,Motor_12_BZ,8,4,True,False,1.0,0.0,,1355702,0,0,0,False
vw_meb.dbc,1,0xa8,Motor_12,Motor_12_CRC,0,8,True,False,1.0,0.0,,1355702,0,0,0,False
vw_meb.dbc,1,0xad,Getriebe_11,CHECKSUM,0,8,True,False,1.0,0.0,,1355702,0,0,0,False
vw_meb.dbc,1,0xad,Getriebe_11,COUNTER,8,4,True,False,1.0,0.0,,1355702,0,0,0,False
vw_meb.dbc,1,0xad,Getriebe_11,GE_Fahrstufe,42,4,True,False,1.0,0.0,,1355702,0,726,0,False
vw_meb.dbc,1,0xad,Getriebe_11,GE_Freig_MMom_Vorhalt,58,1,True,False,1.0,0.0,,1355702,0,0,0,False
vw_meb.dbc,1,0xad,Getriebe_11,GE_MMom_Soll_02,12,10,True,False,1.0,-509.0,,1355702,0,0,0,False
vw_meb.dbc,1,0xad,Getriebe_11,GE_MMom_Status,56,2,True,False,1.0,0.0,,1355702,0,0,0,False
vw_meb.dbc,1,0xad,Getriebe_11,GE_MMom_Status_02,50,3,True,False,1.0,0.0,,1355702,0,0,0,False
vw_meb.dbc,1,0xad,Getriebe_11,GE_MMom_Vorhalt_02,22,10,True,False,1.0,-509.0,,1355702,0,0,0,False
vw_meb.dbc,1,0xad,Getriebe_11,GE_Schaltablauf,47,2,True,False,1.0,0.0,,1355702,0,0,0,False
vw_meb.dbc,1,0xad,Getriebe_11,GE_Status_Kraftschluss,53,3,True,False,1.0,0.0,,1355702,0,0,0,False
vw_meb.dbc,1,0xad,Getriebe_11,GE_Uefkt,32,10,True,False,0.1,0.0,,1355702,0,0,0,False
vw_meb.dbc,1,0xad,Getriebe_11,GE_Uefkt_unplausibel,49,1,True,False,1.0,0.0,,1355702,0,0,0,False
vw_meb.dbc,1,0xad,Getriebe_11,GE_Verbot_Ausblendung,59,1,True,False,1.0,0.0,,1355702,0,0,0,False
vw_meb.dbc,1,0xad,Getriebe_11,GE_Zielgang,60,4,True,False,1.0,0.0,,1355702,0,0,0,False
vw_meb.dbc,1,0xad,Getriebe_11,GE_reserv_Fahrstufe,46,1,True,False,1.0,0.0,,1355702,0,0,0,False
vw_meb.dbc,1,0xb8,EM1_HYB_13,EM1_AR_aktiv,14,1,True,False,1.0,0.0,,27119,0,27119,0,False
vw_meb.dbc,1,0xb8,EM1_HYB_13,EM1_Abregelung_Temperatur,36,1,True,False,1.0,0.0,,27119,0,27119,0,False
vw_meb.dbc,1,0xb8,EM1_HYB_13,EM1_AnlernenElMotor_Anf,43,1,True,False,1.0,0.0,,27119,0,0,0,False
vw_meb.dbc,1,0xb8,EM1_HYB_13,EM1_Eta_Sys,15,9,True,False,0.2,0.0,Unit_PerCent,27119,0,13,13,False
vw_meb.dbc,1,0xb8,EM1_HYB_13,EM1_Fehler_ElAntriebFreilauf_Anf,35,1,True,False,1.0,0.0,,27119,0,27119,0,False
vw_meb.dbc,1,0xb8,EM1_HYB_13,EM1_Freigabe_Info_WFS,12,1,True,False,1.0,0.0,,27119,0,0,0,False
vw_meb.dbc,1,0xb8,EM1_HYB_13,EM1_Freigabe_Verfallsinfo_WFS,55,1,True,False,1.0,0.0,,27119,0,0,0,False
vw_meb.dbc,1,0xb8,EM1_HYB_13,EM1_HV_betriebsbereit,58,1,True,False,1.0,0.0,,27119,0,27119,0,False
vw_meb.dbc,1,0xb8,EM1_HYB_13,EM1_IstStrom,24,11,True,False,1.0,-1023.0,Unit_Amper,27119,0,13,13,False
vw_meb.dbc,1,0xb8,EM1_HYB_13,EM1_Moment_HVVerbraucher,44,10,True,False,1.0,-511.0,Unit_NewtoMeter,27119,0,13,13,False
vw_meb.dbc,1,0xb8,EM1_HYB_13,EM1_Parken_WFS_Status,56,2,True,False,1.0,0.0,,27119,0,0,0,False
vw_meb.dbc,1,0xb8,EM1_HYB_13,EM1_Sperr_Info_WFS,13,1,True,False,1.0,0.0,,27119,0,0,0,False
vw_meb.dbc,1,0xbe,MEB_HVEM_01,Battery_Voltage,86,12,True,False,0.2,0.0,Volt,1355646,0,0,1355646,True
vw_meb.dbc,1,0xbe,MEB_HVEM_01,Battery_Voltage_02,113,11,True,False,0.24,0.0,Volt,1355646,0,0,1355646,False
vw_meb.dbc,1,0xbe,MEB_HVEM_01,CNT,8,4,True,False,1.0,0.0,,1355646,0,0,0,False
vw_meb.dbc,1,0xbe,MEB_HVEM_01,CRC,0,8,True,False,1.0,0.0,,1355646,0,0,0,False
vw_meb.dbc,1,0xbe,MEB_HVEM_01,Engine_Power,56,12,True,False,0.5,-1023.0,kW,1355646,0,0,226900,True
vw_meb.dbc,1,0xbe,MEB_HVEM_01,Engine_RPM_Max,12,14,True,False,2.0,-9658.0,RPM,1355646,0,0,1241389,True
vw_meb.dbc,1,0xbe,MEB_HVEM_01,Engine_RPM_Min,26,14,True,False,2.0,-10300.0,RPM,1355646,0,0,1195711,True
vw_meb.dbc,1,0xbe,MEB_HVEM_01,Engine_Status,296,2,True,False,1.0,0.0,,1355646,0,0,0,False
vw_meb.dbc,1,0xbe,MEB_HVEM_01,In_Motion,68,1,True,False,1.0,0.0,,1355646,0,0,0,False
vw_meb.dbc,1,0xbe,MEB_HVEM_01,In_Motion_02,54,1,False,False,1.0,0.0,,1355646,0,0,0,False
vw_meb.dbc,1,0xbe,MEB_HVEM_01,In_Motion_03,52,1,False,False,1.0,0.0,,1355646,0,0,0,False
vw_meb.dbc,1,0xbe,MEB_HVEM_01,In_Motion_04,48,3,True,False,1.0,0.0,,1355646,0,0,0,False
vw_meb.dbc,1,0xbe,MEB_HVEM_01,Inactive,300,1,False,False,1.0,0.0,,1355646,0,0,0,False
vw_meb.dbc,1,0xbe,MEB_HVEM_01,Inactive_02,303,1,False,False,1.0,0.0,,1355646,0,0,0,False
vw_meb.dbc,1,0xbe,MEB_HVEM_01,Standstill,71,1,False,False,1.0,0.0,,1355646,0,0,0,False
vw_meb.dbc,1,0xbe,MEB_HVEM_01,Unknown_01,100,9,True,False,1.0,0.0,,1355646,0,0,1353936,False
vw_meb.dbc,1,0xbe,MEB_HVEM_01,Unknown_04,72,10,True,False,1.0,0.0,,1355646,0,0,1291461,True
vw_meb.dbc,1,0xc0,EM1_01,Schubbetrieb,79,1,False,False,1.0,0.0,,1355709,0,0,0,False
vw_meb.dbc,1,0xdb,AWV_03,CHECKSUM,0,8,True,False,1.0,0.0,,11666,0,0,0,False
vw_meb.dbc,1,0xdb,AWV_03,COUNTER,8,4,True,False,1.0,0.0,,11666,0,0,0,False
vw_meb.dbc,1,0xdb,AWV_03,FCW_Active,64,1,False,False,1.0,0.0,,11666,0,0,0,False
vw_meb.dbc,1,0xdb,AWV_03,Pre_Brake_Fill,76,1,False,False,1.0,0.0,,11666,0,0,0,False
vw_meb.dbc,1,0xf7,MEB_HVEM_02,CNT,8,4,True,False,1.0,0.0,,1352287,0,0,0,False
vw_meb.dbc,1,0xf7,MEB_HVEM_02,CRC,0,8,True,False,1.0,0.0,,1352287,0,0,0,False
vw_meb.dbc,1,0xf7,MEB_HVEM_02,NEW_SIGNAL_2,54,7,True,False,1.0,0.0,,1352287,0,0,1352287,False
vw_meb.dbc,1,0xf7,MEB_HVEM_02,NEW_SIGNAL_3,44,10,True,False,1.0,0.0,,1352287,0,0,1352287,False
vw_meb.dbc,1,0xfc,ESC_51,AEB_Breaking_01,24,8,True,False,1.0,0.0,,1284619,0,0,0,False
vw_meb.dbc,1,0xfc,ESC_51,AEB_Breaking_02,32,8,True,False,1.0,0.0,,1284619,0,0,0,False
vw_meb.dbc,1,0xfc,ESC_51,Accelerator_Higher_Speed,40,1,False,False,1.0,0.0,,1284619,0,0,0,False
vw_meb.dbc,1,0xfc,ESC_51,Brake_Pressure,42,9,True,False,0.195,0.0,Unit_Percent,1284619,0,0,0,False
vw_meb.dbc,1,0xfc,ESC_51,CHECKSUM,0,8,True,False,1.0,0.0,,1284619,0,0,0,False
vw_meb.dbc,1,0xfc,ESC_51,COUNTER,8,4,True,False,1.0,0.0,,1284619,0,0,0,False
vw_meb.dbc,1,0xfc,ESC_51,HL_Brake_Pressure,152,8,True,False,1.0,0.0,,1284619,0,0,120,False
vw_meb.dbc,1,0xfc,ESC_51,HL_Radgeschw,64,16,True,False,0.0075,0.0,Unit_KilometerPerHour,1284619,0,0,0,True
vw_meb.dbc,1,0xfc,ESC_51,HR_Brake_Pressure,160,8,True,False,1.0,0.0,,1284619,0,0,120,False
vw_meb.dbc,1,0xfc,ESC_51,HR_Radgeschw,80,16,True,False,0.0075,0.0,Unit_KilometerPerHour,1284619,0,0,0,True
vw_meb.dbc,1,0xfc,ESC_51,Steering_Wheel_CCW,192,8,True,False,1.67,0.0,,1284619,0,0,5133,False
vw_meb.dbc,1,0xfc,ESC_51,Steering_Wheel_CW,184,8,True,False,1.67,0.0,,1284619,0,0,2295,False
vw_meb.dbc,1,0xfc,ESC_51,VL_Brake_Pressure,168,8,True,False,1.0,0.0,,1284619,0,0,120,False
vw_meb.dbc,1,0xfc,ESC_51,VL_Radgeschw,96,16,True,False,0.0075,0.0,Unit_KilometerPerHour,1284619,0,0,0,True
vw_meb.dbc,1,0xfc,ESC_51,VR_Brake_Pressure,176,8,True,False,1.0,0.0,,1284619,0,0,120,False
vw_meb.dbc,1,0xfc,ESC_51,VR_Radgeschw,112,16,True,False,0.0075,0.0,Unit_KilometerPerHour,1284619,0,0,0,True
vw_meb.dbc,1,0xfd,ESP_21,ABS_Bremsung,56,1,True,False,1.0,0.0,,642316,0,0,0,False
vw_meb.dbc,1,0xfd,ESP_21,ASR_Anf,57,1,True,False,1.0,0.0,,642316,0,0,0,False
vw_meb.dbc,1,0xfd,ESP_21,ASR_Schalteingriff,51,2,True,False,1.0,0.0,,642316,0,0,0,False
vw_meb.dbc,1,0xfd,ESP_21,ASR_Tastung_passiv,48,1,True,False,1.0,0.0,,642316,0,0,0,False
vw_meb.dbc,1,0xfd,ESP_21,BR_Eingriffsmoment,12,10,True,False,1.0,-509.0,,642316,0,0,0,False
vw_meb.dbc,1,0xfd,ESP_21,CHECKSUM,0,8,True,False,1.0,0.0,,642316,0,0,0,False
vw_meb.dbc,1,0xfd,ESP_21,COUNTER,8,4,True,False,1.0,0.0,,642316,0,0,0,False
vw_meb.dbc,1,0xfd,ESP_21,EBV_Eingriff,59,1,True,False,1.0,0.0,,642316,0,0,0,False
vw_meb.dbc,1,0xfd,ESP_21,EDS_Eingriff,60,1,True,False,1.0,0.0,,642316,0,0,0,False
vw_meb.dbc,1,0xfd,ESP_21,ESC_Neutralschaltung,63,1,True,False,1.0,0.0,,642316,0,0,0,False
vw_meb.dbc,1,0xfd,ESP_21,ESC_v_Signal_Qualifier_High_Low,24,3,True,False,1.0,0.0,,642316,0,0,0,False
vw_meb.dbc,1,0xfd,ESP_21,ESP_ASP,62,1,True,False,1.0,0.0,,642316,0,0,0,False
vw_meb.dbc,1,0xfd,ESP_21,ESP_Diagnose,23,1,True,False,1.0,0.0,,642316,0,0,0,False
vw_meb.dbc,1,0xfd,ESP_21,ESP_Eingriff,61,1,True,False,1.0,0.0,,642316,0,0,0,False
vw_meb.dbc,1,0xfd,ESP_21,ESP_QBit_v_Signal,55,1,True,False,1.0,0.0,,642316,0,30,0,False
vw_meb.dbc,1,0xfd,ESP_21,ESP_Systemstatus,50,1,True,False,1.0,0.0,,642316,0,0,0,False
vw_meb.dbc,1,0xfd,ESP_21,ESP_Tastung_passiv,49,1,True,False,1.0,0.0,,642316,0,0,0,False
vw_meb.dbc,1,0xfd,ESP_21,ESP_Vorsteuerung,28,1,True,False,1.0,0.0,,642316,0,0,0,False
vw_meb.dbc,1,0xfd,ESP_21,ESP_v_Signal,32,16,True,False,0.01,0.0,Unit_KiloMeterPerHour,642316,0,30,30,True
vw_meb.dbc,1,0xfd,ESP_21,MSR_Anf,58,1,True,False,1.0,0.0,,642316,0,0,0,False
vw_meb.dbc,1,0xfd,ESP_21,OBD_QBit_Schlechtweg,31,1,True,False,1.0,0.0,,642316,0,642316,0,False
vw_meb.dbc,1,0xfd,ESP_21,OBD_Schlechtweg,30,1,True,False,1.0,0.0,,642316,0,0,0,False
vw_meb.dbc,2,0x102,ESC_50,CHECKSUM,0,8,True,False,1.0,0.0,,1572,0,0,0,False
vw_meb.dbc,2,0x102,ESC_50,COUNTER,8,4,True,False,1.0,0.0,,1572,0,0,0,False
vw_meb.dbc,2,0x102,ESC_50,EPB_Status,317,3,True,False,1.0,0.0,,1572,0,0,0,False
vw_meb.dbc,2,0x102,ESC_50,Lateral_Accel,16,8,True,False,0.15,-18.9,Unit_MeterPerSquareSecond,1572,0,0,392,False
vw_meb.dbc,2,0x102,ESC_50,Longitudinal_Accel,24,10,True,False,0.03125,-16.0,Unit_MeterPerSquareSecond,1572,0,0,1175,False
vw_meb.dbc,2,0x102,ESC_50,Longitudinal_Speed,181,10,True,False,0.25,0.0,Unit_KilometerPerHour,1572,0,0,0,False
vw_meb.dbc,2,0x102,ESC_50,Motion_State,171,2,False,False,1.0,0.0,,1572,0,0,1572,False
vw_meb.dbc,2,0x102,ESC_50,Regen_Braking,123,1,True,False,1.0,0.0,,1572,0,0,0,False
vw_meb.dbc,2,0x102,ESC_50,Yaw_Rate,40,14,True,False,0.01,0.0,Unit_DegreePerSecond,1572,0,0,0,False
vw_meb.dbc,2,0x102,ESC_50,Yaw_Rate_Sign,54,1,False,False,1.0,0.0,,1572,0,0,0,False
vw_meb.dbc,2,0x105,VMM_01,Brake,53,7,True,False,1.0,0.0,,1573,0,0,1573,False
vw_meb.dbc,2,0x105,VMM_01,CNT,8,4,True,False,1.0,0.0,,1573,0,0,0,False
vw_meb.dbc,2,0x105,VMM_01,CRC,0,8,True,False,1.0,0.0,,1573,0,0,0,False
vw_meb.dbc,2,0x105,VMM_01,NEW_SIGNAL_1,40,2,True,False,1.0,0.0,,1573,0,0,0,False
vw_meb.dbc,2,0x105,VMM_01,NEW_SIGNAL_3,32,1,False,False,1.0,0.0,,1573,0,0,0,False
vw_meb.dbc,2,0x105,VMM_01,NEW_SIGNAL_4,20,1,False,False,1.0,0.0,,1573,0,0,0,False
vw_meb.dbc,2,0x105,VMM_01,NEW_SIGNAL_5,13,1,False,False,1.0,0.0,,1573,0,0,0,False
vw_meb.dbc,2,0x10b,Motor_51,Accel_Low_Pressed_Support,21,1,True,False,1.0,0.0,,1577,0,0,0,False
vw_meb.dbc,2,0x10b,Motor_51,Accel_Pedal_Pressure,12,9,True,False,0.4,0.0,,1577,0,0,0,False
vw_meb.dbc,2,0x10b,Motor_51,CHECKSUM,0,8,True,False,1.0,0.0,,1577,0,0,0,False
vw_meb.dbc,2,0x10b,Motor_51,COUNTER,8,4,True,False,1.0,0.0,,1577,0,0,0,False
vw_meb.dbc,2,0x10b,Motor_51,TSK_Limiter_ausgewaehlt,95,1,True,False,1.0,0.0,,1577,0,0,0,False
vw_meb.dbc,2,0x10b,Motor_51,TSK_Status,88,3,True,False,1.0,0.0,,1577,0,36,0,False
vw_meb.dbc,2,0x116,ESP_10,ESP_10_BZ,8,4,True,False,1.0,0.0,,1573,0,0,0,False
vw_meb.dbc,2,0x116,ESP_10,ESP_10_CRC,0,8,True,False,1.0,0.0,,1573,0,0,0,False
vw_meb.dbc,2,0x116,ESP_10,ESP_HL_Fahrtrichtung,60,2,True,False,1.0,0.0,,1573,0,0,0,False
vw_meb.dbc,2,0x116,ESP_10,ESP_HR_Fahrtrichtung,62,2,True,False,1.0,0.0,,1573,0,0,0,False
vw_meb.dbc,2,0x116,ESP_10,ESP_QBit_Wegimpuls_HL,14,1,True,False,1.0,0.0,,1573,0,0,0,False
vw_meb.dbc,2,0x116,ESP_10,ESP_QBit_Wegimpuls_HR,15,1,True,False,1.0,0.0,,1573,0,0,0,False
vw_meb.dbc,2,0x116,ESP_10,ESP_QBit_Wegimpuls_VL,12,1,True,False,1.0,0.0,,1573,0,0,0,False
vw_meb.dbc,2,0x116,ESP_10,ESP_QBit_Wegimpuls_VR,13,1,True,False,1.0,0.0,,1573,0,0,0,False
vw_meb.dbc,2,0x116,ESP_10,ESP_VL_Fahrtrichtung,56,2,True,False,1.0,0.0,,1573,0,0,0,False
vw_meb.dbc,2,0x116,ESP_10,ESP_VR_Fahrtrichtung,58,2,True,False,1.0,0.0,,1573,0,0,0,False
vw_meb.dbc,2,0x116,ESP_10,ESP_Wegimpuls_HL,36,10,True,False,1.0,0.0,,1573,0,0,0,False
vw_meb.dbc,2,0x116,ESP_10,ESP_Wegimpuls_HR,46,10,True,False,1.0,0.0,,1573,0,0,0,False
vw_meb.dbc,2,0x116,ESP_10,ESP_Wegimpuls_VL,16,10,True,False,1.0,0.0,,1573,0,0,0,False
vw_meb.dbc,2,0x116,ESP_10,ESP_Wegimpuls_VR,26,10,True,False,1.0,0.0,,1573,0,0,0,False
vw_meb.dbc,2,0x11d,LH_EPS_02,EPS_02_BZ,8,4,True,False,1.0,0.0,,1573,0,0,0,False
vw_meb.dbc,2,0x11d,LH_EPS_02,EPS_02_CRC,0,8,True,False,1.0,0.0,,1573,0,0,0,False
vw_meb.dbc,2,0x11d,LH_EPS_02,EPS_Drehzahlreserve,32,7,True,False,10.0,0.0,Unit_DegreOfArcPerSecon,1573,0,0,1573,False
vw_meb.dbc,2,0x11d,LH_EPS_02,EPS_Lastinfo,16,8,True,False,1.0,0.0,Unit_Amper,1573,0,0,0,False
vw_meb.dbc,2,0x11d,LH_EPS_02,EPS_Leistungsanforderung,40,1,True,False,1.0,0.0,,1573,0,0,0,False
vw_meb.dbc,2,0x11d,LH_EPS_02,EPS_Notlauf,12,4,True,False,1.0,0.0,,1573,0,0,0,False
vw_meb.dbc,2,0x11d,LH_EPS_02,EPS_Unterstuetzungsleistung,24,8,True,False,0.5,0.0,Unit_PerCent,1573,0,0,0,False
vw_meb.dbc,2,0x11d,LH_EPS_02,EPS_VZ_Drehzahlreserve,39,1,True,False,1.0,0.0,,1573,0,0,0,False
vw_meb.dbc,2,0x126,HCA_01,CHECKSUM,0,8,True,False,1.0,0.0,,11263,0,0,0,False
vw_meb.dbc,2,0x126,HCA_01,COUNTER,8,4,True,False,1.0,0.0,,11263,0,0,0,False
vw_meb.dbc,2,0x126,HCA_01,EA_ACC_Sollstatus,25,2,True,False,1.0,0.0,,11263,0,0,0,False
vw_meb.dbc,2,0x126,HCA_01,EA_ACC_Wunschgeschwindigkeit,41,10,True,False,0.32,0.0,Unit_KiloMeterPerHour,11263,0,0,0,False
vw_meb.dbc,2,0x126,HCA_01,EA_Ruckfreigabe,40,1,True,False,1.0,0.0,,11263,0,0,0,False
vw_meb.dbc,2,0x126,HCA_01,EA_Ruckprofil,27,3,True,False,1.0,0.0,,11263,0,0,0,False
vw_meb.dbc,2,0x126,HCA_01,HCA_01_Available,32,1,True,False,1.0,0.0,,11263,0,0,0,False
vw_meb.dbc,2,0x126,HCA_01,HCA_01_Enable,30,1,True,False,1.0,0.0,,11263,0,0,0,False
vw_meb.dbc,2,0x126,HCA_01,HCA_01_LM_OffSign,31,1,True,False,1.0,0.0,,11263,0,0,0,False
vw_meb.dbc,2,0x126,HCA_01,HCA_01_LM_Offset,16,9,True,False,1.0,0.0,Unit_centiNewtoMeter,11263,0,0,0,False
vw_meb.dbc,2,0x126,HCA_01,HCA_01_Request,34,1,True,False,1.0,0.0,,11263,0,0,0,False
vw_meb.dbc,2,0x126,HCA_01,HCA_01_Standby,33,1,True,False,1.0,0.0,,11263,0,0,0,False
vw_meb.dbc,2,0x126,HCA_01,HCA_01_Vib_Amp,36,4,True,False,0.2,0.0,Unit_NewtoMeter,11263,0,0,0,False
vw_meb.dbc,2,0x126,HCA_01,HCA_01_Vib_Freq,12,4,True,False,1.0,15.0,Unit_Hertz,11263,0,0,0,False
vw_meb.dbc,2,0x12b,GRA_ACC_01,CHECKSUM,0,8,True,False,1.0,0.0,,1045,0,0,0,False
vw_meb.dbc,2,0x12b,GRA_ACC_01,COUNTER,8,4,True,False,1.0,0.0,,1045,0,0,0,False
vw_meb.dbc,2,0x12b,GRA_ACC_01,GRA_Abbrechen,13,1,True,False,1.0,0.0,,1045,0,0,0,False
vw_meb.dbc,2,0x12b,GRA_ACC_01,GRA_ButtonTypeInfo,27,3,True,False,1.0,0.0,,1045,0,0,0,False
vw_meb.dbc,2,0x12b,GRA_ACC_01,GRA_Codierung,22,2,True,False,1.0,0.0,,1045,0,0,0,False
vw_meb.dbc,2,0x12b,GRA_ACC_01,GRA_Fehler,24,1,True,False,1.0,0.0,,1045,0,1045,0,False
vw_meb.dbc,2,0x12b,GRA_ACC_01,GRA_Hauptschalter,12,1,True,False,1.0,0.0,,1045,0,0,0,False
vw_meb.dbc,2,0x12b,GRA_ACC_01,GRA_LIM_Taste_verfuegbar,25,1,True,False,1.0,0.0,,1045,0,0,0,False
vw_meb.dbc,2,0x12b,GRA_ACC_01,GRA_Limiter,15,1,True,False,1.0,0.0,,1045,0,0,0,False
vw_meb.dbc,2,0x12b,GRA_ACC_01,GRA_Tip_Hoch,17,1,True,False,1.0,0.0,,1045,0,0,0,False
vw_meb.dbc,2,0x12b,GRA_ACC_01,GRA_Tip_Runter,18,1,True,False,1.0,0.0,,1045,0,0,0,False
vw_meb.dbc,2,0x12b,GRA_ACC_01,GRA_Tip_Setzen,16,1,True,False,1.0,0.0,,1045,0,0,0,False
vw_meb.dbc,2,0x12b,GRA_ACC_01,GRA_Tip_Stufe_2,26,1,True,False,1.0,0.0,,1045,0,0,0,False
vw_meb.dbc,2,0x12b,GRA_ACC_01,GRA_Tip_Wiederaufnahme,19,1,True,False,1.0,0.0,,1045,0,0,0,False
vw_meb.dbc,2,0x12b,GRA_ACC_01,GRA_TravelAssist,30,1,True,False,1.0,0.0,,1045,0,0,0,False
vw_meb.dbc,2,0x12b,GRA_ACC_01,GRA_Typ_Hauptschalter,14,1,True,False,1.0,0.0,,1045,0,0,0,False
vw_meb.dbc,2,0x12b,GRA_ACC_01,GRA_Verstellung_Zeitluecke,20,2,True,False,1.0,0.0,,1045,0,0,0,False
vw_meb.dbc,2,0x12b,GRA_ACC_01,GRA_reserveByte4,31,1,True,False,1.0,0.0,,1045,0,0,0,False
vw_meb.dbc,2,0x12b,GRA_ACC_01,GRA_reserveByte5,32,8,True,False,1.0,0.0,,1045,0,0,0,False
vw_meb.dbc,2,0x12b,GRA_ACC_01,GRA_reserveByte6,40,8,True,False,1.0,0.0,,1045,0,0,0,False
vw_meb.dbc,2,0x12b,GRA_ACC_01,GRA_reserveByte7,48,8,True,False,1.0,0.0,,1045,0,0,0,False
vw_meb.dbc,2,0x12b,GRA_ACC_01,GRA_reserveByte8,56,8,True,False,1.0,0.0,,1045,0,0,0,False
vw_meb.dbc,2,0x12dd54c9,SAL_01,Brake_Light_01,20,1,False,False,1.0,0.0,,406,0,0,0,False
vw_meb.dbc,2,0x12dd54c9,SAL_01,Brake_Light_02,30,1,False,False,1.0,0.0,,406,0,0,0,False
vw_meb.dbc,2,0x12dd54c9,SAL_01,Brake_Unknown,18,1,False,False,1.0,0.0,,406,0,0,0,False
vw_meb.dbc,2,0x12dd54c9,SAL_01,CNT,8,4,True,False,1.0,0.0,,406,0,0,0,False
vw_meb.dbc,2,0x12dd54c9,SAL_01,CRC,0,8,True,False,1.0,0.0,,406,0,0,0,False
vw_meb.dbc,2,0x12dd54c9,SAL_01,Left_Blinker,26,1,True,False,1.0,0.0,,406,0,0,0,False
vw_meb.dbc,2,0x12dd54c9,SAL_01,Left_Blinker_02,45,1,False,False,1.0,0.0,,406,0,0,0,False
vw_meb.dbc,2,0x12dd54c9,SAL_01,NEW_SIGNAL_2,22,1,False,False,1.0,0.0,,406,0,0,0,False
vw_meb.dbc,2,0x12dd54c9,SAL_01,NEW_SIGNAL_3,52,8,True,False,1.0,0.0,,406,0,0,406,False
vw_meb.dbc,2,0x12dd54c9,SAL_01,NEW_SIGNAL_4,63,1,False,False,1.0,0.0,,406,0,0,0,False
vw_meb.dbc,2,0x12dd54c9,SAL_01,Reverse_Light,27,1,False,False,1.0,0.0,,406,0,0,0,False
vw_meb.dbc,2,0x12dd54c9,SAL_01,Right_Blinker,25,1,False,False,1.0,0.0,,406,0,0,0,False
vw_meb.dbc,2,0x12dd54c9,SAL_01,Right_Blinker_02,44,1,True,False,1.0,0.0,,406,0,0,0,False
vw_meb.dbc,2,0x12dd5502,AAA_01,CHK,8,4,True,False,1.0,0.0,,112616,0,0,0,False
vw_meb.dbc,2,0x12dd5502,AAA_01,CRC,0,8,True,False,1.0,0.0,,112616,0,0,0,False
vw_meb.dbc,2,0x12dd553d,HVL_01,CHK,8,4,True,False,1.0,0.0,,315,0,0,0,False
vw_meb.dbc,2,0x12dd553d,HVL_01,CRC,0,8,True,False,1.0,0.0,,315,0,0,0,False
vw_meb.dbc,2,0x139,VMM_02,AEB_Active,31,1,False,False,1.0,0.0,,1572,0,0,0,False
vw_meb.dbc,2,0x139,VMM_02,Brake_Pressed_1,16,1,False,False,1.0,0.0,,1572,0,0,0,False
vw_meb.dbc,2,0x139,VMM_02,Brake_Pressed_2,27,1,False,False,1.0,0.0,,1572,0,0,0,False
vw_meb.dbc,2,0x139,VMM_02,Brake_Pressed_3,48,1,False,False,1.0,0.0,,1572,0,0,0,False
vw_meb.dbc,2,0x139,VMM_02,Brake_Pressure,76,11,True,False,1.0,0.0,,1572,0,0,888,True
vw_meb.dbc,2,0x139,VMM_02,CHECKSUM,0,8,True,False,1.0,0.0,,1572,0,0,0,False
vw_meb.dbc,2,0x139,VMM_02,COUNTER,8,4,True,False,1.0,0.0,,1572,0,0,0,False
vw_meb.dbc,2,0x139,VMM_02,ESP_Hold,35,1,False,False,1.0,0.0,,1572,0,0,0,False
vw_meb.dbc,2,0x139,VMM_02,FCW_Active,56,1,True,False,1.0,0.0,,1572,0,0,0,False
vw_meb.dbc,2,0x139,VMM_02,Long_Control_Inhibit,52,2,True,False,1.0,0.0,,1572,0,0,0,False
vw_meb.dbc,2,0x13d,QFK_01,CHECKSUM,0,8,True,False,1.0,0.0,,3145,0,0,0,False
vw_meb.dbc,2,0x13d,QFK_01,COUNTER,8,4,True,False,1.0,0.0,,3145,0,0,0,False
vw_meb.dbc,2,0x13d,QFK_01,Curvature,40,15,True,False,6.7e-06,0.0,,3145,0,0,0,False
vw_meb.dbc,2,0x13d,QFK_01,Curvature_VZ,55,1,False,False,1.0,0.0,,3145,0,0,0,False
vw_meb.dbc,2,0x13d,QFK_01,LatCon_HCA_Accept,17,2,True,False,1.0,0.0,,3145,0,0,0,False
vw_meb.dbc,2,0x13d,QFK_01,LatCon_HCA_Status,20,3,True,False,1.0,0.0,,3145,0,3145,0,False
vw_meb.dbc,2,0x13d,QFK_01,NEW_SIGNAL_1,23,1,False,False,1.0,0.0,,3145,0,0,0,False
vw_meb.dbc,2,0x13d,QFK_01,NEW_SIGNAL_10,24,1,False,False,1.0,0.0,,3145,0,0,0,False
vw_meb.dbc,2,0x13d,QFK_01,NEW_SIGNAL_2,19,1,False,False,1.0,0.0,,3145,0,0,0,False
vw_meb.dbc,2,0x13d,QFK_01,NEW_SIGNAL_3,56,7,True,False,1.0,0.0,,3145,0,0,0,False
vw_meb.dbc,2,0x13d,QFK_01,NEW_SIGNAL_4,63,1,False,False,1.0,0.0,,3145,0,0,0,False
vw_meb.dbc,2,0x13d,QFK_01,NEW_SIGNAL_5,12,1,False,False,1.0,0.0,,3145,0,0,0,False
vw_meb.dbc,2,0x13d,QFK_01,NEW_SIGNAL_6,30,3,False,False,1.0,0.0,,3145,0,0,0,False
vw_meb.dbc,2,0x13d,QFK_01,NEW_SIGNAL_7,34,3,False,False,1.0,0.0,,3145,0,0,0,False
vw_meb.dbc,2,0x13d,QFK_01,NEW_SIGNAL_8,16,1,False,False,1.0,0.0,,3145,0,0,0,False
vw_meb.dbc,2,0x13d,QFK_01,NEW_SIGNAL_9,14,1,False,False,1.0,0.0,,3145,0,0,0,False
vw_meb.dbc,2,0x13d,QFK_01,Steering_Angle,76,17,True,False,0.00906,0.0,,3145,0,0,0,False
vw_meb.dbc,2,0x13d,QFK_01,Steering_Angle_VZ,36,1,False,False,1.0,0.0,,3145,0,0,0,False
vw_meb.dbc,2,0x14c,Motor_54,Accelerator_Pressure,175,8,False,False,0.391,-14.467,Unit_Percent,318,0,0,0,False
vw_meb.dbc,2,0x14c,Motor_54,CHECKSUM,0,8,True,False,1.0,0.0,,318,0,0,0,False
vw_meb.dbc,2,0x14c,Motor_54,COUNTER,8,4,True,False,1.0,0.0,,318,0,0,0,False
vw_meb.dbc,2,0x14d,ACC_18,ACC_AKTIV_regelt,90,1,False,False,1.0,0.0,,563124,0,0,0,False
vw_meb.dbc,2,0x14d,ACC_18,ACC_Anfahren,56,1,True,False,1.0,0.0,,563124,0,0,0,False
vw_meb.dbc,2,0x14d,ACC_18,ACC_Anforderung_HMS,77,3,True,False,1.0,0.0,,563124,0,0,0,False
vw_meb.dbc,2,0x14d,ACC_18,ACC_Anhalten,57,1,True,False,1.0,0.0,,563124,0,0,0,False
vw_meb.dbc,2,0x14d,ACC_18,ACC_Anhalteweg,64,11,True,False,0.01,0.0,,563124,0,0,0,False
vw_meb.dbc,2,0x14d,ACC_18,ACC_DynErhoehung,14,1,True,False,1.0,0.0,,563124,0,0,0,False
vw_meb.dbc,2,0x14d,ACC_18,ACC_Freilaufstrategie_TSK,15,1,True,False,1.0,0.0,,563124,0,0,0,False
vw_meb.dbc,2,0x14d,ACC_18,ACC_Minimale_Bremsung,63,1,True,False,1.0,0.0,,563124,0,0,0,False
vw_meb.dbc,2,0x14d,ACC_18,ACC_Sollbeschleunigung_02,24,11,True,False,0.005,-7.22,Unit_MeterPerSeconSquar,563124,0,0,197434,True
vw_meb.dbc,2,0x14d,ACC_18,ACC_StartStopp_Info,22,2,True,False,1.0,0.0,,563124,0,0,0,False
vw_meb.dbc,2,0x14d,ACC_18,ACC_Status_ACC,60,3,True,False,1.0,0.0,,563124,0,529,0,False
vw_meb.dbc,2,0x14d,ACC_18,ACC_Typ,58,2,True,False,1.0,0.0,,563124,0,0,0,False
vw_meb.dbc,2,0x14d,ACC_18,ACC_limitierte_Anfahrdyn,12,1,True,False,1.0,0.0,,563124,0,0,0,False
vw_meb.dbc,2,0x14d,ACC_18,ACC_nachtr_Stopp_Anf,13,1,True,False,1.0,0.0,,563124,0,0,0,False
vw_meb.dbc,2,0x14d,ACC_18,ACC_neg_Sollbeschl_Grad_02,40,8,True,False,0.05,0.0,Unit_MeterPerCubicSecon,563124,0,0,0,False
vw_meb.dbc,2,0x14d,ACC_18,ACC_pos_Sollbeschl_Grad_02,48,8,True,False,0.05,0.0,Unit_MeterPerCubicSecon,563124,0,0,0,False
vw_meb.dbc,2,0x14d,ACC_18,ACC_zul_Regelabw_oben,35,5,True,False,0.0625,0.0,Unit_MeterPerSeconSquar,563124,0,0,0,False
vw_meb.dbc,2,0x14d,ACC_18,ACC_zul_Regelabw_unten,16,6,True,False,0.024,0.0,Unit_MeterPerSeconSquar,563124,0,0,0,False
vw_meb.dbc,2,0x14d,ACC_18,Accel_Boost,248,6,True,False,1.0,0.0,,563124,0,0,62700,False
vw_meb.dbc,2,0x14d,ACC_18,CHECKSUM,0,8,True,False,1.0,0.0,,563124,0,0,0,False
vw_meb.dbc,2,0x14d,ACC_18,COUNTER,8,4,True,False,1.0,0.0,,563124,0,0,0,False
vw_meb.dbc,2,0x14d,ACC_18,Reversing,254,1,False,False,1.0,0.0,,563124,0,0,0,False
vw_meb.dbc,2,0x14d,ACC_18,SET_ME_0X1,92,1,False,False,1.0,0.0,,563124,0,0,0,False
vw_meb.dbc,2,0x14d,ACC_18,SET_ME_0X9,232,4,True,False,1.0,0.0,,563124,0,0,0,False
vw_meb.dbc,2,0x14d,ACC_18,SET_ME_0XFE,80,8,True,False,1.0,0.0,,563124,0,0,0,False
vw_meb.dbc,2,0x14d,ACC_18,Speed,236,12,True,False,0.1,0.0,,563124,0,0,492140,True
vw_meb.dbc,2,0x183,MEB_Camera_01,Lane_Center_Offset,256,12,True,False,0.001,-2.5,Unit_Meter,281577,0,0,217412,True
vw_meb.dbc,2,0x183,MEB_Camera_01,NEW_SIGNAL_1,191,1,False,False,1.0,0.0,,281577,0,0,0,False
vw_meb.dbc,2,0x183,MEB_Camera_01,NEW_SIGNAL_10,224,8,True,False,1.0,0.0,,281577,0,0,483,False
vw_meb.dbc,2,0x183,MEB_Camera_01,NEW_SIGNAL_11,292,12,True,False,1.0,0.0,,281577,0,0,281459,True
vw_meb.dbc,2,0x183,MEB_Camera_01,NEW_SIGNAL_12,304,8,True,False,1.0,0.0,,281577,0,0,0,False
vw_meb.dbc,2,0x183,MEB_Camera_01,NEW_SIGNAL_13,320,8,True,False,1.0,0.0,,281577,0,0,0,False
vw_meb.dbc,2,0x183,MEB_Camera_01,NEW_SIGNAL_14,332,12,True,False,1.0,0.0,,281577,0,0,281577,True
vw_meb.dbc,2,0x183,MEB_Camera_01,NEW_SIGNAL_15,344,12,True,False,1.0,0.0,,281577,0,0,281557,True
vw_meb.dbc,2,0x183,MEB_Camera_01,NEW_SIGNAL_16,356,12,True,False,1.0,0.0,,281577,0,0,281406,True
vw_meb.dbc,2,0x183,MEB_Camera_01,NEW_SIGNAL_17,368,10,True,False,1.0,0.0,,281577,0,0,246342,False
vw_meb.dbc,2,0x183,MEB_Camera_01,NEW_SIGNAL_18,384,12,True,False,1.0,0.0,,281577,0,0,281577,True
vw_meb.dbc,2,0x183,MEB_Camera_01,NEW_SIGNAL_19,396,12,True,False,1.0,0.0,,281577,0,0,281577,True
vw_meb.dbc,2,0x183,MEB_Camera_01,NEW_SIGNAL_2,200,9,True,False,1.0,0.0,,281577,0,0,197953,True
vw_meb.dbc,2,0x183,MEB_Camera_01,NEW_SIGNAL_20,408,12,True,False,1.0,0.0,,281577,0,0,281451,True
vw_meb.dbc,2,0x183,MEB_Camera_01,NEW_SIGNAL_21,420,12,True,False,1.0,0.0,,281577,0,0,281497,True
vw_meb.dbc,2,0x183,MEB_Camera_01,NEW_SIGNAL_22,432,5,True,False,1.0,0.0,,281577,0,0,0,False
vw_meb.dbc,2,0x183,MEB_Camera_01,NEW_SIGNAL_23,448,12,True,False,1.0,0.0,,281577,0,0,280531,True
vw_meb.dbc,2,0x183,MEB_Camera_01,NEW_SIGNAL_24,460,12,True,False,1.0,0.0,,281577,0,0,281577,True
vw_meb.dbc,2,0x183,MEB_Camera_01,NEW_SIGNAL_25,472,12,True,False,1.0,0.0,,281577,0,0,281572,True
vw_meb.dbc,2,0x183,MEB_Camera_01,NEW_SIGNAL_26,484,12,True,False,1.0,0.0,,281577,0,0,281568,True
vw_meb.dbc,2,0x183,MEB_Camera_01,NEW_SIGNAL_3,209,9,True,False,1.0,0.0,,281577,0,0,230690,True
vw_meb.dbc,2,0x183,MEB_Camera_01,NEW_SIGNAL_4,232,9,True,False,1.0,0.0,,281577,0,0,163672,True
vw_meb.dbc,2,0x183,MEB_Camera_01,NEW_SIGNAL_5,241,9,True,False,1.0,0.0,,281577,0,0,224788,True
vw_meb.dbc,2,0x183,MEB_Camera_01,NEW_SIGNAL_6,268,12,True,False,1.0,0.0,,281577,0,0,281571,True
vw_meb.dbc,2,0x183,MEB_Camera_01,NEW_SIGNAL_7,280,12,True,False,1.0,0.0,,281577,0,0,281489,True
vw_meb.dbc,2,0x183,MEB_Camera_01,NEW_SIGNAL_8,250,6,True,False,1.0,0.0,,281577,0,0,0,False
vw_meb.dbc,2,0x183,MEB_Camera_01,NEW_SIGNAL_9,218,6,True,False,1.0,0.0,,281577,0,0,0,False
vw_meb.dbc,2,0x1a4,EA_01,CHECKSUM,0,8,True,False,1.0,0.0,,22527,0,0,0,False
vw_meb.dbc,2,0x1a4,EA_01,COUNTER,8,4,True,False,1.0,0.0,,22527,0,0,0,False
vw_meb.dbc,2,0x1a4,EA_01,EA_Anforderung_HMS,48,3,True,False,1.0,0.0,,22527,0,0,0,False
vw_meb.dbc,2,0x1a4,EA_01,EA_Funktionsstatus,40,4,True,False,1.0,0.0,,22527,0,0,0,False
vw_meb.dbc,2,0x1a4,EA_01,EA_Gurtstraffer_Anf,44,2,True,False,1.0,0.0,,22527,0,0,0,False
vw_meb.dbc,2,0x1a4,EA_01,EA_Parken_beibehalten_HMS,12,2,True,False,1.0,0.0,,22527,0,0,0,False
vw_meb.dbc,2,0x1a4,EA_01,EA_Sollbeschleunigung,53,11,True,False,0.005,-7.22,Unit_MeterPerSeconSquar,22527,0,0,22527,False
vw_meb.dbc,2,0x1a4,EA_01,EA_Warnruckprofil,28,3,True,False,1.0,0.0,,22527,0,0,0,False
vw_meb.dbc,2,0x1a4,EA_01,EA_eCall_Anf,31,2,True,False,1.0,0.0,,22527,0,0,0,False
vw_meb.dbc,2,0x1a555541,EML_02,CHK,8,4,True,False,1.0,0.0,,159,0,0,0,False
vw_meb.dbc,2,0x1a555541,EML_02,CRC,0,8,True,False,1.0,0.0,,159,0,0,0,False
vw_meb.dbc,2,0x1f0,EA_02,ACF_Lampe_Hands_Off,16,2,True,False,1.0,0.0,,22529,0,0,0,False
vw_meb.dbc,2,0x1f0,EA_02,EA_02_BZ,8,4,True,False,1.0,0.0,,22529,0,0,0,False
vw_meb.dbc,2,0x1f0,EA_02,EA_02_CRC,0,8,True,False,1.0,0.0,,22529,0,0,0,False
vw_meb.dbc,2,0x1f0,EA_02,EA_Blinken,32,3,True,False,1.0,0.0,,22529,0,0,0,False
vw_meb.dbc,2,0x1f0,EA_02,EA_Bremslichtblinken,31,1,True,False,1.0,0.0,,22529,0,0,0,False
vw_meb.dbc,2,0x1f0,EA_02,EA_Infotainment_Anf,22,2,True,False,1.0,0.0,,22529,0,22529,0,False
vw_meb.dbc,2,0x1f0,EA_02,EA_Innenraumlicht_Anf,25,1,True,False,1.0,0.0,,22529,0,0,0,False
vw_meb.dbc,2,0x1f0,EA_02,EA_Texte,12,4,True,False,1.0,0.0,,22529,0,0,0,False
vw_meb.dbc,2,0x1f0,EA_02,EA_Tueren_Anf,24,1,True,False,1.0,0.0,,22529,0,0,0,False
vw_meb.dbc,2,0x1f0,EA_02,EA_Unknown,60,3,False,False,1.0,0.0,,22529,0,0,0,False
vw_meb.dbc,2,0x1f0,EA_02,STP_Primaeranz,28,3,True,False,1.0,0.0,,22529,0,0,0,False
vw_meb.dbc,2,0x1f0,EA_02,zFAS_Warnblinken,26,2,True,False,1.0,0.0,,22529,0,0,0,False
vw_meb.dbc,2,0x205,SAM_01,Brake_Light,36,1,False,False,1.0,0.0,,182,0,0,0,False
vw_meb.dbc,2,0x205,SAM_01,Left_Blinker,37,1,False,False,1.0,0.0,,182,0,0,0,False
vw_meb.dbc,2,0x205,SAM_01,Right_Blinker,38,1,False,False,1.0,0.0,,182,0,0,0,False
vw_meb.dbc,2,0x206,Parken_01,AEB_Active,16,1,False,False,1.0,0.0,,563082,0,0,0,False
vw_meb.dbc,2,0x206,Parken_01,CHK,0,8,True,False,1.0,0.0,,563082,0,0,0,False
vw_meb.dbc,2,0x206,Parken_01,CNT,8,4,True,False,1.0,0.0,,563082,0,0,0,False
vw_meb.dbc,2,0x20a,EML_06,CHECKSUM,0,8,True,False,1.0,0.0,,1572,0,0,0,False
vw_meb.dbc,2,0x20a,EML_06,COUNTER,8,4,True,False,1.0,0.0,,1572,0,0,0,False
vw_meb.dbc,2,0x20a,EML_06,Yaw_Rate,200,16,True,False,0.007,-229.34,,1572,0,0,263,False
vw_meb.dbc,2,0x20a,EML_06,Yaw_Rate_VZ,33,1,True,False,1.0,0.0,,1572,0,0,0,False
vw_meb.dbc,2,0x234,MEB_Camera_02,NEW_SIGNAL_1,12,6,True,False,1.0,0.0,,281577,0,0,244507,False
vw_meb.dbc,2,0x234,MEB_Camera_02,NEW_SIGNAL_2,18,6,True,False,1.0,0.0,,281577,0,0,0,False
vw_meb.dbc,2,0x234,MEB_Camera_02,NEW_SIGNAL_3,24,6,True,False,1.0,0.0,,281577,0,0,0,False
vw_meb.dbc,2,0x234,MEB_Camera_02,NEW_SIGNAL_4,30,6,True,False,1.0,0.0,,281577,0,0,232736,False
vw_meb.dbc,2,0x234,MEB_Camera_02,NEW_SIGNAL_5,295,9,True,False,1.0,0.0,,281577,0,0,196817,True
vw_meb.dbc,2,0x234,MEB_Camera_02,NEW_SIGNAL_6,192,12,True,False,1.0,0.0,,281577,0,0,281472,True
vw_meb.dbc,2,0x234,MEB_Camera_02,NEW_SIGNAL_7,178,13,True,False,1.0,0.0,,281577,0,0,277383,True
vw_meb.dbc,2,0x234,MEB_Camera_02,NEW_SIGNAL_8,286,9,True,False,1.0,0.0,,281577,0,0,245929,True
vw_meb.dbc,2,0x24c,MEB_Side_Assist_01,Blind_Spot_Info_Left,29,1,False,False,1.0,0.0,,225259,0,0,0,False
vw_meb.dbc,2,0x24c,MEB_Side_Assist_01,Blind_Spot_Info_Right,26,1,False,False,1.0,0.0,,225259,0,0,0,False
vw_meb.dbc,2,0x24c,MEB_Side_Assist_01,Blind_Spot_Left,19,7,True,False,1.0,0.0,,225259,0,0,4466,False
vw_meb.dbc,2,0x24c,MEB_Side_Assist_01,Blind_Spot_Right,12,7,True,False,1.0,0.0,,225259,0,0,2208,False
vw_meb.dbc,2,0x24c,MEB_Side_Assist_01,Blind_Spot_Warn_Left,30,1,False,False,1.0,0.0,,225259,0,0,0,False
vw_meb.dbc,2,0x24c,MEB_Side_Assist_01,Blind_Spot_Warn_Right,27,1,False,False,1.0,0.0,,225259,0,0,0,False
vw_meb.dbc,2,0x24c,MEB_Side_Assist_01,Higher_Speed_01,33,1,False,False,1.0,0.0,,225259,0,0,0,False
vw_meb.dbc,2,0x24c,MEB_Side_Assist_01,Higher_Speed_02,83,1,False,False,1.0,0.0,,225259,0,0,0,False
vw_meb.dbc,2,0x24c,MEB_Side_Assist_01,Lower_Speed_01,32,1,False,False,1.0,0.0,,225259,0,0,0,False
vw_meb.dbc,2,0x24c,MEB_Side_Assist_01,Lower_Speed_02,84,1,False,False,1.0,0.0,,225259,0,0,0,False
vw_meb.dbc,2,0x24c,MEB_Side_Assist_01,NEW_SIGNAL_1,98,1,False,False,1.0,0.0,,225259,0,0,0,False
vw_meb.dbc,2,0x24c,MEB_Side_Assist_01,NEW_SIGNAL_6,119,1,False,False,1.0,0.0,,225259,0,0,0,False
vw_meb.dbc,2,0x24c,MEB_Side_Assist_01,Standstill,86,1,False,False,1.0,0.0,,225259,0,0,0,False
vw_meb.dbc,2,0x24d,MEB_Side_Assist_02,Unknown_01,100,3,False,False,1.0,0.0,,225259,0,0,0,False
vw_meb.dbc,2,0x24d,MEB_Side_Assist_02,Unknown_02,108,3,False,False,1.0,0.0,,225259,0,0,0,False
vw_meb.dbc,2,0x24f,Strukturen_01,Distance_Status,13,2,True,False,1.0,0.0,,281562,0,0,0,False
vw_meb.dbc,2,0x24f,Strukturen_01,Left_Lane_01_Lat_Distance,108,10,True,False,0.065,-33.28,Unit_Meter,281562,0,0,0,True
vw_meb.dbc,2,0x24f,Strukturen_01,Left_Lane_01_Long_Distance,96,12,True,False,0.0625,-3.75,Unit_Meter,281562,0,0,251673,True
vw_meb.dbc,2,0x24f,Strukturen_01,Left_Lane_01_ObjectID,22,6,True,False,1.0,0.0,Unit_ObjectID,281562,0,0,0,False
vw_meb.dbc,2,0x24f,Strukturen_01,Left_Lane_01_Rel_Velo,118,10,True,False,0.25,-128.0,Unit_MeterPerSecond,281562,0,0,0,False
vw_meb.dbc,2,0x24f,Strukturen_01,Left_Lane_02_Lat_Distance,204,10,True,False,0.065,-33.28,Unit_Meter,281562,0,0,0,True
vw_meb.dbc,2,0x24f,Strukturen_01,Left_Lane_02_Long_Distance,192,12,True,False,0.0625,-3.75,Unit_Meter,281562,0,0,273587,True
vw_meb.dbc,2,0x24f,Strukturen_01,Left_Lane_02_ObjectID,40,6,True,False,1.0,0.0,Unit_ObjectID,281562,0,0,0,False
vw_meb.dbc,2,0x24f,Strukturen_01,Left_Lane_02_Rel_Velo,214,10,True,False,0.25,-128.0,Unit_MeterPerSecond,281562,0,0,0,False
vw_meb.dbc,2,0x24f,Strukturen_01,Right_Lane_01_Lat_Distance,140,10,True,False,0.065,-33.28,Unit_Meter,281562,0,0,0,True
vw_meb.dbc,2,0x24f,Strukturen_01,Right_Lane_01_Long_Distance,128,12,True,False,0.0625,-3.75,Unit_Meter,281562,0,0,184976,True
vw_meb.dbc,2,0x24f,Strukturen_01,Right_Lane_01_ObjectID,28,6,True,False,1.0,0.0,Unit_ObjectID,281562,0,0,0,False
vw_meb.dbc,2,0x24f,Strukturen_01,Right_Lane_01_Rel_Velo,150,10,True,False,0.25,-128.0,Unit_MeterPerSecond,281562,0,0,0,False
vw_meb.dbc,2,0x24f,Strukturen_01,Right_Lane_02_Lat_Distance,236,10,True,False,0.065,-33.28,Unit_Meter,281562,0,0,0,True
vw_meb.dbc,2,0x24f,Strukturen_01,Right_Lane_02_Long_Distance,224,12,True,False,0.0625,-3.75,Unit_Meter,281562,0,0,253739,True
vw_meb.dbc,2,0x24f,Strukturen_01,Right_Lane_02_ObjectID,46,6,True,False,1.0,0.0,Unit_ObjectID,281562,0,0,0,False
vw_meb.dbc,2,0x24f,Strukturen_01,Right_Lane_02_Rel_Velo,246,10,True,False,0.25,-128.0,Unit_MeterPerSecond,281562,0,0,0,False
vw_meb.dbc,2,0x24f,Strukturen_01,Same_Lane_01_Lat_Distance,76,10,True,False,0.065,-33.28,Unit_Meter,281562,0,0,0,True
vw_meb.dbc,2,0x24f,Strukturen_01,Same_Lane_01_Long_Distance,64,12,True,False,0.0625,-3.75,Unit_Meter,281562,0,0,173435,True
vw_meb.dbc,2,0x24f,Strukturen_01,Same_Lane_01_ObjectID,16,6,True,False,1.0,0.0,Unit_ObjectID,281562,0,0,0,False
vw_meb.dbc,2,0x24f,Strukturen_01,Same_Lane_01_Rel_Velo,86,10,True,False,0.25,-128.0,Unit_MeterPerSecond,281562,0,0,0,False
vw_meb.dbc,2,0x24f,Strukturen_01,Same_Lane_02_Lat_Distance,172,10,True,False,0.065,-33.28,Unit_Meter,281562,0,0,0,True
vw_meb.dbc,2,0x24f,Strukturen_01,Same_Lane_02_Long_Distance,160,12,True,False,0.0625,-3.75,Unit_Meter,281562,0,0,266456,True
vw_meb.dbc,2,0x24f,Strukturen_01,Same_Lane_02_ObjectID,34,6,True,False,1.0,0.0,Unit_ObjectID,281562,0,0,0,False
vw_meb.dbc,2,0x24f,Strukturen_01,Same_Lane_02_Rel_Velo,182,10,True,False,0.25,-128.0,Unit_MeterPerSecond,281562,0,0,0,False
vw_meb.dbc,2,0x25d,KLR_01,CHECKSUM,0,8,True,False,1.0,0.0,,506,0,0,0,False
vw_meb.dbc,2,0x25d,KLR_01,COUNTER,8,4,True,False,1.0,0.0,,506,0,0,0,False
vw_meb.dbc,2,0x25d,KLR_01,KLR_Fehler,12,1,True,False,1.0,0.0,,506,0,0,0,False
vw_meb.dbc,2,0x25d,KLR_01,KLR_Fehler_Codierung,15,1,True,False,1.0,0.0,,506,0,0,0,False
vw_meb.dbc,2,0x25d,KLR_01,KLR_Lokalaktiv,14,1,True,False,1.0,0.0,,506,0,0,0,False
vw_meb.dbc,2,0x25d,KLR_01,KLR_ResponseError,13,1,True,False,1.0,0.0,,506,0,0,0,False
vw_meb.dbc,2,0x25d,KLR_01,KLR_Touchauswertung,40,4,True,False,1.0,0.0,,506,0,0,0,False
vw_meb.dbc,2,0x25d,KLR_01,KLR_Touchintensitaet_1,16,8,True,False,1.0,0.0,Unit_None,506,0,0,10,False
vw_meb.dbc,2,0x25d,KLR_01,KLR_Touchintensitaet_2,24,8,True,False,1.0,0.0,Unit_None,506,0,0,10,False
vw_meb.dbc,2,0x25d,KLR_01,KLR_Touchintensitaet_3,32,8,True,False,1.0,0.0,Unit_None,506,0,0,10,False
vw_meb.dbc,2,0x26b,TA_01,CHECKSUM,0,8,True,False,1.0,0.0,,112630,0,0,0,False
vw_meb.dbc,2,0x26b,TA_01,COUNTER,8,4,True,False,1.0,0.0,,112630,0,0,0,False
vw_meb.dbc,2,0x26b,TA_01,Travel_Assist_Available,23,1,True,False,1.0,0.0,,112630,0,0,0,False
vw_meb.dbc,2,0x26b,TA_01,Travel_Assist_Request,19,3,True,False,1.0,0.0,,112630,0,0,0,False
vw_meb.dbc,2,0x26b,TA_01,Travel_Assist_Status,13,3,True,False,1.0,0.0,,112630,0,0,0,False
vw_meb.dbc,2,0x2b7,RCTA_01,RCTA_01_BZ,8,4,True,False,1.0,0.0,,225259,0,0,0,False
vw_meb.dbc,2,0x2b7,RCTA_01,RCTA_01_CRC,0,8,True,False,1.0,0.0,,225259,0,0,0,False
vw_meb.dbc,2,0x300,MEB_ACC_01,ACA_Querfuehrung,71,2,True,False,1.0,0.0,,187706,0,187706,0,False
vw_meb.dbc,2,0x300,MEB_ACC_01,ACC_Abstandsindex_02,86,10,True,False,1.0,0.0,,187706,0,117204,117204,True
vw_meb.dbc,2,0x300,MEB_ACC_01,ACC_Akustischer_Fahrerhinweis,211,2,True,False,1.0,0.0,,187706,0,0,0,False
vw_meb.dbc,2,0x300,MEB_ACC_01,ACC_Anzeige_Zeitluecke,113,1,True,False,1.0,0.0,,187706,0,0,0,False
vw_meb.dbc,2,0x300,MEB_ACC_01,ACC_Display_Prio,96,2,True,False,1.0,0.0,,187706,0,0,0,False
vw_meb.dbc,2,0x300,MEB_ACC_01,ACC_EGO_Fahrzeug,106,3,True,False,1.0,0.0,,187706,0,0,0,False
vw_meb.dbc,2,0x300,MEB_ACC_01,ACC_Enabled,186,1,False,False,1.0,0.0,,187706,0,0,0,False
vw_meb.dbc,2,0x300,MEB_ACC_01,ACC_Event_Wunschgeschw,140,10,True,False,0.32,0.0,,187706,0,0,187706,False
vw_meb.dbc,2,0x300,MEB_ACC_01,ACC_Events,332,4,False,False,1.0,0.0,Unit_Meter,187706,0,0,0,False
vw_meb.dbc,2,0x300,MEB_ACC_01,ACC_Gesetzte_Zeitluecke,101,3,True,False,1.0,0.0,,187706,0,0,0,False
vw_meb.dbc,2,0x300,MEB_ACC_01,ACC_Limiter_Mode,268,1,False,False,1.0,0.0,,187706,0,0,0,False
vw_meb.dbc,2,0x300,MEB_ACC_01,ACC_Optischer_Fahrerhinweis,104,1,True,False,1.0,0.0,,187706,0,0,0,False
vw_meb.dbc,2,0x300,MEB_ACC_01,ACC_Regelung_AIO,75,1,True,False,1.0,0.0,,187706,0,0,0,False
vw_meb.dbc,2,0x300,MEB_ACC_01,ACC_Relevantes_Objekt_02,109,2,True,False,1.0,0.0,,187706,0,0,0,False
vw_meb.dbc,2,0x300,MEB_ACC_01,ACC_Standby_Override,266,1,False,False,1.0,0.0,,187706,0,0,0,False
vw_meb.dbc,2,0x300,MEB_ACC_01,ACC_Status_ACC,208,3,True,False,1.0,0.0,,187706,0,168,0,False
vw_meb.dbc,2,0x300,MEB_ACC_01,ACC_Tempolimit,64,5,True,False,1.0,0.0,,187706,0,0,0,False
vw_meb.dbc,2,0x300,MEB_ACC_01,ACC_Texte_Primaeranz_02,114,6,True,False,1.0,0.0,,187706,0,0,0,False
vw_meb.dbc,2,0x300,MEB_ACC_01,ACC_Texte_Zusatzanz_02,120,6,True,False,1.0,0.0,,187706,0,0,0,False
vw_meb.dbc,2,0x300,MEB_ACC_01,ACC_Warnhinweis,105,1,True,False,1.0,0.0,,187706,0,0,0,False
vw_meb.dbc,2,0x300,MEB_ACC_01,ACC_Warnung_Verkehrszeichen_1,70,1,True,False,1.0,0.0,,187706,0,187706,0,False
vw_meb.dbc,2,0x300,MEB_ACC_01,ACC_Wunschgeschw_02,76,10,True,False,0.32,0.0,Unit_KiloMeterPerHour,187706,0,0,22013,False
vw_meb.dbc,2,0x300,MEB_ACC_01,ACC_Wunschgeschw_Farbe,69,1,True,False,1.0,0.0,,187706,0,0,0,False
vw_meb.dbc,2,0x300,MEB_ACC_01,ACC_Wunschgeschw_erreicht,112,1,True,False,1.0,0.0,,187706,0,0,0,False
vw_meb.dbc,2,0x300,MEB_ACC_01,ACC_rel_Objekt_Zusatzanz,98,2,True,False,1.0,0.0,,187706,0,0,0,False
vw_meb.dbc,2,0x300,MEB_ACC_01,Heartbeat,150,9,True,False,1.0,0.0,,187706,0,181,187612,False
vw_meb.dbc,2,0x300,MEB_ACC_01,Lead_Brightness,269,4,True,False,1.0,0.0,,187706,0,0,0,False
vw_meb.dbc,2,0x300,MEB_ACC_01,Lead_Distance,290,10,True,False,0.2,0.0,Unit_Meter,187706,0,0,67931,True
vw_meb.dbc,2,0x300,MEB_ACC_01,Lead_Type,287,3,True,False,1.0,0.0,,187706,0,0,4,False
vw_meb.dbc,2,0x300,MEB_ACC_01,Lead_Type_Detected,265,1,False,False,1.0,0.0,,187706,0,0,0,False
vw_meb.dbc,2,0x300,MEB_ACC_01,SET_ME_0X1,199,1,False,False,1.0,0.0,,187706,0,0,0,False
vw_meb.dbc,2,0x300,MEB_ACC_01,SET_ME_0X6A,273,8,True,False,1.0,0.0,,187706,0,0,187511,False
vw_meb.dbc,2,0x300,MEB_ACC_01,SET_ME_0X7FFF,240,16,True,False,1.0,0.0,,187706,0,0,0,False
vw_meb.dbc,2,0x300,MEB_ACC_01,SET_ME_0XFFFF,160,16,True,False,1.0,0.0,,187706,0,0,0,False
vw_meb.dbc,2,0x300,MEB_ACC_01,STA_Primaeranz,126,2,True,False,1.0,0.0,,187706,0,0,0,False
vw_meb.dbc,2,0x300,MEB_ACC_01,Street_Color,267,1,False,False,1.0,0.0,,187706,0,0,0,False
vw_meb.dbc,2,0x300,MEB_ACC_01,Unknown_01,225,1,False,False,1.0,0.0,,187706,0,0,0,False
vw_meb.dbc,2,0x300,MEB_ACC_01,Unknown_02,73,1,False,False,1.0,0.0,,187706,0,0,0,False
vw_meb.dbc,2,0x300,MEB_ACC_01,Unknown_06,226,1,False,False,1.0,0.0,,187706,0,0,0,False
vw_meb.dbc,2,0x300,MEB_ACC_01,Unknown_07,228,1,False,False,1.0,0.0,,187706,0,0,0,False
vw_meb.dbc,2,0x300,MEB_ACC_01,Unknown_08,224,1,False,False,1.0,0.0,,187706,0,0,0,False
vw_meb.dbc,2,0x300,MEB_ACC_01,Unknown_09,262,1,False,False,1.0,0.0,,187706,0,0,0,False
vw_meb.dbc,2,0x300,MEB_ACC_01,Zeitluecke_1,334,9,True,False,0.171,0.0,Unit_Meter,187706,0,0,0,False
vw_meb.dbc,2,0x300,MEB_ACC_01,Zeitluecke_2,344,9,True,False,0.171,0.0,Unit_Meter,187706,0,0,0,False
vw_meb.dbc,2,0x300,MEB_ACC_01,Zeitluecke_3,354,9,True,False,0.171,0.0,Unit_Meter,187706,0,0,0,True
vw_meb.dbc,2,0x300,MEB_ACC_01,Zeitluecke_4,364,9,True,False,0.171,0.0,Unit_Meter,187706,0,0,0,False
vw_meb.dbc,2,0x300,MEB_ACC_01,Zeitluecke_5,374,9,True,False,0.171,0.0,Unit_Meter,187706,0,0,0,True
vw_meb.dbc,2,0x300,MEB_ACC_01,Zeitluecke_Farbe,189,1,False,False,1.0,0.0,,187706,0,0,0,False
vw_meb.dbc,2,0x303,HCA_03,Curvature,24,15,True,False,6.7e-06,0.0,Unit_rad/m,11262,0,0,0,False
vw_meb.dbc,2,0x303,HCA_03,Curvature_VZ,39,1,True,False,1.0,0.0,,11262,0,0,0,False
vw_meb.dbc,2,0x303,HCA_03,HighSendRate,66,1,True,False,1.0,0.0,,11262,0,0,0,False
vw_meb.dbc,2,0x303,HCA_03,Power,16,8,True,False,0.4,0.0,percent,11262,0,0,0,False
vw_meb.dbc,2,0x303,HCA_03,RequestStatus,12,4,True,False,1.0,0.0,,11262,0,0,0,False
vw_meb.dbc,2,0x303,HCA_03,Unknown_01,53,1,False,False,1.0,0.0,,11262,0,0,0,False
vw_meb.dbc,2,0x303,HCA_03,Vibration,56,1,False,False,1.0,0.0,,11262,0,0,0,False
vw_meb.dbc,2,0x31b,ESP_24,ABS_Lampe,13,1,True,False,1.0,0.0,,629,0,0,0,False
vw_meb.dbc,2,0x31b,ESP_24,BK_Lampe_02,14,2,True,False,1.0,0.0,,629,0,0,0,False
vw_meb.dbc,2,0x31b,ESP_24,ESP_BKV_Warnung,63,1,True,False,1.0,0.0,,629,0,0,0,False
vw_meb.dbc,2,0x31b,ESP_24,ESP_Fehlerstatus_Wegimp,51,1,True,False,1.0,0.0,,629,0,0,0,False
vw_meb.dbc,2,0x31b,ESP_24,ESP_HDC_Geschw_Farbe,54,1,True,False,1.0,0.0,,629,0,0,0,False
vw_meb.dbc,2,0x31b,ESP_24,ESP_HDC_Regelgeschw,56,7,True,False,0.32,0.0,Unit_KiloMeterPerHour,629,0,629,629,False
vw_meb.dbc,2,0x31b,ESP_24,ESP_Lampe,12,1,True,False,1.0,0.0,,629,0,0,0,False
vw_meb.dbc,2,0x31b,ESP_24,ESP_Meldungen,37,3,True,False,1.0,0.0,,629,0,0,0,False
vw_meb.dbc,2,0x31b,ESP_24,ESP_Off_Lampe,55,1,True,False,1.0,0.0,,629,0,0,0,False
vw_meb.dbc,2,0x31b,ESP_24,ESP_QBit_Wegimp_VA,53,1,True,False,1.0,0.0,,629,0,0,0,False
vw_meb.dbc,2,0x31b,ESP_24,ESP_Textanzeigen_03,32,5,True,False,1.0,0.0,,629,0,0,0,False
vw_meb.dbc,2,0x31b,ESP_24,ESP_Wegimp_Ueberlauf,52,1,True,False,1.0,0.0,,629,0,0,0,False
vw_meb.dbc,2,0x31b,ESP_24,ESP_Wegimp_VA,40,11,True,False,1.0,0.0,,629,0,0,0,False
vw_meb.dbc,2,0x31b,ESP_24,ESP_m_Raddrehz,17,15,True,False,0.002,0.0,Unit_Hertz,629,0,0,0,False
vw_meb.dbc,2,0x31b,ESP_24,TC_Lampe,16,1,True,False,1.0,0.0,,629,0,0,0,False
vw_meb.dbc,2,0x352,Parken_SM_03,Parken_SM_03_MUX,0,3,True,False,1.0,0.0,,112616,0,0,0,False
vw_meb.dbc,2,0x352,Parken_SM_03,Parken_SM_03_Traj_Trans_ID_00,3,4,True,False,1.0,0.0,,16089,0,0,0,False
vw_meb.dbc,2,0x352,Parken_SM_03,Parken_SM_03_Traj_Trans_ID_01,3,4,True,False,1.0,0.0,,16087,0,0,0,False
vw_meb.dbc,2,0x352,Parken_SM_03,Parken_SM_03_Traj_Trans_ID_02,3,4,True,False,1.0,0.0,,16088,0,0,0,False
vw_meb.dbc,2,0x352,Parken_SM_03,Parken_SM_03_Traj_Trans_ID_03,3,4,True,False,1.0,0.0,,16088,0,0,0,False
vw_meb.dbc,2,0x352,Parken_SM_03,Parken_SM_03_Traj_Trans_ID_04,3,4,True,False,1.0,0.0,,16088,0,0,0,False
vw_meb.dbc,2,0x352,Parken_SM_03,Parken_SM_03_Traj_Trans_ID_05,3,4,True,False,1.0,0.0,,16088,0,0,0,False
vw_meb.dbc,2,0x352,Parken_SM_03,Parken_SM_03_Traj_Trans_ID_06,3,4,True,False,1.0,0.0,,16088,0,0,0,False
vw_meb.dbc,2,0x352,Parken_SM_03,Parken_Traj_P1_Pos_X,7,13,True,False,0.5,-2047.5,Unit_Centimeter,16089,0,0,0,False
vw_meb.dbc,2,0x352,Parken_SM_03,Parken_Traj_P1_Pos_Y,20,13,True,False,0.5,-2047.5,Unit_Centimeter,16089,0,0,0,False
vw_meb.dbc,2,0x352,Parken_SM_03,Parken_Traj_P1_Tangent,33,10,True,False,0.3515625,0.0,Unit_DegreOfArc,16089,0,0,0,False
vw_meb.dbc,2,0x352,Parken_SM_03,Parken_Traj_P2_Pos_X,43,13,True,False,0.5,-2047.5,Unit_Centimeter,16089,0,0,0,False
vw_meb.dbc,2,0x352,Parken_SM_03,Parken_Traj_P2_Pos_Y,7,13,True,False,0.5,-2047.5,Unit_Centimeter,16087,0,0,0,False
vw_meb.dbc,2,0x352,Parken_SM_03,Parken_Traj_P2_Tangent,20,10,True,False,0.3515625,0.0,Unit_DegreOfArc,16087,0,0,0,False
vw_meb.dbc,2,0x352,Parken_SM_03,Parken_Traj_P3_Pos_X,30,13,True,False,0.5,-2047.5,Unit_Centimeter,16087,0,0,0,False
vw_meb.dbc,2,0x352,Parken_SM_03,Parken_Traj_P3_Pos_Y,43,13,True,False,0.5,-2047.5,Unit_Centimeter,16087,0,0,0,False
vw_meb.dbc,2,0x352,Parken_SM_03,Parken_Traj_P3_Tangent,7,10,True,False,0.3515625,0.0,Unit_DegreOfArc,16088,0,0,0,False
vw_meb.dbc,2,0x352,Parken_SM_03,Parken_Traj_P4_Pos_X,17,13,True,False,0.5,-2047.5,Unit_Centimeter,16088,0,0,0,False
vw_meb.dbc,2,0x352,Parken_SM_03,Parken_Traj_P4_Pos_Y,30,13,True,False,0.5,-2047.5,Unit_Centimeter,16088,0,0,0,False
vw_meb.dbc,2,0x352,Parken_SM_03,Parken_Traj_P4_Tangent,43,10,True,False,0.3515625,0.0,Unit_DegreOfArc,16088,0,0,0,False
vw_meb.dbc,2,0x352,Parken_SM_03,Parken_Traj_P5_Pos_X,7,13,True,False,0.5,-2047.5,Unit_Centimeter,16088,0,0,0,False
vw_meb.dbc,2,0x352,Parken_SM_03,Parken_Traj_P5_Pos_Y,20,13,True,False,0.5,-2047.5,Unit_Centimeter,16088,0,0,0,False
vw_meb.dbc,2,0x352,Parken_SM_03,Parken_Traj_P5_Tangent,33,10,True,False,0.3515625,0.0,Unit_DegreOfArc,16088,0,0,0,False
vw_meb.dbc,2,0x352,Parken_SM_03,Parken_Traj_P6_Pos_X,43,13,True,False,0.5,-2047.5,Unit_Centimeter,16088,0,0,0,False
vw_meb.dbc,2,0x352,Parken_SM_03,Parken_Traj_P6_Pos_Y,7,13,True,False,0.5,-2047.5,Unit_Centimeter,16088,0,0,0,False
vw_meb.dbc,2,0x352,Parken_SM_03,Parken_Traj_P6_Tangent,20,10,True,False,0.3515625,0.0,Unit_DegreOfArc,16088,0,0,0,False
vw_meb.dbc,2,0x352,Parken_SM_03,Parken_Traj_P7_Pos_X,30,13,True,False,0.5,-2047.5,Unit_Centimeter,16088,0,0,0,False
vw_meb.dbc,2,0x352,Parken_SM_03,Parken_Traj_P7_Pos_Y,43,13,True,False,0.5,-2047.5,Unit_Centimeter,16088,0,0,0,False
vw_meb.dbc,2,0x352,Parken_SM_03,Parken_Traj_P7_Tangent,7,10,True,False,0.3515625,0.0,Unit_DegreOfArc,16088,0,0,0,False
vw_meb.dbc,2,0x352,Parken_SM_03,Parken_Traj_P8_Pos_X,17,13,True,False,0.5,-2047.5,Unit_Centimeter,16088,0,0,0,False
vw_meb.dbc,2,0x352,Parken_SM_03,Parken_Traj_P8_Pos_Y,30,13,True,False,0.5,-2047.5,Unit_Centimeter,16088,0,0,0,False
vw_meb.dbc,2,0x352,Parken_SM_03,Parken_Traj_P8_Tangent,43,10,True,False,0.3515625,0.0,Unit_DegreOfArc,16088,0,0,0,False
vw_meb.dbc,2,0x352,Parken_SM_03,Parken_Traj_P9_Pos_X,7,13,True,False,0.5,-2047.5,Unit_Centimeter,16088,0,0,0,False
vw_meb.dbc,2,0x352,Parken_SM_03,Parken_Traj_P9_Pos_Y,20,13,True,False,0.5,-2047.5,Unit_Centimeter,16088,0,0,0,False
vw_meb.dbc,2,0x352,Parken_SM_03,Parken_Traj_P9_Tangent,33,10,True,False,0.3515625,0.0,Unit_DegreOfArc,16088,0,0,0,False
vw_meb.dbc,2,0x366,Blinkmodi_02,BM_Autobahn,34,1,True,False,1.0,0.0,,37,0,0,0,False
vw_meb.dbc,2,0x366,Blinkmodi_02,BM_Crash,16,1,True,False,1.0,0.0,,37,0,0,0,False
vw_meb.dbc,2,0x366,Blinkmodi_02,BM_DWA_Alarm,15,1,True,False,1.0,0.0,,37,0,0,0,False
vw_meb.dbc,2,0x366,Blinkmodi_02,BM_DWA_ein,14,1,True,False,1.0,0.0,,37,0,0,0,False
vw_meb.dbc,2,0x366,Blinkmodi_02,BM_GDO,19,1,True,False,1.0,0.0,,37,0,0,0,False
vw_meb.dbc,2,0x366,Blinkmodi_02,BM_HD_Oeffnung_angelernt,33,1,True,False,1.0,0.0,,37,0,0,0,False
vw_meb.dbc,2,0x366,Blinkmodi_02,BM_NBA_Status,30,2,True,False,1.0,0.0,,37,0,0,0,False
vw_meb.dbc,2,0x366,Blinkmodi_02,BM_NBA_n_codiert_n_aktiv,29,1,True,False,1.0,0.0,,37,0,37,0,False
vw_meb.dbc,2,0x366,Blinkmodi_02,BM_Not_Bremsung,18,1,True,False,1.0,0.0,,37,0,0,0,False
vw_meb.dbc,2,0x366,Blinkmodi_02,BM_Panik,17,1,True,False,1.0,0.0,,37,0,0,0,False
vw_meb.dbc,2,0x366,Blinkmodi_02,BM_PiloPa,44,1,True,False,1.0,0.0,,37,0,0,0,False
vw_meb.dbc,2,0x366,Blinkmodi_02,BM_Recas,36,1,True,False,1.0,0.0,,37,0,0,0,False
vw_meb.dbc,2,0x366,Blinkmodi_02,BM_Rollenmodus_Blinken,35,1,True,False,1.0,0.0,,37,0,0,0,False
vw_meb.dbc,2,0x366,Blinkmodi_02,BM_Taxi_Notalarm,21,1,True,False,1.0,0.0,,37,0,0,0,False
vw_meb.dbc,2,0x366,Blinkmodi_02,BM_Telematik,22,1,True,False,1.0,0.0,,37,0,0,0,False
vw_meb.dbc,2,0x366,Blinkmodi_02,BM_Telematik_Abbruchgrund,38,6,True,False,1.0,0.0,,37,0,37,0,False
vw_meb.dbc,2,0x366,Blinkmodi_02,BM_WBT_Beleuchtung,32,1,True,False,1.0,0.0,,37,0,0,0,False
vw_meb.dbc,2,0x366,Blinkmodi_02,BM_Warnblinken,20,1,True,False,1.0,0.0,,37,0,0,0,False
vw_meb.dbc,2,0x366,Blinkmodi_02,BM_Wischblinken,37,1,True,False,1.0,0.0,,37,0,0,0,False
vw_meb.dbc,2,0x366,Blinkmodi_02,BM_ZV_auf,12,1,True,False,1.0,0.0,,37,0,0,0,False
vw_meb.dbc,2,0x366,Blinkmodi_02,BM_ZV_zu,13,1,True,False,1.0,0.0,,37,0,0,0,False
vw_meb.dbc,2,0x366,Blinkmodi_02,BM_links,23,1,True,False,1.0,0.0,,37,0,0,0,False
vw_meb.dbc,2,0x366,Blinkmodi_02,BM_rechts,24,1,True,False,1.0,0.0,,37,0,0,0,False
vw_meb.dbc,2,0x366,Blinkmodi_02,Blinken_li_Fzg_Takt,25,1,True,False,1.0,0.0,,37,0,0,0,False
vw_meb.dbc,2,0x366,Blinkmodi_02,Blinken_li_Kombi_Takt,27,1,True,False,1.0,0.0,,37,0,0,0,False
vw_meb.dbc,2,0x366,Blinkmodi_02,Blinken_re_Fzg_Takt,26,1,True,False,1.0,0.0,,37,0,0,0,False
vw_meb.dbc,2,0x366,Blinkmodi_02,Blinken_re_Kombi_Takt,28,1,True,False,1.0,0.0,,37,0,0,0,False
vw_meb.dbc,2,0x366,Blinkmodi_02,DWA_Alarmquelle,59,5,True,False,1.0,0.0,,37,0,0,0,False
vw_meb.dbc,2,0x380,APS_Master,Active,54,1,False,False,1.0,0.0,,140771,0,0,0,False
vw_meb.dbc,2,0x380,APS_Master,Distance,55,9,True,False,1.0,0.0,,140771,0,0,137941,False
vw_meb.dbc,2,0x397,LDW_02,LDW_Anlaufsp_VLR,24,4,True,False,1.0,0.0,,112636,0,0,0,False
vw_meb.dbc,2,0x397,LDW_02,LDW_Anlaufzeit_VLR,32,4,True,False,1.0,0.0,,112636,0,0,0,False
vw_meb.dbc,2,0x397,LDW_02,LDW_Codierinfo_fuer_VLR,58,2,True,False,1.0,0.0,,112636,0,0,0,False
vw_meb.dbc,2,0x397,LDW_02,LDW_DLC,40,8,True,False,0.01,-1.25,Unit_Meter,112636,0,0,0,False
vw_meb.dbc,2,0x397,LDW_02,LDW_Frontscheibenheizung_aktiv,60,1,True,False,1.0,0.0,,112636,0,0,0,False
vw_meb.dbc,2,0x397,LDW_02,LDW_Gong,12,2,True,False,1.0,0.0,,112636,0,0,0,False
vw_meb.dbc,2,0x397,LDW_02,LDW_KD_Fehler,63,1,True,False,1.0,0.0,,112636,0,0,0,False
vw_meb.dbc,2,0x397,LDW_02,LDW_Lernmodus,21,3,True,False,1.0,0.0,,112636,0,0,0,False
vw_meb.dbc,2,0x397,LDW_02,LDW_Lernmodus_links,38,2,True,False,1.0,0.0,,112636,0,0,0,False
vw_meb.dbc,2,0x397,LDW_02,LDW_Lernmodus_rechts,36,2,True,False,1.0,0.0,,112636,0,0,0,False
vw_meb.dbc,2,0x397,LDW_02,LDW_SW_Warnung_links,14,1,True,False,1.0,0.0,,112636,0,0,0,False
vw_meb.dbc,2,0x397,LDW_02,LDW_SW_Warnung_rechts,15,1,True,False,1.0,0.0,,112636,0,0,0,False
vw_meb.dbc,2,0x397,LDW_02,LDW_Seite_DLCTLC,20,1,True,False,1.0,0.0,,112636,0,0,0,False
vw_meb.dbc,2,0x397,LDW_02,LDW_Status_LED_gelb,61,1,True,False,1.0,0.0,,112636,0,0,0,False
vw_meb.dbc,2,0x397,LDW_02,LDW_Status_LED_gruen,62,1,True,False,1.0,0.0,,112636,0,0,0,False
vw_meb.dbc,2,0x397,LDW_02,LDW_TLC,48,5,True,False,0.1,0.0,Unit_Secon,112636,0,0,0,False
vw_meb.dbc,2,0x397,LDW_02,LDW_Texte,16,4,True,False,1.0,0.0,,112636,0,0,0,False
vw_meb.dbc,2,0x397,LDW_02,LDW_Vib_Amp_VLR,28,4,True,False,1.0,0.0,,112636,0,0,0,False
vw_meb.dbc,2,0x397,LDW_02,LDW_Warnung_links,56,1,True,False,1.0,0.0,,112636,0,0,0,False
vw_meb.dbc,2,0x397,LDW_02,LDW_Warnung_rechts,57,1,True,False,1.0,0.0,,112636,0,0,0,False
vw_meb.dbc,2,0x3be,Motor_14,CHECKSUM,0,8,True,False,1.0,0.0,,318,0,0,0,False
vw_meb.dbc,2,0x3be,Motor_14,COUNTER,8,4,True,False,1.0,0.0,,318,0,0,0,False
vw_meb.dbc,2,0x3be,Motor_14,MO_Aussp_Anlass,35,1,True,False,1.0,0.0,,318,0,0,0,False
vw_meb.dbc,2,0x3be,Motor_14,MO_BKV_Unterdruckwarnung,45,1,True,False,1.0,0.0,,318,0,0,0,False
vw_meb.dbc,2,0x3be,Motor_14,MO_BLS,30,1,True,False,1.0,0.0,,318,0,0,0,False
vw_meb.dbc,2,0x3be,Motor_14,MO_BMS_NV_Anf_stuetzen,58,1,True,False,1.0,0.0,,318,0,0,0,False
vw_meb.dbc,2,0x3be,Motor_14,MO_EKlKomLeiRed,42,2,True,False,1.0,0.0,,318,0,0,0,False
vw_meb.dbc,2,0x3be,Motor_14,MO_Ext_E_Fahrt_aktiv,27,1,True,False,1.0,0.0,,318,0,0,0,False
vw_meb.dbc,2,0x3be,Motor_14,MO_FMAus_Startvariante,56,2,True,False,1.0,0.0,,318,0,0,0,False
vw_meb.dbc,2,0x3be,Motor_14,MO_FMAus_aktiv,55,1,True,False,1.0,0.0,,318,0,0,0,False
vw_meb.dbc,2,0x3be,Motor_14,MO_Fahrer_bremst,28,1,True,False,1.0,0.0,,318,0,0,0,False
vw_meb.dbc,2,0x3be,Motor_14,MO_Freig_Anlass,36,1,True,False,1.0,0.0,,318,0,0,0,False
vw_meb.dbc,2,0x3be,Motor_14,MO_Freig_Reku,16,2,True,False,1.0,0.0,,318,0,0,0,False
vw_meb.dbc,2,0x3be,Motor_14,MO_Freigabe_Segeln,46,1,True,False,1.0,0.0,,318,0,0,0,False
vw_meb.dbc,2,0x3be,Motor_14,MO_Gangposition,20,4,True,False,1.0,0.0,,318,0,0,0,False
vw_meb.dbc,2,0x3be,Motor_14,MO_HYB_Fahrbereitschaft,26,1,True,False,1.0,0.0,,318,0,0,0,False
vw_meb.dbc,2,0x3be,Motor_14,MO_HYB_VM_aktiv,61,1,True,False,1.0,0.0,,318,0,0,0,False
vw_meb.dbc,2,0x3be,Motor_14,MO_Handshake_STH,44,1,True,False,1.0,0.0,,318,0,0,0,False
vw_meb.dbc,2,0x3be,Motor_14,MO_Interlock,38,1,True,False,1.0,0.0,,318,0,0,0,False
vw_meb.dbc,2,0x3be,Motor_14,MO_Kickdown,40,1,True,False,1.0,0.0,,318,0,0,0,False
vw_meb.dbc,2,0x3be,Motor_14,MO_Kl_50,19,1,True,False,1.0,0.0,,318,0,0,0,False
vw_meb.dbc,2,0x3be,Motor_14,MO_Kl_75,18,1,True,False,1.0,0.0,,318,0,0,0,False
vw_meb.dbc,2,0x3be,Motor_14,MO_Klima_Eingr,33,2,True,False,1.0,0.0,,318,0,0,0,False
vw_meb.dbc,2,0x3be,Motor_14,MO_KomFehler_ESP,32,1,True,False,1.0,0.0,,318,0,318,0,False
vw_meb.dbc,2,0x3be,Motor_14,MO_Konsistenz_Bremsped,31,1,True,False,1.0,0.0,,318,0,0,0,False
vw_meb.dbc,2,0x3be,Motor_14,MO_Kuppl_schalter,37,1,True,False,1.0,0.0,,318,0,0,0,False
vw_meb.dbc,2,0x3be,Motor_14,MO_Motor_laeuft,39,1,True,False,1.0,0.0,,318,0,0,0,False
vw_meb.dbc,2,0x3be,Motor_14,MO_PTC_Status,47,3,True,False,1.0,0.0,,318,0,0,0,False
vw_meb.dbc,2,0x3be,Motor_14,MO_QBit_Fahrer_bremst,29,1,True,False,1.0,0.0,,318,0,0,0,False
vw_meb.dbc,2,0x3be,Motor_14,MO_QBit_Gangposition,50,1,True,False,1.0,0.0,,318,0,318,0,False
vw_meb.dbc,2,0x3be,Motor_14,MO_QBit_KL_75,41,1,True,False,1.0,0.0,,318,0,318,0,False
vw_meb.dbc,2,0x3be,Motor_14,MO_Remotestart_Betrieb,52,1,True,False,1.0,0.0,,318,0,0,0,False
vw_meb.dbc,2,0x3be,Motor_14,MO_Remotestart_moeglich,53,1,True,False,1.0,0.0,,318,0,0,0,False
vw_meb.dbc,2,0x3be,Motor_14,MO_Signalquelle_Gangposition,51,1,True,False,1.0,0.0,,318,0,0,0,False
vw_meb.dbc,2,0x3be,Motor_14,MO_StartStopp_Fahrerwunsch,24,2,True,False,1.0,0.0,,318,0,318,0,False
vw_meb.dbc,2,0x3be,Motor_14,MO_StartStopp_Motorstopp,15,1,True,False,1.0,0.0,,318,0,0,0,False
vw_meb.dbc,2,0x3be,Motor_14,MO_StartStopp_Status,12,2,True,False,1.0,0.0,,318,0,0,0,False
vw_meb.dbc,2,0x3be,Motor_14,MO_StartStopp_Wiederstart,14,1,True,False,1.0,0.0,,318,0,0,0,False
vw_meb.dbc,2,0x3be,Motor_14,MO_StartVorauss_erfuellt,62,2,True,False,1.0,0.0,,318,0,0,0,False
vw_meb.dbc,2,0x3be,Motor_14,MO_Zylinderabschaltung,59,2,True,False,1.0,0.0,,318,0,0,0,False
vw_meb.dbc,2,0x3c0,Klemmen_Status_01,BCM_Ausparken_Betrieb,28,1,True,False,1.0,0.0,,314,0,0,0,False
vw_meb.dbc,2,0x3c0,Klemmen_Status_01,BCM_Remotestart_Betrieb,20,1,True,False,1.0,0.0,,314,0,0,0,False
vw_meb.dbc,2,0x3c0,Klemmen_Status_01,BCM_Remotestart_KL15_Anf,22,1,True,False,1.0,0.0,,314,0,0,0,False
vw_meb.dbc,2,0x3c0,Klemmen_Status_01,BCM_Remotestart_MO_Start,23,1,True,False,1.0,0.0,,314,0,0,0,False
vw_meb.dbc,2,0x3c0,Klemmen_Status_01,KST_Fahrerhinweis_1,26,1,True,False,1.0,0.0,,314,0,0,0,False
vw_meb.dbc,2,0x3c0,Klemmen_Status_01,KST_Fahrerhinweis_2,27,1,True,False,1.0,0.0,,314,0,0,0,False
vw_meb.dbc,2,0x3c0,Klemmen_Status_01,KST_Fahrerhinweis_4,29,1,True,False,1.0,0.0,,314,0,0,0,False
vw_meb.dbc,2,0x3c0,Klemmen_Status_01,KST_Fahrerhinweis_5,30,1,True,False,1.0,0.0,,314,0,0,0,False
vw_meb.dbc,2,0x3c0,Klemmen_Status_01,KST_Fahrerhinweis_6,31,1,True,False,1.0,0.0,,314,0,0,0,False
vw_meb.dbc,2,0x3c0,Klemmen_Status_01,KST_Warn_P1_ZST_def,24,1,True,False,1.0,0.0,,314,0,0,0,False
vw_meb.dbc,2,0x3c0,Klemmen_Status_01,KST_Warn_P2_ZST_def,25,1,True,False,1.0,0.0,,314,0,0,0,False
vw_meb.dbc,2,0x3c0,Klemmen_Status_01,Klemmen_Status_01_BZ,8,4,True,False,1.0,0.0,,314,0,0,0,False
vw_meb.dbc,2,0x3c0,Klemmen_Status_01,Klemmen_Status_01_CRC,0,8,True,False,1.0,0.0,,314,0,0,0,False
vw_meb.dbc,2,0x3c0,Klemmen_Status_01,RSt_Fahrerhinweise,12,4,True,False,1.0,0.0,,314,0,314,0,False
vw_meb.dbc,2,0x3c0,Klemmen_Status_01,ZAS_Kl_15,17,1,True,False,1.0,0.0,,314,0,0,0,False
vw_meb.dbc,2,0x3c0,Klemmen_Status_01,ZAS_Kl_50_Startanforderung,19,1,True,False,1.0,0.0,,314,0,0,0,False
vw_meb.dbc,2,0x3c0,Klemmen_Status_01,ZAS_Kl_Infotainment,21,1,True,False,1.0,0.0,,314,0,0,0,False
vw_meb.dbc,2,0x3c0,Klemmen_Status_01,ZAS_Kl_S,16,1,True,False,1.0,0.0,,314,0,0,0,False
vw_meb.dbc,2,0x3c0,Klemmen_Status_01,ZAS_Kl_X,18,1,True,False,1.0,0.0,,314,0,0,0,False
vw_meb.dbc,2,0x3ce,TSG_HFS_01,ASW_Warnung_aktiv_HFS,40,1,True,False,1.0,0.0,,314,0,0,0,False
vw_meb.dbc,2,0x3ce,TSG_HFS_01,HFS_FH_Bew_hoch,32,1,True,False,1.0,0.0,,314,0,0,0,False
vw_meb.dbc,2,0x3ce,TSG_HFS_01,HFS_FH_Bew_tief,33,1,True,False,1.0,0.0,,314,0,0,0,False
vw_meb.dbc,2,0x3ce,TSG_HFS_01,HFS_FH_Block,35,1,True,False,1.0,0.0,,314,0,0,0,False
vw_meb.dbc,2,0x3ce,TSG_HFS_01,HFS_FH_Fang,34,1,True,False,1.0,0.0,,314,0,0,0,False
vw_meb.dbc,2,0x3ce,TSG_HFS_01,HFS_FH_Oeffnung,24,8,True,False,0.5,0.0,Unit_PerCent,314,0,0,0,False
vw_meb.dbc,2,0x3ce,TSG_HFS_01,HFS_FH_S_AutoHoch,21,1,True,False,1.0,0.0,,314,0,0,0,False
vw_meb.dbc,2,0x3ce,TSG_HFS_01,HFS_FH_S_AutoTief,23,1,True,False,1.0,0.0,,314,0,0,0,False
vw_meb.dbc,2,0x3ce,TSG_HFS_01,HFS_FH_S_HBFS_AutoHoch,10,1,True,False,1.0,0.0,,314,0,0,0,False
vw_meb.dbc,2,0x3ce,TSG_HFS_01,HFS_FH_S_HBFS_AutoTief,11,1,True,False,1.0,0.0,,314,0,0,0,False
vw_meb.dbc,2,0x3ce,TSG_HFS_01,HFS_FH_S_HBFS_ManHoch,12,1,True,False,1.0,0.0,,314,0,0,0,False
vw_meb.dbc,2,0x3ce,TSG_HFS_01,HFS_FH_S_HBFS_ManTief,13,1,True,False,1.0,0.0,,314,0,0,0,False
vw_meb.dbc,2,0x3ce,TSG_HFS_01,HFS_FH_S_ManHoch,20,1,True,False,1.0,0.0,,314,0,0,0,False
vw_meb.dbc,2,0x3ce,TSG_HFS_01,HFS_FH_S_ManTief,22,1,True,False,1.0,0.0,,314,0,0,0,False
vw_meb.dbc,2,0x3ce,TSG_HFS_01,HFS_FH_Thermo,36,1,True,False,1.0,0.0,,314,0,0,0,False
vw_meb.dbc,2,0x3ce,TSG_HFS_01,HFS_FH_normiert,39,1,True,False,1.0,0.0,,314,0,0,0,False
vw_meb.dbc,2,0x3ce,TSG_HFS_01,HFS_Heckrollotaster_betaetigt,3,1,True,False,1.0,0.0,,314,0,0,0,False
vw_meb.dbc,2,0x3ce,TSG_HFS_01,HFS_Lock_Taster,6,1,True,False,1.0,0.0,,314,0,0,0,False
vw_meb.dbc,2,0x3ce,TSG_HFS_01,HFS_Lock_Taster_inv,55,1,True,False,1.0,0.0,,314,0,0,0,False
vw_meb.dbc,2,0x3ce,TSG_HFS_01,HFS_MRollo_Schalter,52,3,True,False,1.0,0.0,,314,0,314,0,False
vw_meb.dbc,2,0x3ce,TSG_HFS_01,HFS_Oben_Block_erw,46,1,True,False,1.0,0.0,,314,0,0,0,False
vw_meb.dbc,2,0x3ce,TSG_HFS_01,HFS_SAD_Schalter,16,4,True,False,1.0,0.0,,314,0,314,0,False
vw_meb.dbc,2,0x3ce,TSG_HFS_01,HFS_Seitenrollo_hoch,42,1,True,False,1.0,0.0,,314,0,0,0,False
vw_meb.dbc,2,0x3ce,TSG_HFS_01,HFS_Seitenrollo_tief,43,1,True,False,1.0,0.0,,314,0,0,0,False
vw_meb.dbc,2,0x3ce,TSG_HFS_01,HFS_Sperrklinke,7,1,True,False,1.0,0.0,,314,0,0,0,False
vw_meb.dbc,2,0x3ce,TSG_HFS_01,HFS_Status_KiSi,44,1,True,False,1.0,0.0,,314,0,0,0,False
vw_meb.dbc,2,0x3ce,TSG_HFS_01,HFS_Status_eTAG,56,2,True,False,1.0,0.0,,314,0,314,0,False
vw_meb.dbc,2,0x3ce,TSG_HFS_01,HFS_TAG_betaetigt,8,1,True,False,1.0,0.0,,314,0,0,0,False
vw_meb.dbc,2,0x3ce,TSG_HFS_01,HFS_TCR_Mode_aktiv,59,1,True,False,1.0,0.0,,314,0,0,0,False
vw_meb.dbc,2,0x3ce,TSG_HFS_01,HFS_TIG_betaetigt,9,1,True,False,1.0,0.0,,314,0,0,0,False
vw_meb.dbc,2,0x3ce,TSG_HFS_01,HFS_Tuer_Status,14,2,True,False,1.0,0.0,,314,0,0,0,False
vw_meb.dbc,2,0x3ce,TSG_HFS_01,HFS_Tuer_Status_QBit,58,1,True,False,1.0,0.0,,314,0,0,0,False
vw_meb.dbc,2,0x3ce,TSG_HFS_01,HFS_Tuer_geoeffnet,0,1,True,False,1.0,0.0,,314,0,0,0,False
vw_meb.dbc,2,0x3ce,TSG_HFS_01,HFS_Tueroeffnen_Warnung,38,1,True,False,1.0,0.0,,314,0,0,0,False
vw_meb.dbc,2,0x3ce,TSG_HFS_01,HFS_Tuerschloss_defekt,4,1,True,False,1.0,0.0,,314,0,0,0,False
vw_meb.dbc,2,0x3ce,TSG_HFS_01,HFS_UEKB_aktiviert,37,1,True,False,1.0,0.0,,314,0,0,0,False
vw_meb.dbc,2,0x3ce,TSG_HFS_01,HFS_Unlock_Taster,5,1,True,False,1.0,0.0,,314,0,0,0,False
vw_meb.dbc,2,0x3ce,TSG_HFS_01,HFS_Unten_Block_erw,47,1,True,False,1.0,0.0,,314,0,0,0,False
vw_meb.dbc,2,0x3ce,TSG_HFS_01,HFS_Zuziehhilfe_aktiv,41,1,True,False,1.0,0.0,,314,0,314,0,False
vw_meb.dbc,2,0x3ce,TSG_HFS_01,HFS_gesafet,2,1,True,False,1.0,0.0,,314,0,0,0,False
vw_meb.dbc,2,0x3ce,TSG_HFS_01,HFS_verriegelt,1,1,True,False,1.0,0.0,,314,0,0,0,False
vw_meb.dbc,2,0x3ce,TSG_HFS_01,MTHFS_M_Taste,48,1,True,False,1.0,0.0,,314,0,0,0,False
vw_meb.dbc,2,0x3ce,TSG_HFS_01,MTHFS_Pos1,49,1,True,False,1.0,0.0,,314,0,0,0,False
vw_meb.dbc,2,0x3ce,TSG_HFS_01,MTHFS_Pos2,50,1,True,False,1.0,0.0,,314,0,0,0,False
vw_meb.dbc,2,0x3ce,TSG_HFS_01,MTHFS_Pos3,51,1,True,False,1.0,0.0,,314,0,0,0,False
vw_meb.dbc,2,0x3ce,TSG_HFS_01,SSR_HFS_Pos_Unten,45,1,True,False,1.0,0.0,,314,0,0,0,False
vw_meb.dbc,2,0x3cf,TSG_HBFS_01,ASW_Warnung_aktiv_HBFS,40,1,True,False,1.0,0.0,,315,0,0,0,False
vw_meb.dbc,2,0x3cf,TSG_HBFS_01,HBFS_FH_Bew_hoch,32,1,True,False,1.0,0.0,,315,0,0,0,False
vw_meb.dbc,2,0x3cf,TSG_HBFS_01,HBFS_FH_Bew_tief,33,1,True,False,1.0,0.0,,315,0,0,0,False
vw_meb.dbc,2,0x3cf,TSG_HBFS_01,HBFS_FH_Block,35,1,True,False,1.0,0.0,,315,0,0,0,False
vw_meb.dbc,2,0x3cf,TSG_HBFS_01,HBFS_FH_Fang,34,1,True,False,1.0,0.0,,315,0,0,0,False
vw_meb.dbc,2,0x3cf,TSG_HBFS_01,HBFS_FH_Oeffnung,24,8,True,False,0.5,0.0,Unit_PerCent,315,0,0,0,False
vw_meb.dbc,2,0x3cf,TSG_HBFS_01,HBFS_FH_S_AutoHoch,21,1,True,False,1.0,0.0,,315,0,0,0,False
vw_meb.dbc,2,0x3cf,TSG_HBFS_01,HBFS_FH_S_AutoTief,23,1,True,False,1.0,0.0,,315,0,0,0,False
vw_meb.dbc,2,0x3cf,TSG_HBFS_01,HBFS_FH_S_HFS_AutoHoch,10,1,True,False,1.0,0.0,,315,0,0,0,False
vw_meb.dbc,2,0x3cf,TSG_HBFS_01,HBFS_FH_S_HFS_AutoTief,11,1,True,False,1.0,0.0,,315,0,0,0,False
vw_meb.dbc,2,0x3cf,TSG_HBFS_01,HBFS_FH_S_HFS_ManHoch,12,1,True,False,1.0,0.0,,315,0,0,0,False
vw_meb.dbc,2,0x3cf,TSG_HBFS_01,HBFS_FH_S_HFS_ManTief,13,1,True,False,1.0,0.0,,315,0,0,0,False
vw_meb.dbc,2,0x3cf,TSG_HBFS_01,HBFS_FH_S_ManHoch,20,1,True,False,1.0,0.0,,315,0,0,0,False
vw_meb.dbc,2,0x3cf,TSG_HBFS_01,HBFS_FH_S_ManTief,22,1,True,False,1.0,0.0,,315,0,0,0,False
vw_meb.dbc,2,0x3cf,TSG_HBFS_01,HBFS_FH_Thermo,36,1,True,False,1.0,0.0,,315,0,0,0,False
vw_meb.dbc,2,0x3cf,TSG_HBFS_01,HBFS_FH_normiert,39,1,True,False,1.0,0.0,,315,0,0,0,False
vw_meb.dbc,2,0x3cf,TSG_HBFS_01,HBFS_Heckrollotaster_betaetigt,3,1,True,False,1.0,0.0,,315,0,0,0,False
vw_meb.dbc,2,0x3cf,TSG_HBFS_01,HBFS_Lock_Taster,6,1,True,False,1.0,0.0,,315,0,0,0,False
vw_meb.dbc,2,0x3cf,TSG_HBFS_01,HBFS_Lock_Taster_inv,55,1,True,False,1.0,0.0,,315,0,0,0,False
vw_meb.dbc,2,0x3cf,TSG_HBFS_01,HBFS_MRollo_Schalter,52,3,True,False,1.0,0.0,,315,0,315,0,False
vw_meb.dbc,2,0x3cf,TSG_HBFS_01,HBFS_Oben_Block_erw,46,1,True,False,1.0,0.0,,315,0,0,0,False
vw_meb.dbc,2,0x3cf,TSG_HBFS_01,HBFS_SAD_Schalter,16,4,True,False,1.0,0.0,,315,0,315,0,False
vw_meb.dbc,2,0x3cf,TSG_HBFS_01,HBFS_Seitenrollo_hoch,42,1,True,False,1.0,0.0,,315,0,0,0,False
vw_meb.dbc,2,0x3cf,TSG_HBFS_01,HBFS_Seitenrollo_tief,43,1,True,False,1.0,0.0,,315,0,0,0,False
vw_meb.dbc,2,0x3cf,TSG_HBFS_01,HBFS_Sperrklinke,7,1,True,False,1.0,0.0,,315,0,0,0,False
vw_meb.dbc,2,0x3cf,TSG_HBFS_01,HBFS_Status_KiSi,44,1,True,False,1.0,0.0,,315,0,0,0,False
vw_meb.dbc,2,0x3cf,TSG_HBFS_01,HBFS_Status_KiSi_inv,56,1,True,False,1.0,0.0,,315,0,0,0,False
vw_meb.dbc,2,0x3cf,TSG_HBFS_01,HBFS_Status_eTAG,57,2,True,False,1.0,0.0,,315,0,315,0,False
vw_meb.dbc,2,0x3cf,TSG_HBFS_01,HBFS_TAG_betaetigt,8,1,True,False,1.0,0.0,,315,0,0,0,False
vw_meb.dbc,2,0x3cf,TSG_HBFS_01,HBFS_TIG_betaetigt,9,1,True,False,1.0,0.0,,315,0,0,0,False
vw_meb.dbc,2,0x3cf,TSG_HBFS_01,HBFS_TIG_betaetigt_schliessen,60,1,True,False,1.0,0.0,,315,0,0,0,False
vw_meb.dbc,2,0x3cf,TSG_HBFS_01,HBFS_Tuer_Status,14,2,True,False,1.0,0.0,,315,0,0,0,False
vw_meb.dbc,2,0x3cf,TSG_HBFS_01,HBFS_Tuer_Status_QBit,59,1,True,False,1.0,0.0,,315,0,0,0,False
vw_meb.dbc,2,0x3cf,TSG_HBFS_01,HBFS_Tuer_geoeffnet,0,1,True,False,1.0,0.0,,315,0,0,0,False
vw_meb.dbc,2,0x3cf,TSG_HBFS_01,HBFS_Tueroeffnen_Warnung,38,1,True,False,1.0,0.0,,315,0,0,0,False
vw_meb.dbc,2,0x3cf,TSG_HBFS_01,HBFS_Tuerschloss_defekt,4,1,True,False,1.0,0.0,,315,0,0,0,False
vw_meb.dbc,2,0x3cf,TSG_HBFS_01,HBFS_UEKB_aktiviert,37,1,True,False,1.0,0.0,,315,0,0,0,False
vw_meb.dbc,2,0x3cf,TSG_HBFS_01,HBFS_Unlock_Taster,5,1,True,False,1.0,0.0,,315,0,0,0,False
vw_meb.dbc,2,0x3cf,TSG_HBFS_01,HBFS_Unten_Block_erw,47,1,True,False,1.0,0.0,,315,0,0,0,False
vw_meb.dbc,2,0x3cf,TSG_HBFS_01,HBFS_Zuziehhilfe_aktiv,41,1,True,False,1.0,0.0,,315,0,315,0,False
vw_meb.dbc,2,0x3cf,TSG_HBFS_01,HBFS_gesafet,2,1,True,False,1.0,0.0,,315,0,0,0,False
vw_meb.dbc,2,0x3cf,TSG_HBFS_01,HBFS_verriegelt,1,1,True,False,1.0,0.0,,315,0,0,0,False
vw_meb.dbc,2,0x3cf,TSG_HBFS_01,MTHBFS_M_Taste,48,1,True,False,1.0,0.0,,315,0,0,0,False
vw_meb.dbc,2,0x3cf,TSG_HBFS_01,MTHBFS_Pos1,49,1,True,False,1.0,0.0,,315,0,0,0,False
vw_meb.dbc,2,0x3cf,TSG_HBFS_01,MTHBFS_Pos2,50,1,True,False,1.0,0.0,,315,0,0,0,False
vw_meb.dbc,2,0x3cf,TSG_HBFS_01,MTHBFS_Pos3,51,1,True,False,1.0,0.0,,315,0,0,0,False
vw_meb.dbc,2,0x3cf,TSG_HBFS_01,SSR_HBFS_Pos_Unten,45,1,True,False,1.0,0.0,,315,0,0,0,False
vw_meb.dbc,2,0x3d0,TSG_FT_01,ASW_HMI_defekt,38,1,True,False,1.0,0.0,,318,0,0,0,False
vw_meb.dbc,2,0x3d0,TSG_FT_01,ASW_Warnung_aktiv_FS,56,1,True,False,1.0,0.0,,318,0,0,0,False
vw_meb.dbc,2,0x3d0,TSG_FT_01,ASW_wakeup,45,1,True,False,1.0,0.0,,318,0,0,0,False
vw_meb.dbc,2,0x3d0,TSG_FT_01,FS_Status_eTAG,62,2,True,False,1.0,0.0,,318,0,318,0,False
vw_meb.dbc,2,0x3d0,TSG_FT_01,FT_BFS_Fond_Freigabe,52,1,True,False,1.0,0.0,,318,0,0,0,False
vw_meb.dbc,2,0x3d0,TSG_FT_01,FT_Daemmglas,54,1,True,False,1.0,0.0,,318,0,0,0,False
vw_meb.dbc,2,0x3d0,TSG_FT_01,FT_FH_Bew_hoch,32,1,True,False,1.0,0.0,,318,0,318,0,False
vw_meb.dbc,2,0x3d0,TSG_FT_01,FT_FH_Bew_tief,33,1,True,False,1.0,0.0,,318,0,318,0,False
vw_meb.dbc,2,0x3d0,TSG_FT_01,FT_FH_Block,35,1,True,False,1.0,0.0,,318,0,318,0,False
vw_meb.dbc,2,0x3d0,TSG_FT_01,FT_FH_Fang,34,1,True,False,1.0,0.0,,318,0,0,0,False
vw_meb.dbc,2,0x3d0,TSG_FT_01,FT_FH_Oeffnung,24,8,True,False,0.5,0.0,Unit_PerCent,318,0,0,0,False
vw_meb.dbc,2,0x3d0,TSG_FT_01,FT_FH_Pos_oben,57,1,True,False,1.0,0.0,,318,0,0,0,False
vw_meb.dbc,2,0x3d0,TSG_FT_01,FT_FH_S_AutoHoch,21,1,True,False,1.0,0.0,,318,0,318,0,False
vw_meb.dbc,2,0x3d0,TSG_FT_01,FT_FH_S_AutoTief,23,1,True,False,1.0,0.0,,318,0,318,0,False
vw_meb.dbc,2,0x3d0,TSG_FT_01,FT_FH_S_ManHoch,20,1,True,False,1.0,0.0,,318,0,318,0,False
vw_meb.dbc,2,0x3d0,TSG_FT_01,FT_FH_S_ManTief,22,1,True,False,1.0,0.0,,318,0,318,0,False
vw_meb.dbc,2,0x3d0,TSG_FT_01,FT_FH_Thermo,36,1,True,False,1.0,0.0,,318,0,318,0,False
vw_meb.dbc,2,0x3d0,TSG_FT_01,FT_FH_normiert,39,1,True,False,1.0,0.0,,318,0,0,0,False
vw_meb.dbc,2,0x3d0,TSG_FT_01,FT_HD_Taste,11,1,True,False,1.0,0.0,,318,0,318,0,False
vw_meb.dbc,2,0x3d0,TSG_FT_01,FT_HD_Taste_2,16,1,True,False,1.0,0.0,,318,0,0,0,False
vw_meb.dbc,2,0x3d0,TSG_FT_01,FT_IRUE_Taste,10,1,True,False,1.0,0.0,,318,0,318,0,False
vw_meb.dbc,2,0x3d0,TSG_FT_01,FT_Kisi_Fehler,53,1,True,False,1.0,0.0,,318,0,318,0,False
vw_meb.dbc,2,0x3d0,TSG_FT_01,FT_Kisi_Taster_li,50,1,True,False,1.0,0.0,,318,0,0,0,False
vw_meb.dbc,2,0x3d0,TSG_FT_01,FT_Kisi_Taster_re,51,1,True,False,1.0,0.0,,318,0,0,0,False
vw_meb.dbc,2,0x3d0,TSG_FT_01,FT_Kisi_li_aktiv,48,1,True,False,1.0,0.0,,318,0,0,0,False
vw_meb.dbc,2,0x3d0,TSG_FT_01,FT_Kisi_re_aktiv,49,1,True,False,1.0,0.0,,318,0,0,0,False
vw_meb.dbc,2,0x3d0,TSG_FT_01,FT_Lock_Taster,6,1,True,False,1.0,0.0,,318,0,318,0,False
vw_meb.dbc,2,0x3d0,TSG_FT_01,FT_Oben_Block_erw,46,1,True,False,1.0,0.0,,318,0,0,0,False
vw_meb.dbc,2,0x3d0,TSG_FT_01,FT_SP_Heizung_Status,55,1,True,False,1.0,0.0,,318,0,318,0,False
vw_meb.dbc,2,0x3d0,TSG_FT_01,FT_SP_ausgerastet,42,1,True,False,1.0,0.0,,318,0,160,0,False
vw_meb.dbc,2,0x3d0,TSG_FT_01,FT_SP_ht_aktiv,44,1,True,False,1.0,0.0,,318,0,318,0,False
vw_meb.dbc,2,0x3d0,TSG_FT_01,FT_SP_lr_aktiv,43,1,True,False,1.0,0.0,,318,0,318,0,False
vw_meb.dbc,2,0x3d0,TSG_FT_01,FT_SWA_Taster,59,1,True,False,1.0,0.0,,318,0,0,0,False
vw_meb.dbc,2,0x3d0,TSG_FT_01,FT_Schliesstaster,40,1,True,False,1.0,0.0,,318,0,0,0,False
vw_meb.dbc,2,0x3d0,TSG_FT_01,FT_Schluesselschalter_auf,3,1,True,False,1.0,0.0,,318,0,318,0,False
vw_meb.dbc,2,0x3d0,TSG_FT_01,FT_Schluesselschalter_zu,4,1,True,False,1.0,0.0,,318,0,0,0,False
vw_meb.dbc,2,0x3d0,TSG_FT_01,FT_Sp_Blk_def,19,1,True,False,1.0,0.0,,318,0,0,0,False
vw_meb.dbc,2,0x3d0,TSG_FT_01,FT_Sp_Heizung_Anf,15,1,True,False,100.0,0.0,Unit_PerCent,318,0,0,0,False
vw_meb.dbc,2,0x3d0,TSG_FT_01,FT_Sperrklinke,7,1,True,False,1.0,0.0,,318,0,0,0,False
vw_meb.dbc,2,0x3d0,TSG_FT_01,FT_TAG_betaetigt,8,1,True,False,1.0,0.0,,318,0,0,0,False
vw_meb.dbc,2,0x3d0,TSG_FT_01,FT_TD_Taste,13,1,True,False,1.0,0.0,,318,0,0,0,False
vw_meb.dbc,2,0x3d0,TSG_FT_01,FT_TD_Taste_Fehler,12,1,True,False,1.0,0.0,,318,0,0,0,False
vw_meb.dbc,2,0x3d0,TSG_FT_01,FT_TIG_betaetigt,9,1,True,False,1.0,0.0,,318,0,0,0,False
vw_meb.dbc,2,0x3d0,TSG_FT_01,FT_TSG_hinten_verbaut,18,1,True,False,1.0,0.0,,318,0,0,0,False
vw_meb.dbc,2,0x3d0,TSG_FT_01,FT_Tuer_geoeffnet,0,1,True,False,1.0,0.0,,318,0,274,0,False
vw_meb.dbc,2,0x3d0,TSG_FT_01,FT_Tuerschloss_defekt,58,1,True,False,1.0,0.0,,318,0,0,0,False
vw_meb.dbc,2,0x3d0,TSG_FT_01,FT_UEKB_aktiviert,37,1,True,False,1.0,0.0,,318,0,318,0,False
vw_meb.dbc,2,0x3d0,TSG_FT_01,FT_Unlock_Taster,5,1,True,False,1.0,0.0,,318,0,318,0,False
vw_meb.dbc,2,0x3d0,TSG_FT_01,FT_Unten_Block_erw,47,1,True,False,1.0,0.0,,318,0,0,0,False
vw_meb.dbc,2,0x3d0,TSG_FT_01,FT_Zuziehhilfe_aktiv,41,1,True,False,1.0,0.0,,318,0,318,0,False
vw_meb.dbc,2,0x3d0,TSG_FT_01,FT_gesafet,2,1,True,False,1.0,0.0,,318,0,318,0,False
vw_meb.dbc,2,0x3d0,TSG_FT_01,FT_verriegelt,1,1,True,False,1.0,0.0,,318,0,318,0,False
vw_meb.dbc,2,0x3d0,TSG_FT_01,SSR_Temp_Freigabe,14,1,True,False,1.0,0.0,,318,0,0,0,False
vw_meb.dbc,2,0x3d0,TSG_FT_01,SWA_HMI_Diagnose,60,2,True,False,1.0,0.0,,318,0,318,0,False
vw_meb.dbc,2,0x3d4,SMLS_01,BH_Blinker_Fehler,46,1,True,False,1.0,0.0,,31,0,31,0,False
vw_meb.dbc,2,0x3d4,SMLS_01,BH_Blinker_li,12,1,True,False,1.0,0.0,,31,0,0,0,False
vw_meb.dbc,2,0x3d4,SMLS_01,BH_Blinker_re,13,1,True,False,1.0,0.0,,31,0,0,0,False
vw_meb.dbc,2,0x3d4,SMLS_01,BH_Fernlicht,15,1,True,False,1.0,0.0,,31,0,0,0,False
vw_meb.dbc,2,0x3d4,SMLS_01,BH_Lichthupe,14,1,True,False,1.0,0.0,,31,0,0,0,False
vw_meb.dbc,2,0x3d4,SMLS_01,FAS_Taster,27,1,True,False,1.0,0.0,,31,0,0,0,False
vw_meb.dbc,2,0x3d4,SMLS_01,FAS_Taster_Fehler,28,1,True,False,1.0,0.0,,31,0,31,0,False
vw_meb.dbc,2,0x3d4,SMLS_01,LRH_On_Off,30,2,True,False,1.0,0.0,,31,0,0,0,False
vw_meb.dbc,2,0x3d4,SMLS_01,LRH_aktiv,40,1,True,False,1.0,0.0,,31,0,0,0,False
vw_meb.dbc,2,0x3d4,SMLS_01,SMLS_01_BZ,8,4,True,False,1.0,0.0,,31,0,0,0,False
vw_meb.dbc,2,0x3d4,SMLS_01,SMLS_01_CRC,0,8,True,False,1.0,0.0,,31,0,0,0,False
vw_meb.dbc,2,0x3d4,SMLS_01,SMLS_Hupe,29,1,True,False,1.0,0.0,,31,0,0,0,False
vw_meb.dbc,2,0x3d4,SMLS_01,SMLS_PTT,47,1,True,False,1.0,0.0,,31,0,0,0,False
vw_meb.dbc,2,0x3d4,SMLS_01,SMLS_P_verriegelt_plausibel,43,1,True,False,1.0,0.0,,31,0,0,0,False
vw_meb.dbc,2,0x3d4,SMLS_01,WH_Frontwaschen,20,1,True,False,1.0,0.0,,31,0,0,0,False
vw_meb.dbc,2,0x3d4,SMLS_01,WH_Heckintervall,21,1,True,False,1.0,0.0,,31,0,0,0,False
vw_meb.dbc,2,0x3d4,SMLS_01,WH_Heckwaschen,22,1,True,False,1.0,0.0,,31,0,0,0,False
vw_meb.dbc,2,0x3d4,SMLS_01,WH_Intervall,17,1,True,False,1.0,0.0,,31,0,0,0,False
vw_meb.dbc,2,0x3d4,SMLS_01,WH_Intervallstufen,23,4,True,False,1.0,0.0,,31,0,0,0,False
vw_meb.dbc,2,0x3d4,SMLS_01,WH_SRA,44,1,True,False,1.0,0.0,,31,0,0,0,False
vw_meb.dbc,2,0x3d4,SMLS_01,WH_Tipwischen,16,1,True,False,1.0,0.0,,31,0,0,0,False
vw_meb.dbc,2,0x3d4,SMLS_01,WH_Tipwischen_lang,48,1,True,False,1.0,0.0,,31,0,0,0,False
vw_meb.dbc,2,0x3d4,SMLS_01,WH_WischerStufe1,18,1,True,False,1.0,0.0,,31,0,0,0,False
vw_meb.dbc,2,0x3d4,SMLS_01,WH_WischerStufe2,19,1,True,False,1.0,0.0,,31,0,0,0,False
vw_meb.dbc,2,0x3d4,SMLS_01,WH_Wischer_Fehler,45,1,True,False,1.0,0.0,,31,0,31,0,False
vw_meb.dbc,2,0x3d5,Licht_Anf_01,BCM1_Abblendlicht_Anf,15,1,True,False,1.0,0.0,,314,0,0,0,False
vw_meb.dbc,2,0x3d5,Licht_Anf_01,BCM1_Adaptive_Lichtvert_Anf,34,1,True,False,1.0,0.0,,314,0,0,0,False
vw_meb.dbc,2,0x3d5,Licht_Anf_01,BCM1_Allwetterlicht_Anf,41,1,True,False,1.0,0.0,,314,0,0,0,False
vw_meb.dbc,2,0x3d5,Licht_Anf_01,BCM1_Animationssperrung,39,1,True,False,1.0,0.0,,314,0,0,0,False
vw_meb.dbc,2,0x3d5,Licht_Anf_01,BCM1_Autobahnlicht_Anf,28,1,True,False,1.0,0.0,,314,0,0,0,False
vw_meb.dbc,2,0x3d5,Licht_Anf_01,BCM1_CH_LH_aktiv,40,1,True,False,1.0,0.0,,314,0,0,0,False
vw_meb.dbc,2,0x3d5,Licht_Anf_01,BCM1_CH_aktiv,30,1,True,False,1.0,0.0,,314,0,0,0,False
vw_meb.dbc,2,0x3d5,Licht_Anf_01,BCM1_FOD_Sperrung_Animationen_HL,37,2,True,False,1.0,0.0,,314,0,0,0,False
vw_meb.dbc,2,0x3d5,Licht_Anf_01,BCM1_Fernlicht_Anf,16,1,True,False,1.0,0.0,,314,0,0,0,False
vw_meb.dbc,2,0x3d5,Licht_Anf_01,BCM1_FoD_Sperrung_WiBli,35,2,True,False,1.0,0.0,,314,0,0,0,False
vw_meb.dbc,2,0x3d5,Licht_Anf_01,BCM1_GLW_Fernlicht_Anf,33,1,True,False,1.0,0.0,,314,0,0,0,False
vw_meb.dbc,2,0x3d5,Licht_Anf_01,BCM1_Gleitende_Leuchtw_Anf,32,1,True,False,1.0,0.0,,314,0,0,0,False
vw_meb.dbc,2,0x3d5,Licht_Anf_01,BCM1_Kurvenlicht_links_Anf,12,1,True,False,1.0,0.0,,314,0,0,0,False
vw_meb.dbc,2,0x3d5,Licht_Anf_01,BCM1_Kurvenlicht_rechts_Anf,13,1,True,False,1.0,0.0,,314,0,0,0,False
vw_meb.dbc,2,0x3d5,Licht_Anf_01,BCM1_LH_aktiv,31,1,True,False,1.0,0.0,,314,0,0,0,False
vw_meb.dbc,2,0x3d5,Licht_Anf_01,BCM1_Nebellicht_Anf,17,1,True,False,1.0,0.0,,314,0,0,0,False
vw_meb.dbc,2,0x3d5,Licht_Anf_01,BCM1_Nebelschluss_Ahg_Anf,20,1,True,False,1.0,0.0,,314,0,0,0,False
vw_meb.dbc,2,0x3d5,Licht_Anf_01,BCM1_Nebelschluss_Fzg_Anf,21,1,True,False,1.0,0.0,,314,0,0,0,False
vw_meb.dbc,2,0x3d5,Licht_Anf_01,BCM1_Parklicht_li_Anf,18,1,True,False,1.0,0.0,,314,0,0,0,False
vw_meb.dbc,2,0x3d5,Licht_Anf_01,BCM1_Parklicht_re_Anf,19,1,True,False,1.0,0.0,,314,0,0,0,False
vw_meb.dbc,2,0x3d5,Licht_Anf_01,BCM1_Regenlicht_Anf,27,1,True,False,1.0,0.0,,314,0,0,0,False
vw_meb.dbc,2,0x3d5,Licht_Anf_01,BCM1_Schlusslicht_Anf,22,1,True,False,1.0,0.0,,314,0,0,0,False
vw_meb.dbc,2,0x3d5,Licht_Anf_01,BCM1_Schlusslicht_Signatur,60,4,True,False,1.0,0.0,,314,0,0,0,False
vw_meb.dbc,2,0x3d5,Licht_Anf_01,BCM1_Signaturlicht_Anf,24,1,True,False,1.0,0.0,,314,0,0,0,False
vw_meb.dbc,2,0x3d5,Licht_Anf_01,BCM1_Standlicht_Anf,14,1,True,False,1.0,0.0,,314,0,0,0,False
vw_meb.dbc,2,0x3d5,Licht_Anf_01,BCM1_Tagfahrlicht_Anf,26,1,True,False,1.0,0.0,,314,0,0,0,False
vw_meb.dbc,2,0x3d5,Licht_Anf_01,BCM1_Touristen_Licht_Anf,29,1,True,False,1.0,0.0,,314,0,0,0,False
vw_meb.dbc,2,0x3d5,Licht_Anf_01,BCM1_Umfeldleuchten_Anf,25,1,True,False,1.0,0.0,,314,0,0,0,False
vw_meb.dbc,2,0x3d5,Licht_Anf_01,BCM_Rueckfahrlicht_Anf,23,1,True,False,1.0,0.0,,314,0,0,0,False
vw_meb.dbc,2,0x3d5,Licht_Anf_01,Licht_Anf_01_BZ,8,4,True,False,1.0,0.0,,314,0,0,0,False
vw_meb.dbc,2,0x3d5,Licht_Anf_01,Licht_Anf_01_CRC,0,8,True,False,1.0,0.0,,314,0,0,0,False
vw_meb.dbc,2,0x3d6,Licht_hinten_01,BCM2_Bremsl_durch_ECD,5,1,True,False,1.0,0.0,,316,0,0,0,False
vw_meb.dbc,2,0x3d6,Licht_hinten_01,LH_3_Bremsl_def,49,1,True,False,1.0,0.0,,316,0,0,0,False
vw_meb.dbc,2,0x3d6,Licht_hinten_01,LH_Aussenlicht_def,7,1,True,False,1.0,0.0,,316,0,0,0,False
vw_meb.dbc,2,0x3d6,Licht_hinten_01,LH_Blinker_HL_akt,14,1,True,False,1.0,0.0,,316,0,0,0,False
vw_meb.dbc,2,0x3d6,Licht_hinten_01,LH_Blinker_HR_akt,15,1,True,False,1.0,0.0,,316,0,0,0,False
vw_meb.dbc,2,0x3d6,Licht_hinten_01,LH_Blinker_li_def,16,1,True,False,1.0,0.0,,316,0,0,0,False
vw_meb.dbc,2,0x3d6,Licht_hinten_01,LH_Blinker_re_def,32,1,True,False,1.0,0.0,,316,0,0,0,False
vw_meb.dbc,2,0x3d6,Licht_hinten_01,LH_Brems_Blk_li_def,27,1,True,False,1.0,0.0,,316,0,0,0,False
vw_meb.dbc,2,0x3d6,Licht_hinten_01,LH_Brems_Blk_re_def,43,1,True,False,1.0,0.0,,316,0,0,0,False
vw_meb.dbc,2,0x3d6,Licht_hinten_01,LH_Bremsl_li_def,17,1,True,False,1.0,0.0,,316,0,0,0,False
vw_meb.dbc,2,0x3d6,Licht_hinten_01,LH_Bremsl_li_ges_def,54,1,True,False,1.0,0.0,,316,0,0,0,False
vw_meb.dbc,2,0x3d6,Licht_hinten_01,LH_Bremsl_mi_def,53,1,True,False,1.0,0.0,,316,0,0,0,False
vw_meb.dbc,2,0x3d6,Licht_hinten_01,LH_Bremsl_re_def,33,1,True,False,1.0,0.0,,316,0,0,0,False
vw_meb.dbc,2,0x3d6,Licht_hinten_01,LH_Bremsl_re_ges_def,55,1,True,False,1.0,0.0,,316,0,0,0,False
vw_meb.dbc,2,0x3d6,Licht_hinten_01,LH_Bremslicht_H_aktiv,11,1,True,False,1.0,0.0,,316,0,0,0,False
vw_meb.dbc,2,0x3d6,Licht_hinten_01,LH_Diag_LED_li_def,30,1,True,False,1.0,0.0,,316,0,0,0,False
vw_meb.dbc,2,0x3d6,Licht_hinten_01,LH_Diag_LED_re_def,31,1,True,False,1.0,0.0,,316,0,0,0,False
vw_meb.dbc,2,0x3d6,Licht_hinten_01,LH_Diag_Status_li_def,29,1,True,False,1.0,0.0,,316,0,0,0,False
vw_meb.dbc,2,0x3d6,Licht_hinten_01,LH_Diag_Status_re_def,28,1,True,False,1.0,0.0,,316,0,0,0,False
vw_meb.dbc,2,0x3d6,Licht_hinten_01,LH_Kennzl_def,48,1,True,False,1.0,0.0,,316,0,0,0,False
vw_meb.dbc,2,0x3d6,Licht_hinten_01,LH_Nebel_li_def,20,1,True,False,1.0,0.0,,316,0,0,0,False
vw_meb.dbc,2,0x3d6,Licht_hinten_01,LH_Nebel_mi_def,50,1,True,False,1.0,0.0,,316,0,0,0,False
vw_meb.dbc,2,0x3d6,Licht_hinten_01,LH_Nebel_re_def,36,1,True,False,1.0,0.0,,316,0,0,0,False
vw_meb.dbc,2,0x3d6,Licht_hinten_01,LH_Nebelschluss_aktiv,12,1,True,False,1.0,0.0,,316,0,0,0,False
vw_meb.dbc,2,0x3d6,Licht_hinten_01,LH_Parklicht_HL_aktiv,9,1,True,False,1.0,0.0,,316,0,0,0,False
vw_meb.dbc,2,0x3d6,Licht_hinten_01,LH_Parklicht_HR_aktiv,10,1,True,False,1.0,0.0,,316,0,0,0,False
vw_meb.dbc,2,0x3d6,Licht_hinten_01,LH_Rueckf_li_def,19,1,True,False,1.0,0.0,,316,0,0,0,False
vw_meb.dbc,2,0x3d6,Licht_hinten_01,LH_Rueckf_mi_def,51,1,True,False,1.0,0.0,,316,0,0,0,False
vw_meb.dbc,2,0x3d6,Licht_hinten_01,LH_Rueckf_re_def,35,1,True,False,1.0,0.0,,316,0,0,0,False
vw_meb.dbc,2,0x3d6,Licht_hinten_01,LH_Rueckfahrlicht_aktiv,13,1,True,False,1.0,0.0,,316,0,0,0,False
vw_meb.dbc,2,0x3d6,Licht_hinten_01,LH_SL_BRL_BLK_li_def,26,1,True,False,1.0,0.0,,316,0,0,0,False
vw_meb.dbc,2,0x3d6,Licht_hinten_01,LH_SL_BRL_BLK_re_def,42,1,True,False,1.0,0.0,,316,0,0,0,False
vw_meb.dbc,2,0x3d6,Licht_hinten_01,LH_Schluss_Brems_Nebel_li_def,21,1,True,False,1.0,0.0,,316,0,0,0,False
vw_meb.dbc,2,0x3d6,Licht_hinten_01,LH_Schluss_Brems_Nebel_re_def,22,1,True,False,1.0,0.0,,316,0,0,0,False
vw_meb.dbc,2,0x3d6,Licht_hinten_01,LH_Schluss_Brems_li_def,24,1,True,False,1.0,0.0,,316,0,0,0,False
vw_meb.dbc,2,0x3d6,Licht_hinten_01,LH_Schluss_Brems_mi_def,37,1,True,False,1.0,0.0,,316,0,0,0,False
vw_meb.dbc,2,0x3d6,Licht_hinten_01,LH_Schluss_Brems_re_def,40,1,True,False,1.0,0.0,,316,0,0,0,False
vw_meb.dbc,2,0x3d6,Licht_hinten_01,LH_Schluss_Nebel_li_def,25,1,True,False,1.0,0.0,,316,0,0,0,False
vw_meb.dbc,2,0x3d6,Licht_hinten_01,LH_Schluss_Nebel_re_def,41,1,True,False,1.0,0.0,,316,0,0,0,False
vw_meb.dbc,2,0x3d6,Licht_hinten_01,LH_Schlusslicht_li_def,18,1,True,False,1.0,0.0,,316,0,0,0,False
vw_meb.dbc,2,0x3d6,Licht_hinten_01,LH_Schlusslicht_mi_def,52,1,True,False,1.0,0.0,,316,0,0,0,False
vw_meb.dbc,2,0x3d6,Licht_hinten_01,LH_Schlusslicht_re_def,34,1,True,False,1.0,0.0,,316,0,0,0,False
vw_meb.dbc,2,0x3d6,Licht_hinten_01,LH_Standlicht_H_aktiv,8,1,True,False,1.0,0.0,,316,0,0,0,False
vw_meb.dbc,2,0x3d6,Licht_hinten_01,LH_Zusatzschlussl_def,23,1,True,False,1.0,0.0,,316,0,0,0,False
vw_meb.dbc,2,0x3db,Gateway_72,AAG_Anhaenger_erkannt,28,1,True,False,1.0,0.0,,315,0,0,0,False
vw_meb.dbc,2,0x3db,Gateway_72,Anhaenger_01_alt,4,1,True,False,1.0,0.0,,315,0,0,0,False
vw_meb.dbc,2,0x3db,Gateway_72,BCM1_Aussen_Temp_ungef,56,8,True,False,0.5,-50.0,Unit_DegreCelsi,315,0,0,0,False
vw_meb.dbc,2,0x3db,Gateway_72,BCM1_MH_Schalter,29,1,True,False,1.0,0.0,,315,0,0,0,False
vw_meb.dbc,2,0x3db,Gateway_72,BCM1_OBD_FStatus_ATemp,52,4,True,False,1.0,0.0,,315,0,0,0,False
vw_meb.dbc,2,0x3db,Gateway_72,BCM1_RFahrlicht_Ahg_Anf,39,1,True,False,1.0,0.0,,315,0,0,0,False
vw_meb.dbc,2,0x3db,Gateway_72,BCM1_RFahrlicht_Fzg_Anf,38,1,True,False,1.0,0.0,,315,0,0,0,False
vw_meb.dbc,2,0x3db,Gateway_72,BCM1_Rueckfahrlicht_Schalter,25,1,True,False,1.0,0.0,,315,0,0,0,False
vw_meb.dbc,2,0x3db,Gateway_72,BCM_01_alt,0,1,True,False,1.0,0.0,,315,0,0,0,False
vw_meb.dbc,2,0x3db,Gateway_72,BH_Blinker_li,50,1,True,False,1.0,0.0,,315,0,0,0,False
vw_meb.dbc,2,0x3db,Gateway_72,BH_Blinker_re,51,1,True,False,1.0,0.0,,315,0,0,0,False
vw_meb.dbc,2,0x3db,Gateway_72,BH_Fernlicht,49,1,True,False,1.0,0.0,,315,0,0,0,False
vw_meb.dbc,2,0x3db,Gateway_72,KL_Thermomanagement,32,2,True,False,1.0,0.0,,315,0,0,0,False
vw_meb.dbc,2,0x3db,Gateway_72,Klima_01_alt,7,1,True,False,1.0,0.0,,315,0,0,0,False
vw_meb.dbc,2,0x3db,Gateway_72,Klima_Sensor_02_alt,5,1,True,False,1.0,0.0,,315,0,0,0,False
vw_meb.dbc,2,0x3db,Gateway_72,Licht_Anf_01_alt,9,1,True,False,1.0,0.0,,315,0,0,0,False
vw_meb.dbc,2,0x3db,Gateway_72,SMLS_01_alt,1,1,True,False,1.0,0.0,,315,0,0,0,False
vw_meb.dbc,2,0x3db,Gateway_72,VSG_01_alt,6,1,True,False,1.0,0.0,,315,0,0,0,False
vw_meb.dbc,2,0x3db,Gateway_72,VS_VD_offen_ver,22,1,True,False,1.0,0.0,,315,0,0,0,False
vw_meb.dbc,2,0x3db,Gateway_72,VS_VD_zu_ver,23,1,True,False,1.0,0.0,,315,0,0,0,False
vw_meb.dbc,2,0x3db,Gateway_72,WFS_01_alt,8,1,True,False,1.0,0.0,,315,0,0,0,False
vw_meb.dbc,2,0x3db,Gateway_72,WFS_Schluessel_Fahrberecht,34,4,True,False,1.0,0.0,,315,0,0,0,False
vw_meb.dbc,2,0x3db,Gateway_72,Waschen_vorne_aktiv,31,1,True,False,1.0,0.0,,315,0,0,0,False
vw_meb.dbc,2,0x3db,Gateway_72,Wischer_01_alt,3,1,True,False,1.0,0.0,,315,0,0,0,False
vw_meb.dbc,2,0x3db,Gateway_72,Wischer_vorne_aktiv,27,1,True,False,1.0,0.0,,315,0,0,0,False
vw_meb.dbc,2,0x3db,Gateway_72,ZV_02_alt,2,1,True,False,1.0,0.0,,315,0,0,0,False
vw_meb.dbc,2,0x3db,Gateway_72,ZV_BT_offen,24,1,True,False,1.0,0.0,,315,0,0,0,False
vw_meb.dbc,2,0x3db,Gateway_72,ZV_FT_offen,26,1,True,False,1.0,0.0,,315,0,0,0,False
vw_meb.dbc,2,0x3db,Gateway_72,ZV_HBFS_offen,21,1,True,False,1.0,0.0,,315,0,0,0,False
vw_meb.dbc,2,0x3db,Gateway_72,ZV_HD_offen,30,1,True,False,1.0,0.0,,315,0,0,0,False
vw_meb.dbc,2,0x3db,Gateway_72,ZV_HFS_offen,20,1,True,False,1.0,0.0,,315,0,0,0,False
vw_meb.dbc,2,0x3dc,Gateway_73,EPB_Status,53,3,True,False,1.0,0.0,,636,0,0,0,False
vw_meb.dbc,2,0x3dc,Gateway_73,GE_Fahrstufe,40,4,True,False,1.0,0.0,,636,0,0,0,False
vw_meb.dbc,2,0x3dc,Gateway_73,UNKNOWN_1,15,2,False,False,1.0,0.0,,636,0,0,0,False
vw_meb.dbc,2,0x3dc,Gateway_73,UNKNOWN_2,58,3,False,False,1.0,0.0,,636,0,0,0,False
vw_meb.dbc,2,0x3e5,TSG_FT_02,FS_Push_Tuergriff,36,1,True,False,1.0,0.0,,317,0,0,0,False
vw_meb.dbc,2,0x3e5,TSG_FT_02,FT_BFS_Tuer_Status,17,2,True,False,1.0,0.0,,317,0,317,0,False
vw_meb.dbc,2,0x3e5,TSG_FT_02,FT_HBFS_Tuer_Status,19,2,True,False,1.0,0.0,,317,0,317,0,False
vw_meb.dbc,2,0x3e5,TSG_FT_02,FT_HFS_Tuer_Status,21,2,True,False,1.0,0.0,,317,0,317,0,False
vw_meb.dbc,2,0x3e5,TSG_FT_02,FT_Kisi_Taster_li_02,25,1,True,False,1.0,0.0,,317,0,0,0,False
vw_meb.dbc,2,0x3e5,TSG_FT_02,FT_Kisi_Taster_re_02,26,1,True,False,1.0,0.0,,317,0,0,0,False
vw_meb.dbc,2,0x3e5,TSG_FT_02,FT_Lock_Taster_02,15,1,True,False,1.0,0.0,,317,0,0,0,False
vw_meb.dbc,2,0x3e5,TSG_FT_02,FT_SP_Heizung_ein,24,1,True,False,1.0,0.0,,317,0,0,0,False
vw_meb.dbc,2,0x3e5,TSG_FT_02,FT_Schluesselschalter_zu_02,16,1,True,False,1.0,0.0,,317,0,0,0,False
vw_meb.dbc,2,0x3e5,TSG_FT_02,FT_TCR_Mode_aktiv,29,1,True,False,1.0,0.0,,317,0,0,0,False
vw_meb.dbc,2,0x3e5,TSG_FT_02,FT_TD_Taste_Status,27,2,True,False,1.0,0.0,,317,0,317,0,False
vw_meb.dbc,2,0x3e5,TSG_FT_02,FT_Tuer_Status,12,2,True,False,1.0,0.0,,317,0,0,0,False
vw_meb.dbc,2,0x3e5,TSG_FT_02,FT_Tuer_Status_QBit,14,1,True,False,1.0,0.0,,317,0,0,0,False
vw_meb.dbc,2,0x3e5,TSG_FT_02,FT_Tueroeffnen_Warnung,23,1,True,False,1.0,0.0,,317,0,0,0,False
vw_meb.dbc,2,0x3e5,TSG_FT_02,TSG_FT_02_BZ,8,4,True,False,1.0,0.0,,317,0,0,0,False
vw_meb.dbc,2,0x3e5,TSG_FT_02,TSG_FT_02_CRC,0,8,True,False,1.0,0.0,,317,0,0,0,False
vw_meb.dbc,2,0x3ec,MEB_TSK_01,TSK_State,53,3,True,False,1.0,0.0,,168,0,11,0,False
vw_meb.dbc,2,0x40,Airbag_01,AB_Anzeige_Fussg,34,2,True,False,1.0,0.0,,786,0,0,0,False
vw_meb.dbc,2,0x40,Airbag_01,AB_Belegung_VF,47,2,True,False,1.0,0.0,,786,0,0,0,False
vw_meb.dbc,2,0x40,Airbag_01,AB_Crash_Int,21,3,True,False,1.0,0.0,,786,0,0,0,False
vw_meb.dbc,2,0x40,Airbag_01,AB_Deaktiviert,25,1,True,False,1.0,0.0,,786,0,0,0,False
vw_meb.dbc,2,0x40,Airbag_01,AB_Deaktivierung_HV,42,3,True,False,1.0,0.0,,786,0,0,0,False
vw_meb.dbc,2,0x40,Airbag_01,AB_Diagnose,28,1,True,False,1.0,0.0,,786,0,0,0,False
vw_meb.dbc,2,0x40,Airbag_01,AB_EDR_Trigger,45,2,True,False,1.0,0.0,,786,0,0,0,False
vw_meb.dbc,2,0x40,Airbag_01,AB_Erh_Auf_VB,30,2,True,False,1.0,0.0,,786,0,0,0,False
vw_meb.dbc,2,0x40,Airbag_01,AB_Front_Crash,16,1,True,False,1.0,0.0,,786,0,0,0,False
vw_meb.dbc,2,0x40,Airbag_01,AB_Gurtwarn_VB,33,1,True,False,1.0,0.0,,786,0,0,0,False
vw_meb.dbc,2,0x40,Airbag_01,AB_Gurtwarn_VF,32,1,True,False,1.0,0.0,,786,0,0,0,False
vw_meb.dbc,2,0x40,Airbag_01,AB_Heck_Crash,17,1,True,False,1.0,0.0,,786,0,0,0,False
vw_meb.dbc,2,0x40,Airbag_01,AB_Lampe,24,1,True,False,1.0,0.0,,786,0,0,0,False
vw_meb.dbc,2,0x40,Airbag_01,AB_MKB_Anforderung,40,1,True,False,1.0,0.0,,786,0,0,0,False
vw_meb.dbc,2,0x40,Airbag_01,AB_MKB_gueltig,39,1,True,False,1.0,0.0,,786,0,0,0,False
vw_meb.dbc,2,0x40,Airbag_01,AB_RGS_Anst,12,4,True,False,1.0,0.0,,786,0,0,0,False
vw_meb.dbc,2,0x40,Airbag_01,AB_Rollover_Crash,20,1,True,False,1.0,0.0,,786,0,0,0,False
vw_meb.dbc,2,0x40,Airbag_01,AB_SB_Crash,19,1,True,False,1.0,0.0,,786,0,0,0,False
vw_meb.dbc,2,0x40,Airbag_01,AB_SF_Crash,18,1,True,False,1.0,0.0,,786,0,0,0,False
vw_meb.dbc,2,0x40,Airbag_01,AB_Stellgliedtest,29,1,True,False,1.0,0.0,,786,0,0,0,False
vw_meb.dbc,2,0x40,Airbag_01,AB_Systemfehler,27,1,True,False,1.0,0.0,,786,0,786,0,False
vw_meb.dbc,2,0x40,Airbag_01,AB_Texte_AKS,36,2,True,False,1.0,0.0,,786,0,0,0,False
vw_meb.dbc,2,0x40,Airbag_01,AB_VB_deaktiviert,26,1,True,False,1.0,0.0,,786,0,0,0,False
vw_meb.dbc,2,0x40,Airbag_01,AB_Versorgungsspannung,41,1,True,False,1.0,0.0,,786,0,0,0,False
vw_meb.dbc,2,0x40,Airbag_01,Airbag_01_BZ,8,4,True,False,1.0,0.0,,786,0,0,0,False
vw_meb.dbc,2,0x40,Airbag_01,Airbag_01_CRC,0,8,True,False,1.0,0.0,,786,0,0,0,False
vw_meb.dbc,2,0x40,Airbag_01,SC_LowSpeedCrashErkannt,55,2,True,False,1.0,0.0,,786,0,0,0,False
vw_meb.dbc,2,0x40,Airbag_01,SC_Masterzeit,57,7,True,False,0.04,0.0,Unit_Secon,786,0,2,2,False
vw_meb.dbc,2,0x40,Airbag_01,SC_Masterzeit_Offset,53,2,True,False,5.08,0.0,Unit_Secon,786,0,0,0,False
vw_meb.dbc,2,0x464,PSD_06,PSD_06_Mux,0,3,True,False,1.0,0.0,,209,0,209,0,False
vw_meb.dbc,2,0x464,PSD_06,PSD_Sys_Alter_Karte,23,3,True,False,1.0,0.0,,209,0,0,0,False
vw_meb.dbc,2,0x464,PSD_06,PSD_Sys_Geometrieguete,19,2,True,False,1.0,0.0,,209,0,0,0,False
vw_meb.dbc,2,0x464,PSD_06,PSD_Sys_Geometrieguete_erweitert,40,8,True,False,1.0,0.0,,209,0,209,0,False
vw_meb.dbc,2,0x464,PSD_06,PSD_Sys_Geschwindigkeit_Einheit,17,1,True,False,1.0,0.0,,209,0,0,0,False
vw_meb.dbc,2,0x464,PSD_06,PSD_Sys_Laendercode,9,8,True,False,1.0,0.0,,209,0,0,0,False
vw_meb.dbc,2,0x464,PSD_06,PSD_Sys_Mapmatchingguete,21,2,True,False,1.0,0.0,,209,0,0,0,False
vw_meb.dbc,2,0x464,PSD_06,PSD_Sys_Quali_Geometrien,33,3,True,False,1.0,0.0,Unit_None,209,0,0,0,False
vw_meb.dbc,2,0x464,PSD_06,PSD_Sys_Quali_Ortsinfo,36,2,True,False,1.0,0.0,Unit_None,209,0,0,0,False
vw_meb.dbc,2,0x464,PSD_06,PSD_Sys_Quali_Steigungen,51,3,True,False,1.0,0.0,,209,0,0,0,False
vw_meb.dbc,2,0x464,PSD_06,PSD_Sys_Quali_Strassenkennz,54,3,True,False,1.0,0.0,Unit_None,209,0,0,0,False
vw_meb.dbc,2,0x464,PSD_06,PSD_Sys_Quali_Tempolimits,57,3,True,False,1.0,0.0,Unit_None,209,0,0,0,False
vw_meb.dbc,2,0x464,PSD_06,PSD_Sys_Quali_Vorfahrtsregelung,60,3,True,False,1.0,0.0,Unit_None,209,0,0,0,False
vw_meb.dbc,2,0x464,PSD_06,PSD_Sys_Quali_sonstige_Attribute,48,3,True,False,1.0,0.0,Unit_None,209,0,0,0,False
vw_meb.dbc,2,0x464,PSD_06,PSD_Sys_Quali_verfuegbar,38,1,True,False,1.0,0.0,,209,0,0,0,False
vw_meb.dbc,2,0x464,PSD_06,PSD_Sys_Segment_ID,3,6,True,False,1.0,0.0,,209,0,0,209,False
vw_meb.dbc,2,0x464,PSD_06,PSD_Sys_US_State,27,6,True,False,1.0,0.0,,209,0,0,0,False
vw_meb.dbc,2,0x464,PSD_06,PSD_Sys_Verkehrsrichtung,18,1,True,False,1.0,0.0,,209,0,0,0,False
vw_meb.dbc,2,0x464,PSD_06,PSD_Sys_Zielfuehrung,26,1,True,False,1.0,0.0,,209,0,0,0,False
vw_meb.dbc,2,0x464,PSD_06,PSD_Sys_Zielfuehrung_geaendert,39,1,True,False,1.0,0.0,,209,0,0,0,False
vw_meb.dbc,2,0x481,MainUnit_01,DSSS_Warning,16,5,True,False,1.0,0.0,,64,0,0,0,False
vw_meb.dbc,2,0x481,MainUnit_01,MIB_Tongenerator_PH_verfuegbar,9,3,True,False,1.0,0.0,,64,0,0,0,False
vw_meb.dbc,2,0x481,MainUnit_01,MMI_Counter_Bedienevent,12,4,True,False,1.0,0.0,,64,0,0,0,False
vw_meb.dbc,2,0x481,MainUnit_01,MMI_Gauges_active,31,1,True,False,1.0,0.0,,64,0,0,0,False
vw_meb.dbc,2,0x481,MainUnit_01,MMI_Gurt_Mic_ref,28,1,True,False,1.0,0.0,,64,0,0,0,False
vw_meb.dbc,2,0x481,MainUnit_01,MMI_SDS_aktiv,23,1,True,False,1.0,0.0,,64,0,0,0,False
vw_meb.dbc,2,0x481,MainUnit_01,MMI_StartStopp_Info,46,2,True,False,1.0,0.0,,64,0,0,0,False
vw_meb.dbc,2,0x481,MainUnit_01,MMI_Telefon_aktiv,27,1,True,False,1.0,0.0,,64,0,0,0,False
vw_meb.dbc,2,0x481,MainUnit_01,MU_SecondDisplay,24,3,True,False,1.0,0.0,,64,0,64,0,False
vw_meb.dbc,2,0x481,MainUnit_01,MU_Update_Time,32,8,True,False,0.1,0.0,Unit_Hours,64,0,0,0,False
vw_meb.dbc,2,0x481,MainUnit_01,Nav_FoD_Status,4,3,True,False,1.0,0.0,,64,0,0,0,False
vw_meb.dbc,2,0x481,MainUnit_01,ZR_Kindersicherung_RSE,21,1,True,False,1.0,0.0,,64,0,0,0,False
vw_meb.dbc,2,0x481,MainUnit_01,ZR_LAPP_Sondermodus_Status,44,2,True,False,1.0,0.0,,64,0,0,0,False
vw_meb.dbc,2,0x481,MainUnit_01,ZR_LoGeWa_Event_Kombiwarnung,0,4,True,False,1.0,0.0,,64,0,64,0,False
vw_meb.dbc,2,0x481,MainUnit_01,ZR_MXB_Manoever_Ansage,42,2,True,False,1.0,0.0,,64,0,0,0,False
vw_meb.dbc,2,0x481,MainUnit_01,ZR_Parken_Sondermodus,48,4,True,False,1.0,0.0,,64,0,64,0,False
vw_meb.dbc,2,0x481,MainUnit_01,ZR_RSE_aktivieren,22,1,True,False,1.0,0.0,,64,0,0,0,False
vw_meb.dbc,2,0x481,MainUnit_01,ZR_Rundenbewertung,52,4,True,False,1.0,0.0,,64,0,0,0,False
vw_meb.dbc,2,0x481,MainUnit_01,ZR_Rundenfortschritt,56,8,True,False,0.5,0.0,Unit_PerCent,64,0,0,0,False
vw_meb.dbc,2,0x481,MainUnit_01,ZR_Sta_Inszenierung,29,2,True,False,1.0,0.0,,64,0,64,0,False
vw_meb.dbc,2,0x48b,BEM_06,CHK,8,4,True,False,1.0,0.0,,315,0,0,0,False
vw_meb.dbc,2,0x48b,BEM_06,CRC,0,8,True,False,1.0,0.0,,315,0,0,0,False
vw_meb.dbc,2,0x497,Parkhilfe_01,PDC_Tonausgabe_Front,4,4,True,False,1.0,0.0,,112617,0,0,0,False
vw_meb.dbc,2,0x497,Parkhilfe_01,PDC_Tonausgabe_Heck,8,4,True,False,1.0,0.0,,112617,0,0,0,False
vw_meb.dbc,2,0x497,Parkhilfe_01,PH_Abschaltursache,13,3,True,False,1.0,0.0,,112617,0,0,0,False
vw_meb.dbc,2,0x497,Parkhilfe_01,PH_Anf_Audioabsenkung,23,1,True,False,1.0,0.0,,112617,0,0,0,False
vw_meb.dbc,2,0x497,Parkhilfe_01,PH_Anf_Verdeck,30,2,True,False,1.0,0.0,,112617,0,0,0,False
vw_meb.dbc,2,0x497,Parkhilfe_01,PH_Display_Kundenwunsch,61,2,True,False,1.0,0.0,,112617,0,0,0,False
vw_meb.dbc,2,0x497,Parkhilfe_01,PH_Frequenz_hinten,32,4,True,False,1.0,0.0,,112617,0,0,0,False
vw_meb.dbc,2,0x497,Parkhilfe_01,PH_Frequenz_vorn,40,4,True,False,1.0,0.0,,112617,0,0,0,False
vw_meb.dbc,2,0x497,Parkhilfe_01,PH_Lautstaerke_hinten,36,4,True,False,1.0,0.0,,112617,0,0,0,False
vw_meb.dbc,2,0x497,Parkhilfe_01,PH_Lautstaerke_vorn,44,4,True,False,1.0,0.0,,112617,0,0,0,False
vw_meb.dbc,2,0x497,Parkhilfe_01,PH_Opt_Anz_H_Hindernis,19,1,True,False,1.0,0.0,,112617,0,0,0,False
vw_meb.dbc,2,0x497,Parkhilfe_01,PH_Opt_Anz_V_Hindernis,18,1,True,False,1.0,0.0,,112617,0,0,0,False
vw_meb.dbc,2,0x497,Parkhilfe_01,PH_Opt_Anzeige_H_ein,17,1,True,False,1.0,0.0,,112617,0,0,0,False
vw_meb.dbc,2,0x497,Parkhilfe_01,PH_Opt_Anzeige_V_ein,16,1,True,False,1.0,0.0,,112617,0,0,0,False
vw_meb.dbc,2,0x497,Parkhilfe_01,PH_StartStopp_Info,49,2,True,False,1.0,0.0,,112617,0,0,0,False
vw_meb.dbc,2,0x497,Parkhilfe_01,PH_Stoermeldung,52,4,True,False,1.0,0.0,,112617,0,0,0,False
vw_meb.dbc,2,0x497,Parkhilfe_01,PH_Systemzustand,58,3,True,False,1.0,0.0,,112617,0,0,0,False
vw_meb.dbc,2,0x497,Parkhilfe_01,PH_Taster,28,2,True,False,1.0,0.0,,112617,0,0,0,False
vw_meb.dbc,2,0x497,Parkhilfe_01,PH_Tongeber_H_aktiv,21,1,True,False,1.0,0.0,,112617,0,0,0,False
vw_meb.dbc,2,0x497,Parkhilfe_01,PH_Tongeber_H_verfuegbar,24,1,True,False,1.0,0.0,,112617,0,0,0,False
vw_meb.dbc,2,0x497,Parkhilfe_01,PH_Tongeber_V_aktiv,20,1,True,False,1.0,0.0,,112617,0,0,0,False
vw_meb.dbc,2,0x497,Parkhilfe_01,PH_Tongeber_mute,22,1,True,False,1.0,0.0,,112617,0,0,0,False
vw_meb.dbc,2,0x497,Parkhilfe_01,PH_Visualisierung,0,3,True,False,1.0,0.0,,112617,0,112617,0,False
vw_meb.dbc,2,0x497,Parkhilfe_01,PH_defekt,56,1,True,False,1.0,0.0,,112617,0,0,0,False
vw_meb.dbc,2,0x497,Parkhilfe_01,PH_gestoert,57,1,True,False,1.0,0.0,,112617,0,0,0,False
vw_meb.dbc,2,0x497,Parkhilfe_01,PH_nachtr_Stopp_Anf,12,1,True,False,1.0,0.0,,112617,0,0,0,False
vw_meb.dbc,2,0x497,Parkhilfe_01,PLA_Anf_Aufschaltung_RVC,25,1,True,False,1.0,0.0,,112617,0,0,0,False
vw_meb.dbc,2,0x520,Airbag_02,AB_Abschaltanf_SIH_BF,28,1,True,False,1.0,0.0,,162,0,0,0,False
vw_meb.dbc,2,0x520,Airbag_02,AB_Anforderung_USM,39,1,True,False,1.0,0.0,,162,0,0,0,False
vw_meb.dbc,2,0x520,Airbag_02,AB_Anforderung_eCall,16,1,True,False,1.0,0.0,,162,0,0,0,False
vw_meb.dbc,2,0x520,Airbag_02,AB_Anprall_FGS,19,1,True,False,1.0,0.0,,162,0,0,0,False
vw_meb.dbc,2,0x520,Airbag_02,AB_Anprall_Front_Beifahrer,20,1,True,False,1.0,0.0,,162,0,0,0,False
vw_meb.dbc,2,0x520,Airbag_02,AB_Anprall_Front_Fahrer,21,1,True,False,1.0,0.0,,162,0,0,0,False
vw_meb.dbc,2,0x520,Airbag_02,AB_Anprall_Heck_Beifahrer,22,1,True,False,1.0,0.0,,162,0,0,0,False
vw_meb.dbc,2,0x520,Airbag_02,AB_Anprall_Heck_Fahrer,23,1,True,False,1.0,0.0,,162,0,0,0,False
vw_meb.dbc,2,0x520,Airbag_02,AB_Anprall_Rollover,18,1,True,False,1.0,0.0,,162,0,0,0,False
vw_meb.dbc,2,0x520,Airbag_02,AB_Anprall_Seite_Beifahrer,17,1,True,False,1.0,0.0,,162,0,0,0,False
vw_meb.dbc,2,0x520,Airbag_02,AB_Anprall_Seite_Fahrer,29,1,True,False,1.0,0.0,,162,0,0,0,False
vw_meb.dbc,2,0x520,Airbag_02,AB_Belegung_VB,26,2,True,False,1.0,0.0,,162,0,0,0,False
vw_meb.dbc,2,0x520,Airbag_02,AB_Crashschwere,36,3,True,False,1.0,0.0,,162,0,0,0,False
vw_meb.dbc,2,0x520,Airbag_02,AB_Gurtschloss_BF,42,2,True,False,1.0,0.0,,162,0,0,0,False
vw_meb.dbc,2,0x520,Airbag_02,AB_Gurtschloss_FA,40,2,True,False,1.0,0.0,,162,0,0,0,False
vw_meb.dbc,2,0x520,Airbag_02,AB_Gurtschloss_Reihe2_BF,48,2,True,False,1.0,0.0,,162,0,0,0,False
vw_meb.dbc,2,0x520,Airbag_02,AB_Gurtschloss_Reihe2_FA,44,2,True,False,1.0,0.0,,162,0,0,0,False
vw_meb.dbc,2,0x520,Airbag_02,AB_Gurtschloss_Reihe2_MI,46,2,True,False,1.0,0.0,,162,0,0,0,False
vw_meb.dbc,2,0x520,Airbag_02,AB_Gurtschloss_Reihe3_BF,54,2,True,False,1.0,0.0,,162,0,0,0,False
vw_meb.dbc,2,0x520,Airbag_02,AB_Gurtschloss_Reihe3_FA,50,2,True,False,1.0,0.0,,162,0,0,0,False
vw_meb.dbc,2,0x520,Airbag_02,AB_Gurtschloss_Reihe3_MI,52,2,True,False,1.0,0.0,,162,0,0,0,False
vw_meb.dbc,2,0x520,Airbag_02,AB_Sitzpos_Sens_BF,58,2,True,False,1.0,0.0,,162,0,0,0,False
vw_meb.dbc,2,0x520,Airbag_02,AB_Sitzpos_Sens_FA,56,2,True,False,1.0,0.0,,162,0,0,0,False
vw_meb.dbc,2,0x520,Airbag_02,AB_Wickelklappung_Reihe2_BF,60,2,True,False,1.0,0.0,,162,0,0,0,False
vw_meb.dbc,2,0x520,Airbag_02,AB_Wickelklappung_Reihe2_FA,62,2,True,False,1.0,0.0,,162,0,0,0,False
vw_meb.dbc,2,0x520,Airbag_02,AB_Wickelklappung_Reihe2_MI,24,2,True,False,1.0,0.0,,162,0,0,0,False
vw_meb.dbc,2,0x520,Airbag_02,LoGeWa_Event_Kombiwarnung,12,4,True,False,1.0,0.0,,162,0,162,0,False
vw_meb.dbc,2,0x520,Airbag_02,SC_PAO_OFF_Anf,34,2,True,False,1.0,0.0,,162,0,0,0,False
vw_meb.dbc,2,0x520,Airbag_02,SC_PAO_ON_Anf,32,2,True,False,1.0,0.0,,162,0,0,0,False
vw_meb.dbc,2,0x520,Airbag_02,SC_PAO_Schriftzug_Anf,30,2,True,False,1.0,0.0,,162,0,0,0,False
vw_meb.dbc,2,0x54b,Parkhilfe_04,BCM_WAH_Meldung,55,3,True,False,1.0,0.0,,22666,0,22666,0,False
vw_meb.dbc,2,0x54b,Parkhilfe_04,PDC_Charisma_FahrPr,60,4,True,False,1.0,0.0,,22666,0,0,0,False
vw_meb.dbc,2,0x54b,Parkhilfe_04,PDC_Charisma_Status,58,2,True,False,1.0,0.0,,22666,0,22666,0,False
vw_meb.dbc,2,0x54b,Parkhilfe_04,PH_Aufschaltursache,16,5,True,False,1.0,0.0,,22666,0,0,0,False
vw_meb.dbc,2,0x54b,Parkhilfe_04,PH_Ton_Ausgabe,21,3,True,False,1.0,0.0,,22666,0,22483,0,False
vw_meb.dbc,2,0x54b,Parkhilfe_04,PH_Ton_Lautstaerke,52,3,True,False,1.0,0.0,,22666,0,0,0,False
vw_meb.dbc,2,0x54b,Parkhilfe_04,PH_Ton_Pausenlaenge,24,8,True,False,1.0,0.0,,22666,0,22501,0,False
vw_meb.dbc,2,0x54b,Parkhilfe_04,PH_Ton_Richtung,49,3,True,False,1.0,0.0,,22666,0,0,0,False
vw_meb.dbc,2,0x54b,Parkhilfe_04,PH_Verschmutzungsmeldung,12,4,True,False,1.0,0.0,,22666,0,0,0,False
vw_meb.dbc,2,0x551,WFS_01,WFS_Betrieb_Lesespule,21,1,True,False,1.0,0.0,,159,0,0,0,False
vw_meb.dbc,2,0x551,WFS_01,WFS_ELV_authorisiert,19,1,True,False,1.0,0.0,,159,0,0,0,False
vw_meb.dbc,2,0x551,WFS_01,WFS_Fahrerhinweise,34,2,True,False,1.0,0.0,,159,0,0,0,False
vw_meb.dbc,2,0x551,WFS_01,WFS_ID_Geb_autorisiert,5,1,True,False,1.0,0.0,,159,0,0,0,False
vw_meb.dbc,2,0x551,WFS_01,WFS_ID_Geb_autorisiert_in_Kl15,6,1,True,False,1.0,0.0,,159,0,0,0,False
vw_meb.dbc,2,0x551,WFS_01,WFS_ID_Geb_steckt,7,1,True,False,1.0,0.0,,159,0,0,0,False
vw_meb.dbc,2,0x551,WFS_01,WFS_Klemmenfreigabe,22,1,True,False,1.0,0.0,,159,0,0,0,False
vw_meb.dbc,2,0x551,WFS_01,WFS_LF_Aktiv,20,1,True,False,1.0,0.0,,159,0,0,0,False
vw_meb.dbc,2,0x551,WFS_01,WFS_LZ,17,2,True,False,1.0,0.0,,159,0,0,0,False
vw_meb.dbc,2,0x551,WFS_01,WFS_Parken_Status,36,2,True,False,1.0,0.0,,159,0,0,0,False
vw_meb.dbc,2,0x551,WFS_01,WFS_Safe,16,1,True,False,1.0,0.0,,159,0,159,0,False
vw_meb.dbc,2,0x551,WFS_01,WFS_Schluessel_Fahrberecht,0,4,True,False,1.0,0.0,,159,0,0,0,False
vw_meb.dbc,2,0x551,WFS_01,WFS_Schluessel_Ist,12,4,True,False,1.0,0.0,,159,0,0,0,False
vw_meb.dbc,2,0x551,WFS_01,WFS_Schluessel_Soll,8,4,True,False,1.0,0.0,,159,0,0,0,False
vw_meb.dbc,2,0x583,ZV_02,BCM_FH_Freigabe,12,1,True,False,1.0,0.0,,159,0,0,0,False
vw_meb.dbc,2,0x583,ZV_02,BCM_HSK_Freigabe,14,1,True,False,1.0,0.0,,159,0,0,0,False
vw_meb.dbc,2,0x583,ZV_02,BCM_Komfortfkt_Freigabe,13,1,True,False,1.0,0.0,,159,0,0,0,False
vw_meb.dbc,2,0x583,ZV_02,BCM_Tankklappensteller_Fehler,61,1,True,False,1.0,0.0,,159,0,159,0,False
vw_meb.dbc,2,0x583,ZV_02,BCM_Verdeck_Freigabe,15,1,True,False,1.0,0.0,,159,0,0,0,False
vw_meb.dbc,2,0x583,ZV_02,DWA_aktiv,31,1,True,False,1.0,0.0,,159,0,0,0,False
vw_meb.dbc,2,0x583,ZV_02,FBS_Warn_Schluessel_Batt,47,1,True,False,1.0,0.0,,159,0,0,0,False
vw_meb.dbc,2,0x583,ZV_02,FFB_CarFinder,38,1,True,False,1.0,0.0,,159,0,0,0,False
vw_meb.dbc,2,0x583,ZV_02,FFB_Komfortoeffnen,39,1,True,False,1.0,0.0,,159,0,0,0,False
vw_meb.dbc,2,0x583,ZV_02,FFB_Komfortschliessen,40,1,True,False,1.0,0.0,,159,0,0,0,False
vw_meb.dbc,2,0x583,ZV_02,HBFS_gesafet,53,1,True,False,1.0,0.0,,159,0,0,0,False
vw_meb.dbc,2,0x583,ZV_02,HBFS_verriegelt,52,1,True,False,1.0,0.0,,159,0,0,0,False
vw_meb.dbc,2,0x583,ZV_02,HD_Hauptraste,32,1,True,False,1.0,0.0,,159,0,0,0,False
vw_meb.dbc,2,0x583,ZV_02,HD_Vorraste,33,1,True,False,1.0,0.0,,159,0,0,0,False
vw_meb.dbc,2,0x583,ZV_02,HFS_gesafet,51,1,True,False,1.0,0.0,,159,0,0,0,False
vw_meb.dbc,2,0x583,ZV_02,HFS_verriegelt,50,1,True,False,1.0,0.0,,159,0,0,0,False
vw_meb.dbc,2,0x583,ZV_02,IRUE_Taster_Fkts_LED,55,1,True,False,1.0,0.0,,159,0,0,0,False
vw_meb.dbc,2,0x583,ZV_02,IRUE_aktiv,30,1,True,False,1.0,0.0,,159,0,0,0,False
vw_meb.dbc,2,0x583,ZV_02,ZV_BT_offen,25,1,True,False,1.0,0.0,,159,0,0,0,False
vw_meb.dbc,2,0x583,ZV_02,ZV_Einzeltuerentriegelung,22,1,True,False,1.0,0.0,,159,0,0,0,False
vw_meb.dbc,2,0x583,ZV_02,ZV_FT_offen,24,1,True,False,1.0,0.0,,159,0,0,0,False
vw_meb.dbc,2,0x583,ZV_02,ZV_HBFS_offen,27,1,True,False,1.0,0.0,,159,0,0,0,False
vw_meb.dbc,2,0x583,ZV_02,ZV_HD_offen,28,1,True,False,1.0,0.0,,159,0,0,0,False
vw_meb.dbc,2,0x583,ZV_02,ZV_HFS_offen,26,1,True,False,1.0,0.0,,159,0,0,0,False
vw_meb.dbc,2,0x583,ZV_02,ZV_HS_offen,29,1,True,False,1.0,0.0,,159,0,0,0,False
vw_meb.dbc,2,0x583,ZV_02,ZV_Heckeinzelentriegelung,23,1,True,False,1.0,0.0,,159,0,0,0,False
vw_meb.dbc,2,0x583,ZV_02,ZV_Oeffnungsmodus,48,2,True,False,1.0,0.0,,159,0,0,0,False
vw_meb.dbc,2,0x583,ZV_02,ZV_Rollo_auf,57,1,True,False,1.0,0.0,,159,0,0,0,False
vw_meb.dbc,2,0x583,ZV_02,ZV_Rollo_zu,58,1,True,False,1.0,0.0,,159,0,0,0,False
vw_meb.dbc,2,0x583,ZV_02,ZV_SAD_auf,59,1,True,False,1.0,0.0,,159,0,0,0,False
vw_meb.dbc,2,0x583,ZV_02,ZV_SAD_zu,60,1,True,False,1.0,0.0,,159,0,0,0,False
vw_meb.dbc,2,0x583,ZV_02,ZV_SafeFunktion_aktiv,46,1,True,False,1.0,0.0,,159,0,0,0,False
vw_meb.dbc,2,0x583,ZV_02,ZV_Schluessel_Zugang,42,4,True,False,1.0,0.0,,159,0,0,0,False
vw_meb.dbc,2,0x583,ZV_02,ZV_Tankklappe_offen,56,1,True,False,1.0,0.0,,159,0,0,0,False
vw_meb.dbc,2,0x583,ZV_02,ZV_gesafet_extern_ist,20,1,True,False,1.0,0.0,,159,0,0,0,False
vw_meb.dbc,2,0x583,ZV_02,ZV_gesafet_extern_soll,21,1,True,False,1.0,0.0,,159,0,0,0,False
vw_meb.dbc,2,0x583,ZV_02,ZV_ist_Zustand_verfuegbar,54,1,True,False,1.0,0.0,,159,0,0,0,False
vw_meb.dbc,2,0x583,ZV_02,ZV_verriegelt_extern_ist,17,1,True,False,1.0,0.0,,159,0,0,0,False
vw_meb.dbc,2,0x583,ZV_02,ZV_verriegelt_extern_soll,19,1,True,False,1.0,0.0,,159,0,0,0,False
vw_meb.dbc,2,0x583,ZV_02,ZV_verriegelt_intern_ist,16,1,True,False,1.0,0.0,,159,0,0,0,False
vw_meb.dbc,2,0x583,ZV_02,ZV_verriegelt_intern_soll,18,1,True,False,1.0,0.0,,159,0,0,0,False
vw_meb.dbc,2,0x583,ZV_02,ZV_verriegelt_soll,62,2,True,False,1.0,0.0,,159,0,0,0,False
vw_meb.dbc,2,0x585,Systeminfo_01,GW_KD_Fehler,13,1,True,False,1.0,0.0,,34,0,34,0,False
vw_meb.dbc,2,0x585,Systeminfo_01,SI_BUS_01,16,1,True,False,1.0,0.0,,34,0,0,0,False
vw_meb.dbc,2,0x585,Systeminfo_01,SI_BUS_02,17,1,True,False,1.0,0.0,,34,0,0,0,False
vw_meb.dbc,2,0x585,Systeminfo_01,SI_BUS_03,18,1,True,False,1.0,0.0,,34,0,0,0,False
vw_meb.dbc,2,0x585,Systeminfo_01,SI_BUS_04,19,1,True,False,1.0,0.0,,34,0,0,0,False
vw_meb.dbc,2,0x585,Systeminfo_01,SI_BUS_05,20,1,True,False,1.0,0.0,,34,0,0,0,False
vw_meb.dbc,2,0x585,Systeminfo_01,SI_BUS_06,21,1,True,False,1.0,0.0,,34,0,0,0,False
vw_meb.dbc,2,0x585,Systeminfo_01,SI_BUS_07,22,1,True,False,1.0,0.0,,34,0,0,0,False
vw_meb.dbc,2,0x585,Systeminfo_01,SI_BUS_08,23,1,True,False,1.0,0.0,,34,0,0,0,False
vw_meb.dbc,2,0x585,Systeminfo_01,SI_BUS_09,24,1,True,False,1.0,0.0,,34,0,0,0,False
vw_meb.dbc,2,0x585,Systeminfo_01,SI_BUS_10,25,1,True,False,1.0,0.0,,34,0,0,0,False
vw_meb.dbc,2,0x585,Systeminfo_01,SI_BUS_11,26,1,True,False,1.0,0.0,,34,0,0,0,False
vw_meb.dbc,2,0x585,Systeminfo_01,SI_BUS_12,27,1,True,False,1.0,0.0,,34,0,0,0,False
vw_meb.dbc,2,0x585,Systeminfo_01,SI_BUS_13,28,1,True,False,1.0,0.0,,34,0,0,0,False
vw_meb.dbc,2,0x585,Systeminfo_01,SI_BUS_14,29,1,True,False,1.0,0.0,,34,0,0,0,False
vw_meb.dbc,2,0x585,Systeminfo_01,SI_BUS_15,30,1,True,False,1.0,0.0,,34,0,0,0,False
vw_meb.dbc,2,0x585,Systeminfo_01,SI_Bus_Identifikation,32,8,True,False,1.0,0.0,,34,0,0,0,False
vw_meb.dbc,2,0x585,Systeminfo_01,SI_CAB,40,24,True,False,1.0,0.0,,34,0,0,0,False
vw_meb.dbc,2,0x585,Systeminfo_01,SI_Diagnose_Aktiv,7,1,True,False,1.0,0.0,,34,0,0,0,False
vw_meb.dbc,2,0x585,Systeminfo_01,SI_NWDF,10,1,True,False,1.0,0.0,,34,0,0,0,False
vw_meb.dbc,2,0x585,Systeminfo_01,SI_NWDF_gueltig,11,1,True,False,1.0,0.0,,34,0,0,0,False
vw_meb.dbc,2,0x585,Systeminfo_01,SI_QRS_Mode,8,1,True,False,1.0,0.0,,34,0,0,0,False
vw_meb.dbc,2,0x585,Systeminfo_01,SI_Sammel_SG_Fehler,0,6,True,False,1.0,0.0,,34,0,0,0,False
vw_meb.dbc,2,0x585,Systeminfo_01,SI_Sammelfehler,12,1,True,False,1.0,0.0,,34,0,34,0,False
vw_meb.dbc,2,0x585,Systeminfo_01,SI_T_Mode,9,1,True,False,1.0,0.0,,34,0,0,0,False
vw_meb.dbc,2,0x585,Systeminfo_01,SI_T_Schutz,14,1,True,False,1.0,0.0,,34,0,0,0,False
vw_meb.dbc,2,0x5a0,RLS_01,LS_Helligkeit_FW,8,10,True,False,6.0,0.0,Unit_Lux,156,0,0,0,False
vw_meb.dbc,2,0x5a0,RLS_01,LS_Helligkeit_IR,0,8,True,False,400.0,0.0,Unit_Lux,156,0,0,0,False
vw_meb.dbc,2,0x5a0,RLS_01,LS_Verbau,23,1,True,False,1.0,0.0,,156,0,0,0,False
vw_meb.dbc,2,0x5a0,RLS_01,LS_defekt,22,1,True,False,1.0,0.0,,156,0,0,0,False
vw_meb.dbc,2,0x5a0,RLS_01,RLS_Vorfeldhelligkeit_Boost,35,4,True,False,1.0,0.0,,156,0,0,0,False
vw_meb.dbc,2,0x5a0,RLS_01,RS_Regenmenge,24,4,True,False,10.0,0.0,Unit_PerCent,156,0,0,0,False
vw_meb.dbc,2,0x5a0,RLS_01,RS_Verbau,29,1,True,False,1.0,0.0,,156,0,0,0,False
vw_meb.dbc,2,0x5a0,RLS_01,RS_Verglasung_schliessen,30,1,True,False,1.0,0.0,,156,0,0,0,False
vw_meb.dbc,2,0x5a0,RLS_01,RS_Wischergeschwindigkeit,32,3,True,False,1.0,0.0,,156,0,0,0,False
vw_meb.dbc,2,0x5a0,RLS_01,RS_defekt,31,1,True,False,1.0,0.0,,156,0,0,0,False
vw_meb.dbc,2,0x5a7,TM_01,TM_Door_Lock,49,1,True,False,1.0,0.0,,32,0,32,0,False
vw_meb.dbc,2,0x5a7,TM_01,TM_Door_Unlock,50,1,True,False,1.0,0.0,,32,0,32,0,False
vw_meb.dbc,2,0x5a7,TM_01,TM_Nur_Hupen,48,1,True,False,1.0,0.0,,32,0,0,0,False
vw_meb.dbc,2,0x5a7,TM_01,TM_Panik_Alarm,52,1,True,False,1.0,0.0,,32,0,32,0,False
vw_meb.dbc,2,0x5a7,TM_01,TM_Spiegel_Anklappen,47,1,True,False,1.0,0.0,,32,0,32,0,False
vw_meb.dbc,2,0x5a7,TM_01,TM_Warnblinken,51,1,True,False,1.0,0.0,,32,0,32,0,False
vw_meb.dbc,2,0x5a7,TM_01,TM_ZV_Signatur,53,11,True,False,1.0,0.0,Unit_None,32,0,32,32,False
vw_meb.dbc,2,0x5f0,Dimmung_01,DI_Display_Nachtdesign,15,1,True,False,1.0,0.0,,158,0,0,0,False
vw_meb.dbc,2,0x5f0,Dimmung_01,DI_Fotosensor,24,16,True,False,1.0,0.0,,158,0,0,0,False
vw_meb.dbc,2,0x5f0,Dimmung_01,DI_KL_58xd,0,8,True,False,1.0,0.0,,158,0,0,0,False
vw_meb.dbc,2,0x5f0,Dimmung_01,DI_KL_58xs,8,7,True,False,1.0,0.0,Unit_PerCent,158,0,0,0,False
vw_meb.dbc,2,0x5f0,Dimmung_01,DI_KL_58xt,16,7,True,False,1.0,0.0,Unit_PerCent,158,0,0,0,False
vw_meb.dbc,2,0x5f4,Innenlicht_11,AMB_Charisma_FahrPr,49,4,True,False,1.0,0.0,,63,0,0,0,False
vw_meb.dbc,2,0x5f4,Innenlicht_11,AMB_Charisma_Status,53,2,True,False,1.0,0.0,,63,0,63,0,False
vw_meb.dbc,2,0x5f4,Innenlicht_11,BCM1_DI_Rampe_Innenlicht,40,1,True,False,1.0,0.0,,63,0,0,0,False
vw_meb.dbc,2,0x5f4,Innenlicht_11,BCM1_DI_Rampe_Leselicht,41,1,True,False,1.0,0.0,,63,0,0,0,False
vw_meb.dbc,2,0x5f4,Innenlicht_11,BCM1_Innenlicht_H,42,1,True,False,1.0,0.0,,63,0,0,0,False
vw_meb.dbc,2,0x5f4,Innenlicht_11,BCM1_Innenlicht_V,43,1,True,False,1.0,0.0,,63,0,0,0,False
vw_meb.dbc,2,0x5f4,Innenlicht_11,BCM1_Innenlicht_gedimmt_H,37,1,True,False,1.0,0.0,,63,0,0,0,False
vw_meb.dbc,2,0x5f4,Innenlicht_11,BCM1_Innenlicht_gedimmt_V,36,1,True,False,1.0,0.0,,63,0,0,0,False
vw_meb.dbc,2,0x5f4,Innenlicht_11,BCM1_Leselicht_Anf_hl,44,1,True,False,1.0,0.0,,63,0,0,0,False
vw_meb.dbc,2,0x5f4,Innenlicht_11,BCM1_Leselicht_Anf_hr,45,1,True,False,1.0,0.0,,63,0,0,0,False
vw_meb.dbc,2,0x5f4,Innenlicht_11,BCM1_Leselicht_Anf_vl,46,1,True,False,1.0,0.0,,63,0,0,0,False
vw_meb.dbc,2,0x5f4,Innenlicht_11,BCM1_Leselicht_Anf_vr,47,1,True,False,1.0,0.0,,63,0,0,0,False
vw_meb.dbc,2,0x5f4,Innenlicht_11,BCM1_Leuchten_Aus,48,1,True,False,1.0,0.0,,63,0,0,0,False
vw_meb.dbc,2,0x5f4,Innenlicht_11,IL_Bel_BFS_Ausstieg,33,1,True,False,1.0,0.0,,63,0,0,0,False
vw_meb.dbc,2,0x5f4,Innenlicht_11,IL_Bel_FS_Ausstieg,32,1,True,False,1.0,0.0,,63,0,0,0,False
vw_meb.dbc,2,0x5f4,Innenlicht_11,IL_Bel_HBFS_Ausstieg,35,1,True,False,1.0,0.0,,63,0,0,0,False
vw_meb.dbc,2,0x5f4,Innenlicht_11,IL_Bel_HFS_Ausstieg,34,1,True,False,1.0,0.0,,63,0,0,0,False
vw_meb.dbc,2,0x5f4,Innenlicht_11,IL_Dimmung_H_Tuerkontur,8,8,True,False,1.0,0.0,Unit_PerCent,63,0,0,0,False
vw_meb.dbc,2,0x5f4,Innenlicht_11,IL_Dimmung_Lautspr,56,8,True,False,1.0,0.0,Unit_PerCent,63,0,0,0,False
vw_meb.dbc,2,0x5f4,Innenlicht_11,IL_Dimmung_Tuerinnengriff,16,8,True,False,1.0,0.0,Unit_PerCent,63,0,0,0,False
vw_meb.dbc,2,0x5f4,Innenlicht_11,IL_Dimmung_Umfeldbel,24,8,True,False,1.0,0.0,Unit_PerCent,63,0,0,0,False
vw_meb.dbc,2,0x5f4,Innenlicht_11,IL_Dimmung_V_Tuerkontur,0,8,True,False,1.0,0.0,Unit_PerCent,63,0,0,0,False
vw_meb.dbc,2,0x5f4,Innenlicht_11,IL_Innenlicht_aktiv,38,1,True,False,1.0,0.0,,63,0,0,0,False
vw_meb.dbc,2,0x5f4,Innenlicht_11,IL_Klemme_30G_aktiv,39,1,True,False,1.0,0.0,,63,0,0,0,False
vw_meb.dbc,2,0x641,Motor_Code_01,MO_Abgastyp_EOBD,57,1,True,False,1.0,0.0,,32,0,0,0,False
vw_meb.dbc,2,0x641,Motor_Code_01,MO_Abgastyp_OBD,58,1,True,False,1.0,0.0,,32,0,0,0,False
vw_meb.dbc,2,0x641,Motor_Code_01,MO_Ansaugsystem,47,1,True,False,1.0,0.0,,32,0,0,0,False
vw_meb.dbc,2,0x641,Motor_Code_01,MO_Anzahl_Zyl,32,4,True,False,1.0,0.0,,32,0,0,0,False
vw_meb.dbc,2,0x641,Motor_Code_01,MO_Code,16,8,True,False,1.0,0.0,,32,0,0,0,False
vw_meb.dbc,2,0x641,Motor_Code_01,MO_DPF_verbaut,59,1,True,False,1.0,0.0,,32,0,0,0,False
vw_meb.dbc,2,0x641,Motor_Code_01,MO_Einspritzart,63,1,True,False,1.0,0.0,,32,0,0,0,False
vw_meb.dbc,2,0x641,Motor_Code_01,MO_Faktor_Momente_02,12,2,True,False,1.0,0.0,,32,0,0,0,False
vw_meb.dbc,2,0x641,Motor_Code_01,MO_Getriebe_Code,24,6,True,False,1.0,0.0,,32,0,32,0,False
vw_meb.dbc,2,0x641,Motor_Code_01,MO_Hubraum,40,7,True,False,0.1,0.0,Unit_Liter,32,0,0,0,False
vw_meb.dbc,2,0x641,Motor_Code_01,MO_Hybridfahrzeug,14,2,True,False,1.0,0.0,,32,0,0,0,False
vw_meb.dbc,2,0x641,Motor_Code_01,MO_Kraftstoffart,36,4,True,False,1.0,0.0,,32,0,0,0,False
vw_meb.dbc,2,0x641,Motor_Code_01,MO_Leistung,48,9,True,False,1.0,0.0,Unit_KiloWatt,32,0,0,0,False
vw_meb.dbc,2,0x641,Motor_Code_01,MO_StartStopp_Codiert,30,1,True,False,1.0,0.0,,32,0,0,0,False
vw_meb.dbc,2,0x641,Motor_Code_01,Motor_Code_01_BZ,8,4,True,False,1.0,0.0,,32,0,0,0,False
vw_meb.dbc,2,0x641,Motor_Code_01,Motor_Code_01_CRC,0,8,True,False,1.0,0.0,,32,0,0,0,False
vw_meb.dbc,2,0x641,Motor_Code_01,TSK_Codierung,60,3,True,False,1.0,0.0,,32,0,0,0,False
vw_meb.dbc,2,0x643,Einheiten_01,KBI_Einheit_Datum,0,2,True,False,1.0,0.0,,32,0,0,0,False
vw_meb.dbc,2,0x643,Einheiten_01,KBI_Einheit_Druck,2,2,True,False,1.0,0.0,,32,0,0,0,False
vw_meb.dbc,2,0x643,Einheiten_01,KBI_Einheit_Masse,28,2,True,False,1.0,0.0,,32,0,0,0,False
vw_meb.dbc,2,0x643,Einheiten_01,KBI_Einheit_Sprache,16,8,True,False,1.0,0.0,,32,0,0,0,False
vw_meb.dbc,2,0x643,Einheiten_01,KBI_Einheit_Streckenanz,4,1,True,False,1.0,0.0,,32,0,0,0,False
vw_meb.dbc,2,0x643,Einheiten_01,KBI_Einheit_Temp,6,1,True,False,1.0,0.0,,32,0,0,0,False
vw_meb.dbc,2,0x643,Einheiten_01,KBI_Einheit_Uhrzeit,7,1,True,False,1.0,0.0,,32,0,0,0,False
vw_meb.dbc,2,0x643,Einheiten_01,KBI_Einheit_Verbrauch,8,2,True,False,1.0,0.0,,32,0,0,0,False
vw_meb.dbc,2,0x643,Einheiten_01,KBI_Einheit_Verbrauch_Gas,24,4,True,False,1.0,0.0,,32,0,0,0,False
vw_meb.dbc,2,0x643,Einheiten_01,KBI_Einheit_Verbrauch_elektr,12,3,True,False,1.0,0.0,,32,0,0,0,False
vw_meb.dbc,2,0x643,Einheiten_01,KBI_Einheit_Volumen,10,2,True,False,1.0,0.0,,32,0,0,0,False
vw_meb.dbc,2,0x643,Einheiten_01,KBI_MFA_v_Einheit_02,5,1,True,False,1.0,0.0,,32,0,0,0,False
vw_meb.dbc,2,0x656,ELV_01,ELV_01_BZ,8,4,True,False,1.0,0.0,,31,0,0,0,False
vw_meb.dbc,2,0x656,ELV_01,ELV_01_CRC,0,8,True,False,1.0,0.0,,31,0,0,0,False
vw_meb.dbc,2,0x656,ELV_01,ELV_01_Sendestatus,15,1,True,False,1.0,0.0,,31,0,0,0,False
vw_meb.dbc,2,0x656,ELV_01,ELV_Abbruch_Anf_Klemmenfreigabe,23,1,True,False,1.0,0.0,,31,0,0,0,False
vw_meb.dbc,2,0x656,ELV_01,ELV_Anf_Klemme_15,13,1,True,False,1.0,0.0,,31,0,0,0,False
vw_meb.dbc,2,0x656,ELV_01,ELV_Anf_Klemme_50,14,1,True,False,1.0,0.0,,31,0,0,0,False
vw_meb.dbc,2,0x656,ELV_01,ELV_Anf_Klemme_S,12,1,True,False,1.0,0.0,,31,0,0,0,False
vw_meb.dbc,2,0x656,ELV_01,ELV_Anlernmodus,20,1,True,False,1.0,0.0,,31,0,0,0,False
vw_meb.dbc,2,0x656,ELV_01,ELV_Entriegelt,17,1,True,False,1.0,0.0,,31,0,0,0,False
vw_meb.dbc,2,0x656,ELV_01,ELV_Klemmenfreigabe,22,1,True,False,1.0,0.0,,31,0,0,0,False
vw_meb.dbc,2,0x656,ELV_01,ELV_LED_Gelb,25,1,True,False,1.0,0.0,,31,0,0,0,False
vw_meb.dbc,2,0x656,ELV_01,ELV_LED_Rot,24,1,True,False,1.0,0.0,,31,0,0,0,False
vw_meb.dbc,2,0x656,ELV_01,ELV_Lebenszustand,19,1,True,False,1.0,0.0,,31,0,0,0,False
vw_meb.dbc,2,0x656,ELV_01,ELV_P_verriegelt,35,1,True,False,1.0,0.0,,31,0,0,0,False
vw_meb.dbc,2,0x656,ELV_01,ELV_Txt_Bremse,34,1,True,False,1.0,0.0,,31,0,0,0,False
vw_meb.dbc,2,0x656,ELV_01,ELV_Txt_Defekt,30,1,True,False,1.0,0.0,,31,0,0,0,False
vw_meb.dbc,2,0x656,ELV_01,ELV_Txt_Kupplung,33,1,True,False,1.0,0.0,,31,0,0,0,False
vw_meb.dbc,2,0x656,ELV_01,ELV_Txt_Lkg_Bewegen,28,1,True,False,1.0,0.0,,31,0,0,0,False
vw_meb.dbc,2,0x656,ELV_01,ELV_Txt_PN_Gang,32,1,True,False,1.0,0.0,,31,0,0,0,False
vw_meb.dbc,2,0x656,ELV_01,ELV_Txt_P_Gang,31,1,True,False,1.0,0.0,,31,0,0,0,False
vw_meb.dbc,2,0x656,ELV_01,ELV_Txt_Panikabschaltung,27,1,True,False,1.0,0.0,,31,0,0,0,False
vw_meb.dbc,2,0x656,ELV_01,ELV_Txt_Werkstatt,29,1,True,False,1.0,0.0,,31,0,0,0,False
vw_meb.dbc,2,0x656,ELV_01,ELV_Verriegelt,16,1,True,False,1.0,0.0,,31,0,0,0,False
vw_meb.dbc,2,0x656,ELV_01,ELV_ZAT_betaetigt,18,1,True,False,1.0,0.0,,31,0,0,0,False
vw_meb.dbc,2,0x658,Licht_vorne_01,BCM1_Licht_Dunkelheit_aktiv,49,1,True,False,1.0,0.0,,32,0,0,0,False
vw_meb.dbc,2,0x658,Licht_vorne_01,BCM1_Linksverkehr,48,1,True,False,1.0,0.0,,32,0,0,0,False
vw_meb.dbc,2,0x658,Licht_vorne_01,LV_AFL_aktiv_Anzeige,18,1,True,False,1.0,0.0,,32,0,0,0,False
vw_meb.dbc,2,0x658,Licht_vorne_01,LV_AFL_defekt,19,1,True,False,1.0,0.0,,32,0,0,0,False
vw_meb.dbc,2,0x658,Licht_vorne_01,LV_Abbiegelicht_li_def,46,1,True,False,1.0,0.0,,32,0,0,0,False
vw_meb.dbc,2,0x658,Licht_vorne_01,LV_Abbiegelicht_re_def,47,1,True,False,1.0,0.0,,32,0,0,0,False
vw_meb.dbc,2,0x658,Licht_vorne_01,LV_Abblend_Fernlicht_li_def,41,1,True,False,1.0,0.0,,32,0,0,0,False
vw_meb.dbc,2,0x658,Licht_vorne_01,LV_Abblend_Fernlicht_re_def,45,1,True,False,1.0,0.0,,32,0,0,0,False
vw_meb.dbc,2,0x658,Licht_vorne_01,LV_Abblendlicht_Anzeige,13,1,True,False,1.0,0.0,,32,0,0,0,False
vw_meb.dbc,2,0x658,Licht_vorne_01,LV_Abblendlicht_TFL_li_def,38,1,True,False,1.0,0.0,,32,0,0,0,False
vw_meb.dbc,2,0x658,Licht_vorne_01,LV_Abblendlicht_TFL_re_def,42,1,True,False,1.0,0.0,,32,0,0,0,False
vw_meb.dbc,2,0x658,Licht_vorne_01,LV_Abblendlicht_li_def,22,1,True,False,1.0,0.0,,32,0,0,0,False
vw_meb.dbc,2,0x658,Licht_vorne_01,LV_Abblendlicht_re_def,32,1,True,False,1.0,0.0,,32,0,0,0,False
vw_meb.dbc,2,0x658,Licht_vorne_01,LV_Aussenlicht_def,37,1,True,False,1.0,0.0,,32,0,0,0,False
vw_meb.dbc,2,0x658,Licht_vorne_01,LV_Blinker_VL_aktiv,52,1,True,False,1.0,0.0,,32,0,0,0,False
vw_meb.dbc,2,0x658,Licht_vorne_01,LV_Blinker_VR_aktiv,53,1,True,False,1.0,0.0,,32,0,0,0,False
vw_meb.dbc,2,0x658,Licht_vorne_01,LV_Blinker_li_def,20,1,True,False,1.0,0.0,,32,0,0,0,False
vw_meb.dbc,2,0x658,Licht_vorne_01,LV_Blinker_re_def,30,1,True,False,1.0,0.0,,32,0,0,0,False
vw_meb.dbc,2,0x658,Licht_vorne_01,LV_Blk_li_Seite_def,25,1,True,False,1.0,0.0,,32,0,0,0,False
vw_meb.dbc,2,0x658,Licht_vorne_01,LV_Blk_re_Seite_def,35,1,True,False,1.0,0.0,,32,0,0,0,False
vw_meb.dbc,2,0x658,Licht_vorne_01,LV_FLA_Sensor_blockiert,29,1,True,False,1.0,0.0,,32,0,0,0,False
vw_meb.dbc,2,0x658,Licht_vorne_01,LV_FLA_aktiv_Anzeige,27,1,True,False,1.0,0.0,,32,0,0,0,False
vw_meb.dbc,2,0x658,Licht_vorne_01,LV_FLA_defekt,28,1,True,False,1.0,0.0,,32,0,0,0,False
vw_meb.dbc,2,0x658,Licht_vorne_01,LV_Fernlicht_Anzeige,14,1,True,False,1.0,0.0,,32,0,0,0,False
vw_meb.dbc,2,0x658,Licht_vorne_01,LV_Fernlicht_li_def,23,1,True,False,1.0,0.0,,32,0,0,0,False
vw_meb.dbc,2,0x658,Licht_vorne_01,LV_Fernlicht_re_def,33,1,True,False,1.0,0.0,,32,0,0,0,False
vw_meb.dbc,2,0x658,Licht_vorne_01,LV_LED_Scheinwerfer_li_def,50,1,True,False,1.0,0.0,,32,0,0,0,False
vw_meb.dbc,2,0x658,Licht_vorne_01,LV_LED_Scheinwerfer_re_def,51,1,True,False,1.0,0.0,,32,0,0,0,False
vw_meb.dbc,2,0x658,Licht_vorne_01,LV_MXB_Status_Anzeige,54,2,True,False,1.0,0.0,,32,0,0,0,False
vw_meb.dbc,2,0x658,Licht_vorne_01,LV_Nebellicht_Anzeige,15,1,True,False,1.0,0.0,,32,0,0,0,False
vw_meb.dbc,2,0x658,Licht_vorne_01,LV_Nebellicht_TFL_li_def,39,1,True,False,1.0,0.0,,32,0,0,0,False
vw_meb.dbc,2,0x658,Licht_vorne_01,LV_Nebellicht_TFL_re_def,43,1,True,False,1.0,0.0,,32,0,0,0,False
vw_meb.dbc,2,0x658,Licht_vorne_01,LV_Nebellicht_li_def,24,1,True,False,1.0,0.0,,32,0,0,0,False
vw_meb.dbc,2,0x658,Licht_vorne_01,LV_Nebellicht_re_def,34,1,True,False,1.0,0.0,,32,0,0,0,False
vw_meb.dbc,2,0x658,Licht_vorne_01,LV_Nebelschlusslicht_Anzeige,16,1,True,False,1.0,0.0,,32,0,0,0,False
vw_meb.dbc,2,0x658,Licht_vorne_01,LV_Standlicht_Anzeige,12,1,True,False,1.0,0.0,,32,0,0,0,False
vw_meb.dbc,2,0x658,Licht_vorne_01,LV_Standlicht_TFL_li_def,40,1,True,False,1.0,0.0,,32,0,0,0,False
vw_meb.dbc,2,0x658,Licht_vorne_01,LV_Standlicht_TFL_re_def,44,1,True,False,1.0,0.0,,32,0,0,0,False
vw_meb.dbc,2,0x658,Licht_vorne_01,LV_Standlicht_li_def,21,1,True,False,1.0,0.0,,32,0,0,0,False
vw_meb.dbc,2,0x658,Licht_vorne_01,LV_Standlicht_re_def,31,1,True,False,1.0,0.0,,32,0,0,0,False
vw_meb.dbc,2,0x658,Licht_vorne_01,LV_Tagfahrlicht_Anzeige,17,1,True,False,1.0,0.0,,32,0,0,0,False
vw_meb.dbc,2,0x658,Licht_vorne_01,LV_Tagfahrlicht_li_def,26,1,True,False,1.0,0.0,,32,0,0,0,False
vw_meb.dbc,2,0x658,Licht_vorne_01,LV_Tagfahrlicht_re_def,36,1,True,False,1.0,0.0,,32,0,0,0,False
vw_meb.dbc,2,0x658,Licht_vorne_01,Licht_Vorne_01_BZ,8,4,True,False,1.0,0.0,,32,0,0,0,False
vw_meb.dbc,2,0x658,Licht_vorne_01,Licht_Vorne_01_CRC,0,8,True,False,1.0,0.0,,32,0,0,0,False
vw_meb.dbc,2,0x65d,ESP_20,BR_QBit_Reifenumfang,51,1,True,False,1.0,0.0,,32,0,0,0,False
vw_meb.dbc,2,0x65d,ESP_20,BR_Reifenumfang,52,12,True,False,1.0,0.0,Unit_MilliMeter,32,0,0,0,False
vw_meb.dbc,2,0x65d,ESP_20,BR_Systemart,12,2,True,False,1.0,0.0,,32,0,0,0,False
vw_meb.dbc,2,0x65d,ESP_20,ESP_20_BZ,8,4,True,False,1.0,0.0,,32,0,0,0,False
vw_meb.dbc,2,0x65d,ESP_20,ESP_20_CRC,0,8,True,False,1.0,0.0,,32,0,0,0,False
vw_meb.dbc,2,0x65d,ESP_20,ESP_Charisma_FahrPr,24,4,True,False,1.0,0.0,,32,0,0,0,False
vw_meb.dbc,2,0x65d,ESP_20,ESP_Charisma_Status,28,2,True,False,1.0,0.0,,32,0,8,0,False
vw_meb.dbc,2,0x65d,ESP_20,ESP_Dachrelingsensor,42,2,True,False,1.0,0.0,,32,0,0,0,False
vw_meb.dbc,2,0x65d,ESP_20,ESP_SpannungsAnf_02,14,2,True,False,1.0,0.0,,32,0,0,0,False
vw_meb.dbc,2,0x65d,ESP_20,ESP_Stoppverbot_Anz_01,34,1,True,False,1.0,0.0,,32,0,0,0,False
vw_meb.dbc,2,0x65d,ESP_20,ESP_Stoppverbot_Anz_02,35,1,True,False,1.0,0.0,,32,0,0,0,False
vw_meb.dbc,2,0x65d,ESP_20,ESP_Stoppverbot_Anz_03,36,1,True,False,1.0,0.0,,32,0,0,0,False
vw_meb.dbc,2,0x65d,ESP_20,ESP_Stoppverbot_Anz_04,37,1,True,False,1.0,0.0,,32,0,0,0,False
vw_meb.dbc,2,0x65d,ESP_20,ESP_Stoppverbot_Anz_05,38,1,True,False,1.0,0.0,,32,0,0,0,False
vw_meb.dbc,2,0x65d,ESP_20,ESP_Stoppverbot_Anz_06,39,1,True,False,1.0,0.0,,32,0,0,0,False
vw_meb.dbc,2,0x65d,ESP_20,ESP_Stoppverbot_Anz_07,40,1,True,False,1.0,0.0,,32,0,0,0,False
vw_meb.dbc,2,0x65d,ESP_20,ESP_Stoppverbot_Anz_08,44,1,True,False,1.0,0.0,,32,0,0,0,False
vw_meb.dbc,2,0x65d,ESP_20,ESP_Stoppverbot_Anz_Std,41,1,True,False,1.0,0.0,,32,0,0,0,False
vw_meb.dbc,2,0x65d,ESP_20,ESP_Wiederstart_Anz_01,30,1,True,False,1.0,0.0,,32,0,0,0,False
vw_meb.dbc,2,0x65d,ESP_20,ESP_Wiederstart_Anz_02,31,1,True,False,1.0,0.0,,32,0,0,0,False
vw_meb.dbc,2,0x65d,ESP_20,ESP_Wiederstart_Anz_03,32,1,True,False,1.0,0.0,,32,0,0,0,False
vw_meb.dbc,2,0x65d,ESP_20,ESP_Wiederstart_Anz_04,33,1,True,False,1.0,0.0,,32,0,0,0,False
vw_meb.dbc,2,0x65d,ESP_20,ESP_Zaehnezahl,16,8,True,False,1.0,0.0,,32,0,0,0,False
vw_meb.dbc,2,0x65d,ESP_20,HDC_Charisma_FahrPr,45,4,True,False,1.0,0.0,,32,0,0,0,False
vw_meb.dbc,2,0x65d,ESP_20,HDC_Charisma_Status,49,2,True,False,1.0,0.0,,32,0,32,0,False
vw_meb.dbc,2,0x65f,Motor_16,MO_Anzeige_Kaltleuchte,30,1,True,False,1.0,0.0,,63,0,0,0,False
vw_meb.dbc,2,0x65f,Motor_16,MO_DPF_reg,16,1,True,False,1.0,0.0,,63,0,0,0,False
vw_meb.dbc,2,0x65f,Motor_16,MO_Energieinhalt_BMS,36,12,True,False,25.0,0.0,Unit_WattHour,63,0,0,0,False
vw_meb.dbc,2,0x65f,Motor_16,MO_Heizstrom_EKAT,17,7,True,False,1.0,0.0,Unit_Amper,63,0,0,0,False
vw_meb.dbc,2,0x65f,Motor_16,MO_Heizstrom_SCR,24,6,True,False,1.0,0.0,Unit_Amper,63,0,0,0,False
vw_meb.dbc,2,0x65f,Motor_16,MO_P_Generator_ungefiltert_Anf,31,1,True,False,1.0,0.0,,63,0,0,0,False
vw_meb.dbc,2,0x65f,Motor_16,MO_SpannungsAnf_02,14,2,True,False,1.0,0.0,,63,0,0,0,False
vw_meb.dbc,2,0x65f,Motor_16,TSK_Fahrzeugmasse_02,48,8,True,False,32.0,0.0,Unit_KiloGram,63,0,0,0,False
vw_meb.dbc,2,0x65f,Motor_16,TSK_Getriebeinfo,34,2,True,False,1.0,0.0,,63,0,0,0,False
vw_meb.dbc,2,0x65f,Motor_16,TSK_Grundmasse,0,8,True,False,32.0,0.0,Unit_KiloGram,63,0,0,0,False
vw_meb.dbc,2,0x65f,Motor_16,TSK_QBit_Fahrzeugmasse,13,1,True,False,1.0,0.0,,63,0,63,0,False
vw_meb.dbc,2,0x65f,Motor_16,TSK_QBit_Steigung,12,1,True,False,1.0,0.0,,63,0,0,0,False
vw_meb.dbc,2,0x65f,Motor_16,TSK_Steigung_02,56,8,True,False,0.8,-101.6,Unit_PerCent,63,0,0,0,False
vw_meb.dbc,2,0x668,Klima_12,FSH_Taster,5,1,True,False,1.0,0.0,,157,0,0,0,False
vw_meb.dbc,2,0x668,Klima_12,HSH_Taster,3,2,True,False,1.0,0.0,,157,0,0,0,False
vw_meb.dbc,2,0x668,Klima_12,KL_Beschlagsgefahr,7,1,True,False,1.0,0.0,,157,0,0,0,False
vw_meb.dbc,2,0x668,Klima_12,KL_Geblspng_Fond_Soll,32,8,True,False,0.05,1.45,Unit_Volt,157,0,0,157,False
vw_meb.dbc,2,0x668,Klima_12,KL_Geblspng_Soll,24,8,True,False,0.05,1.45,Unit_Volt,157,0,0,116,False
vw_meb.dbc,2,0x668,Klima_12,KL_I_Geblaese,40,8,True,False,0.25,0.0,Unit_Amper,157,0,2,2,False
vw_meb.dbc,2,0x668,Klima_12,KL_Kompressorstrom_soll,48,10,True,False,1.0,0.0,,157,0,0,0,False
vw_meb.dbc,2,0x668,Klima_12,KL_LRH_Stufe,1,2,True,False,1.0,0.0,,157,0,0,0,False
vw_meb.dbc,2,0x668,Klima_12,KL_LRH_Taster,0,1,True,False,1.0,0.0,,157,0,0,0,False
vw_meb.dbc,2,0x668,Klima_12,KL_PTC_Verbauinfo,62,2,True,False,1.0,0.0,,157,0,0,0,False
vw_meb.dbc,2,0x668,Klima_12,KL_SIH_Soll_li,8,3,True,False,1.0,0.0,,157,0,0,0,False
vw_meb.dbc,2,0x668,Klima_12,KL_SIH_Soll_re,11,3,True,False,1.0,0.0,,157,0,0,0,False
vw_meb.dbc,2,0x668,Klima_12,KL_SIL_Soll_li,16,3,True,False,1.0,0.0,,157,0,0,0,False
vw_meb.dbc,2,0x668,Klima_12,KL_SIL_Soll_re,19,3,True,False,1.0,0.0,,157,0,0,0,False
vw_meb.dbc,2,0x668,Klima_12,KL_Umluftklappe_Status,58,4,True,False,1.0,0.0,,157,0,0,0,False
vw_meb.dbc,2,0x668,Klima_12,KL_Zuheizer_Freigabe,6,1,True,False,1.0,0.0,,157,0,0,0,False
vw_meb.dbc,2,0x668,Klima_12,KRH_Soll_li,14,2,True,False,1.0,0.0,,157,0,0,0,False
vw_meb.dbc,2,0x668,Klima_12,KRH_Soll_re,22,2,True,False,1.0,0.0,,157,0,0,0,False
vw_meb.dbc,2,0x670,Motor_18,MO1_Freigabe_Info_WFS,12,1,True,False,1.0,0.0,,63,0,0,0,False
vw_meb.dbc,2,0x670,Motor_18,MO1_Freigabe_Verfallsinfo_WFS,42,1,True,False,1.0,0.0,,63,0,0,0,False
vw_meb.dbc,2,0x670,Motor_18,MO1_Sperr_Info_WFS,11,1,True,False,1.0,0.0,,63,0,0,0,False
vw_meb.dbc,2,0x670,Motor_18,MO_ANC_Kennfeld_Anf,6,2,True,False,1.0,0.0,,63,0,0,0,False
vw_meb.dbc,2,0x670,Motor_18,MO_Abstellzeit,32,8,True,False,8.0,0.0,Unit_Minut,63,0,63,63,False
vw_meb.dbc,2,0x670,Motor_18,MO_Abstellzeit_Status,40,2,True,False,1.0,0.0,,63,0,0,0,False
vw_meb.dbc,2,0x670,Motor_18,MO_Anzahl_Abgesch_Zyl,47,3,True,False,1.0,0.0,,63,0,0,0,False
vw_meb.dbc,2,0x670,Motor_18,MO_Bremslicht_Reku,8,1,True,False,1.0,0.0,,63,0,0,0,False
vw_meb.dbc,2,0x670,Motor_18,MO_Drehzahl_Warnung,55,1,True,False,1.0,0.0,,63,0,0,0,False
vw_meb.dbc,2,0x670,Motor_18,MO_EPCL,13,3,True,False,1.0,0.0,,63,0,0,0,False
vw_meb.dbc,2,0x670,Motor_18,MO_Ethanol_BS_Texte,52,3,True,False,1.0,0.0,,63,0,0,0,False
vw_meb.dbc,2,0x670,Motor_18,MO_Fahrzeugtyp,20,3,True,False,1.0,0.0,,63,0,0,0,False
vw_meb.dbc,2,0x670,Motor_18,MO_Fehler_Zylabsch,45,2,True,False,1.0,0.0,,63,0,63,0,False
vw_meb.dbc,2,0x670,Motor_18,MO_Hybrid_StartStopp_LED,43,2,True,False,1.0,0.0,,63,0,0,0,False
vw_meb.dbc,2,0x670,Motor_18,MO_NMAX_Schaltanzeige,23,9,True,False,25.0,0.0,Unit_MinutInver,63,0,0,0,False
vw_meb.dbc,2,0x670,Motor_18,MO_StartStopp_PopUp,9,2,True,False,1.0,0.0,,63,0,63,0,False
vw_meb.dbc,2,0x670,Motor_18,MO_Zylabsch_Texte,50,2,True,False,1.0,0.0,,63,0,0,0,False
vw_meb.dbc,2,0x670,Motor_18,MO_Zylabsch_Texte_02,16,4,True,False,1.0,0.0,,63,0,0,0,False
vw_meb.dbc,2,0x670,Motor_18,MO_max_Ladedruck,0,6,True,False,0.1,0.0,Unit_Bar,63,0,0,0,False
vw_meb.dbc,2,0x670,Motor_18,MO_obere_Drehzahlgrenze,56,8,True,False,50.0,0.0,Unit_MinutInver,63,0,63,63,False
vw_meb.dbc,2,0x6ae,Spiegel_01,SP_ARA_Status,22,1,True,False,1.0,0.0,,31,0,0,0,False
vw_meb.dbc,2,0x6ae,Spiegel_01,SP_Auswahl_li,20,1,True,False,1.0,0.0,,31,0,0,0,False
vw_meb.dbc,2,0x6ae,Spiegel_01,SP_Auswahl_re,21,1,True,False,1.0,0.0,,31,0,0,0,False
vw_meb.dbc,2,0x6ae,Spiegel_01,SP_BT_links,6,1,True,False,1.0,0.0,,31,0,0,0,False
vw_meb.dbc,2,0x6ae,Spiegel_01,SP_BT_oben,4,1,True,False,1.0,0.0,,31,0,0,0,False
vw_meb.dbc,2,0x6ae,Spiegel_01,SP_BT_rechts,7,1,True,False,1.0,0.0,,31,0,0,0,False
vw_meb.dbc,2,0x6ae,Spiegel_01,SP_BT_unten,5,1,True,False,1.0,0.0,,31,0,0,0,False
vw_meb.dbc,2,0x6ae,Spiegel_01,SP_FT_links,2,1,True,False,1.0,0.0,,31,0,0,0,False
vw_meb.dbc,2,0x6ae,Spiegel_01,SP_FT_oben,0,1,True,False,1.0,0.0,,31,0,0,0,False
vw_meb.dbc,2,0x6ae,Spiegel_01,SP_FT_rechts,3,1,True,False,1.0,0.0,,31,0,0,0,False
vw_meb.dbc,2,0x6ae,Spiegel_01,SP_FT_unten,1,1,True,False,1.0,0.0,,31,0,0,0,False
vw_meb.dbc,2,0x6ae,Spiegel_01,SP_Hzg_Taster,12,1,True,False,1.0,0.0,,31,0,0,0,False
vw_meb.dbc,2,0x6ae,Spiegel_01,SP_S_Klappen,23,1,True,False,1.0,0.0,,31,0,0,0,False
vw_meb.dbc,2,0x6ae,Spiegel_01,SP_S_links,18,1,True,False,1.0,0.0,,31,0,0,0,False
vw_meb.dbc,2,0x6ae,Spiegel_01,SP_S_oben,16,1,True,False,1.0,0.0,,31,0,0,0,False
vw_meb.dbc,2,0x6ae,Spiegel_01,SP_S_rechts,19,1,True,False,1.0,0.0,,31,0,0,0,False
vw_meb.dbc,2,0x6ae,Spiegel_01,SP_S_unten,17,1,True,False,1.0,0.0,,31,0,0,0,False
vw_meb.dbc,2,0x6ae,Spiegel_01,SP_Verstellschalter_Fehler,24,1,True,False,1.0,0.0,,31,0,31,0,False
vw_meb.dbc,2,0x6ae,Spiegel_01,SP_abklappen,8,1,True,False,1.0,0.0,,31,0,0,0,False
vw_meb.dbc,2,0x6ae,Spiegel_01,SP_anklappen,9,1,True,False,1.0,0.0,,31,0,0,0,False
vw_meb.dbc,2,0x6ae,Spiegel_01,SP_normieren,10,1,True,False,1.0,0.0,,31,0,0,0,False
vw_meb.dbc,2,0x6af,Rear_View_01,RV_Calib_Fehler,12,1,True,False,1.0,0.0,,11262,0,0,0,False
vw_meb.dbc,2,0x6af,Rear_View_01,RV_Dark_Screen,1,1,True,False,1.0,0.0,,11262,0,0,0,False
vw_meb.dbc,2,0x6af,Rear_View_01,RV_Farbe,32,7,True,False,1.0,0.0,Unit_PerCent,11262,0,0,0,False
vw_meb.dbc,2,0x6af,Rear_View_01,RV_GL_LWS_Fehler,15,1,True,False,1.0,0.0,,11262,0,0,0,False
vw_meb.dbc,2,0x6af,Rear_View_01,RV_GL_Trailer_connect,13,1,True,False,1.0,0.0,,11262,0,0,0,False
vw_meb.dbc,2,0x6af,Rear_View_01,RV_GL_Trunk_open,14,1,True,False,1.0,0.0,,11262,0,0,0,False
vw_meb.dbc,2,0x6af,Rear_View_01,RV_GL_side,4,2,True,False,1.0,0.0,,11262,0,0,0,False
vw_meb.dbc,2,0x6af,Rear_View_01,RV_HMI_Mode,2,2,True,False,1.0,0.0,,11262,0,0,0,False
vw_meb.dbc,2,0x6af,Rear_View_01,RV_Helligkeit,16,7,True,False,1.0,0.0,Unit_PerCent,11262,0,0,0,False
vw_meb.dbc,2,0x6af,Rear_View_01,RV_Kontrast,24,7,True,False,1.0,0.0,Unit_PerCent,11262,0,0,0,False
vw_meb.dbc,2,0x6af,Rear_View_01,RV_Menu_Item,9,2,True,False,1.0,0.0,,11262,0,0,0,False
vw_meb.dbc,2,0x6af,Rear_View_01,RV_Reinigung_Anf,7,1,True,False,1.0,0.0,,11262,0,0,0,False
vw_meb.dbc,2,0x6af,Rear_View_01,RV_Settings_enabled,8,1,True,False,1.0,0.0,,11262,0,0,0,False
vw_meb.dbc,2,0x6af,Rear_View_01,RV_System_aktiv,6,1,True,False,1.0,0.0,,11262,0,0,0,False
vw_meb.dbc,2,0x6af,Rear_View_01,RV_Video_on,0,1,True,False,1.0,0.0,,11262,0,0,0,False
vw_meb.dbc,2,0x6af,Rear_View_01,SV_Video_on,11,1,True,False,1.0,0.0,,11262,0,0,0,False
vw_meb.dbc,2,0x6af,Rear_View_01,ZFAS_Umfeldbeleuchtung_Anf,23,1,True,False,1.0,0.0,,11262,0,0,0,False
vw_meb.dbc,2,0x6b2,Diagnose_01,DGN_Verlernzaehler,0,8,True,False,1.0,0.0,,32,0,0,0,False
vw_meb.dbc,2,0x6b2,Diagnose_01,KBI_Kilometerstand,8,20,True,False,1.0,0.0,Unit_KiloMeter,32,0,0,0,False
vw_meb.dbc,2,0x6b2,Diagnose_01,Kombi_02_alt,62,1,True,False,1.0,0.0,,32,0,0,0,False
vw_meb.dbc,2,0x6b2,Diagnose_01,UH_Jahr,28,7,True,False,1.0,2000.0,Unit_Year,32,0,0,0,False
vw_meb.dbc,2,0x6b2,Diagnose_01,UH_Minute,49,6,True,False,1.0,0.0,Unit_Minut,32,0,0,0,False
vw_meb.dbc,2,0x6b2,Diagnose_01,UH_Monat,35,4,True,False,1.0,0.0,Unit_Month,32,0,0,0,False
vw_meb.dbc,2,0x6b2,Diagnose_01,UH_Sekunde,55,6,True,False,1.0,0.0,Unit_Secon,32,0,0,0,False
vw_meb.dbc,2,0x6b2,Diagnose_01,UH_Stunde,44,5,True,False,1.0,0.0,Unit_Hours,32,0,0,0,False
vw_meb.dbc,2,0x6b2,Diagnose_01,UH_Tag,39,5,True,False,1.0,0.0,Unit_Day,32,0,0,0,False
vw_meb.dbc,2,0x6b2,Diagnose_01,Uhrzeit_01_alt,63,1,True,False,1.0,0.0,,32,0,0,0,False
vw_meb.dbc,2,0x6b4,VIN_01,KS_Geheimnis_1,8,8,True,False,1.0,0.0,,79,0,0,0,False
vw_meb.dbc,2,0x6b4,VIN_01,KS_Geheimnis_2,16,8,True,False,1.0,0.0,,79,0,0,0,False
vw_meb.dbc,2,0x6b4,VIN_01,KS_Geheimnis_3,24,8,True,False,1.0,0.0,,79,0,0,0,False
vw_meb.dbc,2,0x6b4,VIN_01,KS_Geheimnis_4,32,8,True,False,1.0,0.0,,79,0,0,0,False
vw_meb.dbc,2,0x6b4,VIN_01,VIN_01_MUX,0,2,True,False,1.0,0.0,,159,0,0,0,False
vw_meb.dbc,2,0x6b4,VIN_01,VIN_1,40,8,True,False,1.0,0.0,,79,0,0,0,False
vw_meb.dbc,2,0x6b4,VIN_01,VIN_10,56,8,True,False,1.0,0.0,,40,0,0,0,False
vw_meb.dbc,2,0x6b4,VIN_01,VIN_11,8,8,True,False,1.0,0.0,,40,0,0,0,False
vw_meb.dbc,2,0x6b4,VIN_01,VIN_12,16,8,True,False,1.0,0.0,,40,0,0,0,False
vw_meb.dbc,2,0x6b4,VIN_01,VIN_13,24,8,True,False,1.0,0.0,,40,0,0,0,False
vw_meb.dbc,2,0x6b4,VIN_01,VIN_14,32,8,True,False,1.0,0.0,,40,0,0,0,False
vw_meb.dbc,2,0x6b4,VIN_01,VIN_15,40,8,True,False,1.0,0.0,,40,0,0,0,False
vw_meb.dbc,2,0x6b4,VIN_01,VIN_16,48,8,True,False,1.0,0.0,,40,0,0,0,False
vw_meb.dbc,2,0x6b4,VIN_01,VIN_17,56,8,True,False,1.0,0.0,,40,0,0,0,False
vw_meb.dbc,2,0x6b4,VIN_01,VIN_2,48,8,True,False,1.0,0.0,,79,0,0,0,False
vw_meb.dbc,2,0x6b4,VIN_01,VIN_3,56,8,True,False,1.0,0.0,,79,0,0,0,False
vw_meb.dbc,2,0x6b4,VIN_01,VIN_4,8,8,True,False,1.0,0.0,,40,0,0,0,False
vw_meb.dbc,2,0x6b4,VIN_01,VIN_5,16,8,True,False,1.0,0.0,,40,0,0,0,False
vw_meb.dbc,2,0x6b4,VIN_01,VIN_6,24,8,True,False,1.0,0.0,,40,0,0,0,False
vw_meb.dbc,2,0x6b4,VIN_01,VIN_7,32,8,True,False,1.0,0.0,,40,0,0,0,False
vw_meb.dbc,2,0x6b4,VIN_01,VIN_8,40,8,True,False,1.0,0.0,,40,0,0,0,False
vw_meb.dbc,2,0x6b4,VIN_01,VIN_9,48,8,True,False,1.0,0.0,,40,0,0,0,False
vw_meb.dbc,2,0x86,LWI_01,CHECKSUM,0,8,True,False,1.0,0.0,,6292,0,0,0,False
vw_meb.dbc,2,0x86,LWI_01,COUNTER,8,4,True,False,1.0,0.0,,6292,0,0,0,False
vw_meb.dbc,2,0x86,LWI_01,LWI_Lenkradw_Geschw,31,9,True,False,5.0,0.0,Unit_DegreOfArcPerSecon,6292,0,0,0,False
vw_meb.dbc,2,0x86,LWI_01,LWI_Lenkradwinkel,16,13,True,False,0.0843,0.0,Unit_DegreOfArc,6292,0,0,0,False
vw_meb.dbc,2,0x86,LWI_01,LWI_MFL_Abschaltung,14,1,True,False,1.0,0.0,,6292,0,0,0,False
vw_meb.dbc,2,0x86,LWI_01,LWI_QBit_Lenkradwinkel,15,1,True,False,1.0,0.0,,6292,0,0,0,False
vw_meb.dbc,2,0x86,LWI_01,LWI_QBit_Sub_Daten,13,1,True,False,1.0,0.0,,6292,0,0,0,False
vw_meb.dbc,2,0x86,LWI_01,LWI_Sensorstatus,12,1,True,False,1.0,0.0,,6292,0,0,0,False
vw_meb.dbc,2,0x86,LWI_01,LWI_Sub_Daten,40,16,True,False,1.0,0.0,,6292,0,0,0,False
vw_meb.dbc,2,0x86,LWI_01,LWI_VZ_Lenkradw_Geschw,30,1,True,False,1.0,0.0,,6292,0,0,0,False
vw_meb.dbc,2,0x86,LWI_01,LWI_VZ_Lenkradwinkel,29,1,True,False,1.0,0.0,,6292,0,0,0,False
vw_meb.dbc,2,0x9f,LH_EPS_03,CHECKSUM,0,8,True,False,1.0,0.0,,3147,0,0,0,False
vw_meb.dbc,2,0x9f,LH_EPS_03,COUNTER,8,4,True,False,1.0,0.0,,3147,0,0,0,False
vw_meb.dbc,2,0x9f,LH_EPS_03,EPS_BLW_QBit,30,1,True,False,1.0,0.0,,3147,0,0,0,False
vw_meb.dbc,2,0x9f,LH_EPS_03,EPS_Berechneter_LW,16,12,True,False,0.15,0.0,Unit_DegreOfArc,3147,0,0,0,False
vw_meb.dbc,2,0x9f,LH_EPS_03,EPS_DSR_Status,12,4,True,False,1.0,0.0,,3147,0,0,0,False
vw_meb.dbc,2,0x9f,LH_EPS_03,EPS_HCA_Status,32,4,True,False,1.0,0.0,,3147,0,0,0,False
vw_meb.dbc,2,0x9f,LH_EPS_03,EPS_Lenkmoment,40,10,True,False,1.0,0.0,Unit_centiNewtoMeter,3147,0,0,1278,False
vw_meb.dbc,2,0x9f,LH_EPS_03,EPS_Lenkmoment_QBit,54,1,True,False,1.0,0.0,,3147,0,0,0,False
vw_meb.dbc,2,0x9f,LH_EPS_03,EPS_Lenkungstyp,60,4,True,False,1.0,0.0,,3147,0,0,0,False
vw_meb.dbc,2,0x9f,LH_EPS_03,EPS_VZ_BLW,31,1,True,False,1.0,0.0,,3147,0,0,0,False
vw_meb.dbc,2,0x9f,LH_EPS_03,EPS_VZ_Lenkmoment,55,1,True,False,1.0,0.0,,3147,0,0,0,False
vw_meb.dbc,2,0xad,Getriebe_11,CHECKSUM,0,8,True,False,1.0,0.0,,3148,0,0,0,False
vw_meb.dbc,2,0xad,Getriebe_11,COUNTER,8,4,True,False,1.0,0.0,,3148,0,0,0,False
vw_meb.dbc,2,0xad,Getriebe_11,GE_Fahrstufe,42,4,True,False,1.0,0.0,,3148,0,0,0,False
vw_meb.dbc,2,0xad,Getriebe_11,GE_Freig_MMom_Vorhalt,58,1,True,False,1.0,0.0,,3148,0,0,0,False
vw_meb.dbc,2,0xad,Getriebe_11,GE_MMom_Soll_02,12,10,True,False,1.0,-509.0,,3148,0,0,0,False
vw_meb.dbc,2,0xad,Getriebe_11,GE_MMom_Status,56,2,True,False,1.0,0.0,,3148,0,0,0,False
vw_meb.dbc,2,0xad,Getriebe_11,GE_MMom_Status_02,50,3,True,False,1.0,0.0,,3148,0,0,0,False
vw_meb.dbc,2,0xad,Getriebe_11,GE_MMom_Vorhalt_02,22,10,True,False,1.0,-509.0,,3148,0,0,0,False
vw_meb.dbc,2,0xad,Getriebe_11,GE_Schaltablauf,47,2,True,False,1.0,0.0,,3148,0,0,0,False
vw_meb.dbc,2,0xad,Getriebe_11,GE_Status_Kraftschluss,53,3,True,False,1.0,0.0,,3148,0,0,0,False
vw_meb.dbc,2,0xad,Getriebe_11,GE_Uefkt,32,10,True,False,0.1,0.0,,3148,0,0,0,False
vw_meb.dbc,2,0xad,Getriebe_11,GE_Uefkt_unplausibel,49,1,True,False,1.0,0.0,,3148,0,0,0,False
vw_meb.dbc,2,0xad,Getriebe_11,GE_Verbot_Ausblendung,59,1,True,False,1.0,0.0,,3148,0,0,0,False
vw_meb.dbc,2,0xad,Getriebe_11,GE_Zielgang,60,4,True,False,1.0,0.0,,3148,0,0,0,False
vw_meb.dbc,2,0xad,Getriebe_11,GE_reserv_Fahrstufe,46,1,True,False,1.0,0.0,,3148,0,0,0,False
vw_meb.dbc,2,0xb8,EM1_HYB_13,EM1_AR_aktiv,14,1,True,False,1.0,0.0,,63,0,63,0,False
vw_meb.dbc,2,0xb8,EM1_HYB_13,EM1_Abregelung_Temperatur,36,1,True,False,1.0,0.0,,63,0,63,0,False
vw_meb.dbc,2,0xb8,EM1_HYB_13,EM1_AnlernenElMotor_Anf,43,1,True,False,1.0,0.0,,63,0,0,0,False
vw_meb.dbc,2,0xb8,EM1_HYB_13,EM1_Eta_Sys,15,9,True,False,0.2,0.0,Unit_PerCent,63,0,0,0,False
vw_meb.dbc,2,0xb8,EM1_HYB_13,EM1_Fehler_ElAntriebFreilauf_Anf,35,1,True,False,1.0,0.0,,63,0,63,0,False
vw_meb.dbc,2,0xb8,EM1_HYB_13,EM1_Freigabe_Info_WFS,12,1,True,False,1.0,0.0,,63,0,0,0,False
vw_meb.dbc,2,0xb8,EM1_HYB_13,EM1_Freigabe_Verfallsinfo_WFS,55,1,True,False,1.0,0.0,,63,0,0,0,False
vw_meb.dbc,2,0xb8,EM1_HYB_13,EM1_HV_betriebsbereit,58,1,True,False,1.0,0.0,,63,0,63,0,False
vw_meb.dbc,2,0xb8,EM1_HYB_13,EM1_IstStrom,24,11,True,False,1.0,-1023.0,Unit_Amper,63,0,0,0,False
vw_meb.dbc,2,0xb8,EM1_HYB_13,EM1_Moment_HVVerbraucher,44,10,True,False,1.0,-511.0,Unit_NewtoMeter,63,0,0,0,False
vw_meb.dbc,2,0xb8,EM1_HYB_13,EM1_Parken_WFS_Status,56,2,True,False,1.0,0.0,,63,0,0,0,False
vw_meb.dbc,2,0xb8,EM1_HYB_13,EM1_Sperr_Info_WFS,13,1,True,False,1.0,0.0,,63,0,0,0,False
vw_meb.dbc,2,0xc0,EM1_01,Schubbetrieb,79,1,False,False,1.0,0.0,,3147,0,0,0,False
vw_meb.dbc,2,0xdb,AWV_03,CHECKSUM,0,8,True,False,1.0,0.0,,11262,0,0,0,False
vw_meb.dbc,2,0xdb,AWV_03,COUNTER,8,4,True,False,1.0,0.0,,11262,0,0,0,False
vw_meb.dbc,2,0xdb,AWV_03,FCW_Active,64,1,False,False,1.0,0.0,,11262,0,0,0,False
vw_meb.dbc,2,0xdb,AWV_03,Pre_Brake_Fill,76,1,False,False,1.0,0.0,,11262,0,0,0,False
vw_meb.dbc,2,0xfc,ESC_51,AEB_Breaking_01,24,8,True,False,1.0,0.0,,3145,0,0,0,False
vw_meb.dbc,2,0xfc,ESC_51,AEB_Breaking_02,32,8,True,False,1.0,0.0,,3145,0,0,0,False
vw_meb.dbc,2,0xfc,ESC_51,Accelerator_Higher_Speed,40,1,False,False,1.0,0.0,,3145,0,0,0,False
vw_meb.dbc,2,0xfc,ESC_51,Brake_Pressure,42,9,True,False,0.195,0.0,Unit_Percent,3145,0,0,0,False
vw_meb.dbc,2,0xfc,ESC_51,CHECKSUM,0,8,True,False,1.0,0.0,,3145,0,0,0,False
vw_meb.dbc,2,0xfc,ESC_51,COUNTER,8,4,True,False,1.0,0.0,,3145,0,0,0,False
vw_meb.dbc,2,0xfc,ESC_51,HL_Brake_Pressure,152,8,True,False,1.0,0.0,,3145,0,0,0,False
vw_meb.dbc,2,0xfc,ESC_51,HL_Radgeschw,64,16,True,False,0.0075,0.0,Unit_KilometerPerHour,3145,0,0,0,False
vw_meb.dbc,2,0xfc,ESC_51,HR_Brake_Pressure,160,8,True,False,1.0,0.0,,3145,0,0,0,False
vw_meb.dbc,2,0xfc,ESC_51,HR_Radgeschw,80,16,True,False,0.0075,0.0,Unit_KilometerPerHour,3145,0,0,0,False
vw_meb.dbc,2,0xfc,ESC_51,Steering_Wheel_CCW,192,8,True,False,1.67,0.0,,3145,0,0,0,False
vw_meb.dbc,2,0xfc,ESC_51,Steering_Wheel_CW,184,8,True,False,1.67,0.0,,3145,0,0,0,False
vw_meb.dbc,2,0xfc,ESC_51,VL_Brake_Pressure,168,8,True,False,1.0,0.0,,3145,0,0,0,False
vw_meb.dbc,2,0xfc,ESC_51,VL_Radgeschw,96,16,True,False,0.0075,0.0,Unit_KilometerPerHour,3145,0,0,0,False
vw_meb.dbc,2,0xfc,ESC_51,VR_Brake_Pressure,176,8,True,False,1.0,0.0,,3145,0,0,0,False
vw_meb.dbc,2,0xfc,ESC_51,VR_Radgeschw,112,16,True,False,0.0075,0.0,Unit_KilometerPerHour,3145,0,0,0,False
vw_meb.dbc,2,0xfd,ESP_21,ABS_Bremsung,56,1,True,False,1.0,0.0,,1573,0,0,0,False
vw_meb.dbc,2,0xfd,ESP_21,ASR_Anf,57,1,True,False,1.0,0.0,,1573,0,0,0,False
vw_meb.dbc,2,0xfd,ESP_21,ASR_Schalteingriff,51,2,True,False,1.0,0.0,,1573,0,0,0,False
vw_meb.dbc,2,0xfd,ESP_21,ASR_Tastung_passiv,48,1,True,False,1.0,0.0,,1573,0,0,0,False
vw_meb.dbc,2,0xfd,ESP_21,BR_Eingriffsmoment,12,10,True,False,1.0,-509.0,,1573,0,0,0,False
vw_meb.dbc,2,0xfd,ESP_21,CHECKSUM,0,8,True,False,1.0,0.0,,1573,0,0,0,False
vw_meb.dbc,2,0xfd,ESP_21,COUNTER,8,4,True,False,1.0,0.0,,1573,0,0,0,False
vw_meb.dbc,2,0xfd,ESP_21,EBV_Eingriff,59,1,True,False,1.0,0.0,,1573,0,0,0,False
vw_meb.dbc,2,0xfd,ESP_21,EDS_Eingriff,60,1,True,False,1.0,0.0,,1573,0,0,0,False
vw_meb.dbc,2,0xfd,ESP_21,ESC_Neutralschaltung,63,1,True,False,1.0,0.0,,1573,0,0,0,False
vw_meb.dbc,2,0xfd,ESP_21,ESC_v_Signal_Qualifier_High_Low,24,3,True,False,1.0,0.0,,1573,0,0,0,False
vw_meb.dbc,2,0xfd,ESP_21,ESP_ASP,62,1,True,False,1.0,0.0,,1573,0,0,0,False
vw_meb.dbc,2,0xfd,ESP_21,ESP_Diagnose,23,1,True,False,1.0,0.0,,1573,0,0,0,False
vw_meb.dbc,2,0xfd,ESP_21,ESP_Eingriff,61,1,True,False,1.0,0.0,,1573,0,0,0,False
vw_meb.dbc,2,0xfd,ESP_21,ESP_QBit_v_Signal,55,1,True,False,1.0,0.0,,1573,0,0,0,False
vw_meb.dbc,2,0xfd,ESP_21,ESP_Systemstatus,50,1,True,False,1.0,0.0,,1573,0,0,0,False
vw_meb.dbc,2,0xfd,ESP_21,ESP_Tastung_passiv,49,1,True,False,1.0,0.0,,1573,0,0,0,False
vw_meb.dbc,2,0xfd,ESP_21,ESP_Vorsteuerung,28,1,True,False,1.0,0.0,,1573,0,0,0,False
vw_meb.dbc,2,0xfd,ESP_21,ESP_v_Signal,32,16,True,False,0.01,0.0,Unit_KiloMeterPerHour,1573,0,0,0,False
vw_meb.dbc,2,0xfd,ESP_21,MSR_Anf,58,1,True,False,1.0,0.0,,1573,0,0,0,False
vw_meb.dbc,2,0xfd,ESP_21,OBD_QBit_Schlechtweg,31,1,True,False,1.0,0.0,,1573,0,1573,0,False
vw_meb.dbc,2,0xfd,ESP_21,OBD_Schlechtweg,30,1,True,False,1.0,0.0,,1573,0,0,0,False
vw_meb_2024.dbc,0,0x102,ESC_50,Brake_01,90,1,False,False,1.0,0.0,,583113,0,0,0,False
vw_meb_2024.dbc,0,0x102,ESC_50,Brake_02,125,1,False,False,1.0,0.0,,583113,0,0,0,False
vw_meb_2024.dbc,0,0x102,ESC_50,Brake_Power,80,8,True,False,1.0,-100.0,,583113,0,0,112,False
vw_meb_2024.dbc,0,0x102,ESC_50,Brake_Power_02,226,8,True,False,1.0,-100.0,,583113,0,0,1965,False
vw_meb_2024.dbc,0,0x102,ESC_50,CHECKSUM,0,8,True,False,1.0,0.0,,583113,0,0,0,False
vw_meb_2024.dbc,0,0x102,ESC_50,COUNTER,8,4,True,False,1.0,0.0,,583113,0,0,0,False
vw_meb_2024.dbc,0,0x102,ESC_50,EPB_Status,317,3,True,False,1.0,0.0,,583113,0,0,0,False
vw_meb_2024.dbc,0,0x102,ESC_50,Lateral_Accel,16,8,True,False,0.15,-18.9,Unit_MeterPerSquareSecond,583113,0,0,150881,False
vw_meb_2024.dbc,0,0x102,ESC_50,Longitudinal_Accel,24,10,True,False,0.03125,-16.0,Unit_MeterPerSquareSecond,583113,0,0,344479,False
vw_meb_2024.dbc,0,0x102,ESC_50,Longitudinal_Speed,181,10,True,False,0.25,0.0,Unit_KilometerPerHour,583113,0,0,102,True
vw_meb_2024.dbc,0,0x102,ESC_50,Motion_State,171,2,False,False,1.0,0.0,,583113,0,0,80497,False
vw_meb_2024.dbc,0,0x102,ESC_50,NEW_SIGNAL_1,248,4,True,False,1.0,0.0,,583113,0,0,0,False
vw_meb_2024.dbc,0,0x102,ESC_50,NEW_SIGNAL_2,236,9,True,False,1.0,0.0,,583113,0,0,583113,True
vw_meb_2024.dbc,0,0x102,ESC_50,NEW_SIGNAL_3,180,1,False,False,1.0,0.0,,583113,0,0,0,False
vw_meb_2024.dbc,0,0x102,ESC_50,Regen_Braking,123,1,True,False,1.0,0.0,,583113,0,0,0,False
vw_meb_2024.dbc,0,0x102,ESC_50,Yaw_Rate,40,14,True,False,0.01,0.0,Unit_DegreePerSecond,583113,0,0,0,True
vw_meb_2024.dbc,0,0x102,ESC_50,Yaw_Rate_Sign,54,1,False,False,1.0,0.0,,583113,0,0,0,False
vw_meb_2024.dbc,0,0x105,VMM_01,Brake,53,7,True,False,1.0,0.0,,583113,0,0,85364,False
vw_meb_2024.dbc,0,0x105,VMM_01,CNT,8,4,True,False,1.0,0.0,,583113,0,0,0,False
vw_meb_2024.dbc,0,0x105,VMM_01,CRC,0,8,True,False,1.0,0.0,,583113,0,0,0,False
vw_meb_2024.dbc,0,0x105,VMM_01,NEW_SIGNAL_1,40,2,True,False,1.0,0.0,,583113,0,0,0,False
vw_meb_2024.dbc,0,0x105,VMM_01,NEW_SIGNAL_3,32,1,False,False,1.0,0.0,,583113,0,0,0,False
vw_meb_2024.dbc,0,0x105,VMM_01,NEW_SIGNAL_4,20,1,False,False,1.0,0.0,,583113,0,0,0,False
vw_meb_2024.dbc,0,0x105,VMM_01,NEW_SIGNAL_5,13,1,False,False,1.0,0.0,,583113,0,0,0,False
vw_meb_2024.dbc,0,0x10b,Motor_51,Accel_Low_Pressed_Support,21,1,True,False,1.0,0.0,,582958,582958,0,0,False
vw_meb_2024.dbc,0,0x10b,Motor_51,Accel_Pedal_Pressure,12,9,True,False,0.4,0.0,,582958,582958,0,0,False
vw_meb_2024.dbc,0,0x10b,Motor_51,CHECKSUM,0,8,True,False,1.0,0.0,,582958,582958,0,0,False
vw_meb_2024.dbc,0,0x10b,Motor_51,COUNTER,8,4,True,False,1.0,0.0,,582958,582958,0,0,False
vw_meb_2024.dbc,0,0x10b,Motor_51,TSK_Limiter_ausgewaehlt,95,1,True,False,1.0,0.0,,582958,582958,0,0,False
vw_meb_2024.dbc,0,0x10b,Motor_51,TSK_Status,88,3,True,False,1.0,0.0,,582958,582958,36,0,False
vw_meb_2024.dbc,0,0x116,ESP_10,ESP_10_BZ,8,4,True,False,1.0,0.0,,583116,0,0,0,False
vw_meb_2024.dbc,0,0x116,ESP_10,ESP_10_CRC,0,8,True,False,1.0,0.0,,583116,0,0,0,False
vw_meb_2024.dbc,0,0x116,ESP_10,ESP_HL_Fahrtrichtung,60,2,True,False,1.0,0.0,,583116,0,18,0,False
vw_meb_2024.dbc,0,0x116,ESP_10,ESP_HR_Fahrtrichtung,62,2,True,False,1.0,0.0,,583116,0,18,0,False
vw_meb_2024.dbc,0,0x116,ESP_10,ESP_QBit_Wegimpuls_HL,14,1,True,False,1.0,0.0,,583116,0,18,0,False
vw_meb_2024.dbc,0,0x116,ESP_10,ESP_QBit_Wegimpuls_HR,15,1,True,False,1.0,0.0,,583116,0,18,0,False
vw_meb_2024.dbc,0,0x116,ESP_10,ESP_QBit_Wegimpuls_VL,12,1,True,False,1.0,0.0,,583116,0,18,0,False
vw_meb_2024.dbc,0,0x116,ESP_10,ESP_QBit_Wegimpuls_VR,13,1,True,False,1.0,0.0,,583116,0,18,0,False
vw_meb_2024.dbc,0,0x116,ESP_10,ESP_VL_Fahrtrichtung,56,2,True,False,1.0,0.0,,583116,0,18,0,False
vw_meb_2024.dbc,0,0x116,ESP_10,ESP_VR_Fahrtrichtung,58,2,True,False,1.0,0.0,,583116,0,18,0,False
vw_meb_2024.dbc,0,0x116,ESP_10,ESP_Wegimpuls_HL,36,10,True,False,1.0,0.0,,583116,0,18,18,True
vw_meb_2024.dbc,0,0x116,ESP_10,ESP_Wegimpuls_HR,46,10,True,False,1.0,0.0,,583116,0,18,18,True
vw_meb_2024.dbc,0,0x116,ESP_10,ESP_Wegimpuls_VL,16,10,True,False,1.0,0.0,,583116,0,18,18,True
vw_meb_2024.dbc,0,0x116,ESP_10,ESP_Wegimpuls_VR,26,10,True,False,1.0,0.0,,583116,0,18,18,True
vw_meb_2024.dbc,0,0x11d,LH_EPS_02,EPS_02_BZ,8,4,True,False,1.0,0.0,,583145,0,0,0,False
vw_meb_2024.dbc,0,0x11d,LH_EPS_02,EPS_02_CRC,0,8,True,False,1.0,0.0,,583145,0,0,0,False
vw_meb_2024.dbc,0,0x11d,LH_EPS_02,EPS_Drehzahlreserve,32,7,True,False,10.0,0.0,Unit_DegreOfArcPerSecon,583145,0,0,583145,False
vw_meb_2024.dbc,0,0x11d,LH_EPS_02,EPS_Lastinfo,16,8,True,False,1.0,0.0,Unit_Amper,583145,0,0,0,False
vw_meb_2024.dbc,0,0x11d,LH_EPS_02,EPS_Leistungsanforderung,40,1,True,False,1.0,0.0,,583145,0,0,0,False
vw_meb_2024.dbc,0,0x11d,LH_EPS_02,EPS_Notlauf,12,4,True,False,1.0,0.0,,583145,0,0,0,False
vw_meb_2024.dbc,0,0x11d,LH_EPS_02,EPS_Unterstuetzungsleistung,24,8,True,False,0.5,0.0,Unit_PerCent,583145,0,0,0,False
vw_meb_2024.dbc,0,0x11d,LH_EPS_02,EPS_VZ_Drehzahlreserve,39,1,True,False,1.0,0.0,,583145,0,0,0,False
vw_meb_2024.dbc,0,0x126,HCA_01,CHECKSUM,0,8,True,False,1.0,0.0,,419,0,0,0,False
vw_meb_2024.dbc,0,0x126,HCA_01,COUNTER,8,4,True,False,1.0,0.0,,419,0,0,0,False
vw_meb_2024.dbc,0,0x126,HCA_01,EA_ACC_Sollstatus,25,2,True,False,1.0,0.0,,419,0,0,0,False
vw_meb_2024.dbc,0,0x126,HCA_01,EA_ACC_Wunschgeschwindigkeit,41,10,True,False,0.32,0.0,Unit_KiloMeterPerHour,419,0,0,0,False
vw_meb_2024.dbc,0,0x126,HCA_01,EA_Ruckfreigabe,40,1,True,False,1.0,0.0,,419,0,0,0,False
vw_meb_2024.dbc,0,0x126,HCA_01,EA_Ruckprofil,27,3,True,False,1.0,0.0,,419,0,0,0,False
vw_meb_2024.dbc,0,0x126,HCA_01,HCA_01_Available,32,1,True,False,1.0,0.0,,419,0,0,0,False
vw_meb_2024.dbc,0,0x126,HCA_01,HCA_01_Enable,30,1,True,False,1.0,0.0,,419,0,0,0,False
vw_meb_2024.dbc,0,0x126,HCA_01,HCA_01_LM_OffSign,31,1,True,False,1.0,0.0,,419,0,0,0,False
vw_meb_2024.dbc,0,0x126,HCA_01,HCA_01_LM_Offset,16,9,True,False,1.0,0.0,Unit_centiNewtoMeter,419,0,0,0,False
vw_meb_2024.dbc,0,0x126,HCA_01,HCA_01_Request,34,1,True,False,1.0,0.0,,419,0,0,0,False
vw_meb_2024.dbc,0,0x126,HCA_01,HCA_01_Standby,33,1,True,False,1.0,0.0,,419,0,0,0,False
vw_meb_2024.dbc,0,0x126,HCA_01,HCA_01_Vib_Amp,36,4,True,False,0.2,0.0,Unit_NewtoMeter,419,0,0,0,False
vw_meb_2024.dbc,0,0x126,HCA_01,HCA_01_Vib_Freq,12,4,True,False,1.0,15.0,Unit_Hertz,419,0,0,0,False
vw_meb_2024.dbc,0,0x12b,GRA_ACC_01,CHECKSUM,0,8,True,False,1.0,0.0,,387468,0,0,0,False
vw_meb_2024.dbc,0,0x12b,GRA_ACC_01,COUNTER,8,4,True,False,1.0,0.0,,387468,0,0,0,False
vw_meb_2024.dbc,0,0x12b,GRA_ACC_01,GRA_Abbrechen,13,1,True,False,1.0,0.0,,387468,0,0,0,False
vw_meb_2024.dbc,0,0x12b,GRA_ACC_01,GRA_ButtonTypeInfo,27,3,True,False,1.0,0.0,,387468,0,0,0,False
vw_meb_2024.dbc,0,0x12b,GRA_ACC_01,GRA_Codierung,22,2,True,False,1.0,0.0,,387468,0,0,0,False
vw_meb_2024.dbc,0,0x12b,GRA_ACC_01,GRA_Fehler,24,1,True,False,1.0,0.0,,387468,0,387468,0,False
vw_meb_2024.dbc,0,0x12b,GRA_ACC_01,GRA_Hauptschalter,12,1,True,False,1.0,0.0,,387468,0,0,0,False
vw_meb_2024.dbc,0,0x12b,GRA_ACC_01,GRA_LIM_Taste_verfuegbar,25,1,True,False,1.0,0.0,,387468,0,0,0,False
vw_meb_2024.dbc,0,0x12b,GRA_ACC_01,GRA_Limiter,15,1,True,False,1.0,0.0,,387468,0,0,0,False
vw_meb_2024.dbc,0,0x12b,GRA_ACC_01,GRA_Tip_Hoch,17,1,True,False,1.0,0.0,,387468,0,0,0,False
vw_meb_2024.dbc,0,0x12b,GRA_ACC_01,GRA_Tip_Runter,18,1,True,False,1.0,0.0,,387468,0,0,0,False
vw_meb_2024.dbc,0,0x12b,GRA_ACC_01,GRA_Tip_Setzen,16,1,True,False,1.0,0.0,,387468,0,0,0,False
vw_meb_2024.dbc,0,0x12b,GRA_ACC_01,GRA_Tip_Stufe_2,26,1,True,False,1.0,0.0,,387468,0,0,0,False
vw_meb_2024.dbc,0,0x12b,GRA_ACC_01,GRA_Tip_Wiederaufnahme,19,1,True,False,1.0,0.0,,387468,0,0,0,False
vw_meb_2024.dbc,0,0x12b,GRA_ACC_01,GRA_TravelAssist,30,1,True,False,1.0,0.0,,387468,0,0,0,False
vw_meb_2024.dbc,0,0x12b,GRA_ACC_01,GRA_Typ_Hauptschalter,14,1,True,False,1.0,0.0,,387468,0,0,0,False
vw_meb_2024.dbc,0,0x12b,GRA_ACC_01,GRA_Verstellung_Zeitluecke,20,2,True,False,1.0,0.0,,387468,0,0,0,False
vw_meb_2024.dbc,0,0x12b,GRA_ACC_01,GRA_reserveByte4,31,1,True,False,1.0,0.0,,387468,0,0,0,False
vw_meb_2024.dbc,0,0x12b,GRA_ACC_01,GRA_reserveByte5,32,8,True,False,1.0,0.0,,387468,0,0,0,False
vw_meb_2024.dbc,0,0x12b,GRA_ACC_01,GRA_reserveByte6,40,8,True,False,1.0,0.0,,387468,0,0,0,False
vw_meb_2024.dbc,0,0x12b,GRA_ACC_01,GRA_reserveByte7,48,8,True,False,1.0,0.0,,387468,0,0,0,False
vw_meb_2024.dbc,0,0x12b,GRA_ACC_01,GRA_reserveByte8,56,8,True,False,1.0,0.0,,387468,0,0,0,False
vw_meb_2024.dbc,0,0x12dd54a7,VZE_04,Detected_01,8,1,False,False,1.0,0.0,,2171,0,0,0,False
vw_meb_2024.dbc,0,0x12dd54a7,VZE_04,Unknown_01,207,1,False,False,1.0,0.0,,2171,0,0,0,False
vw_meb_2024.dbc,0,0x12dd54a7,VZE_04,Unknown_02,167,4,True,False,1.0,0.0,,2171,0,0,0,False
vw_meb_2024.dbc,0,0x12dd54a7,VZE_04,VZE_Anzeigemodus,0,2,True,False,1.0,0.0,,2171,0,0,0,False
vw_meb_2024.dbc,0,0x12dd54a7,VZE_04,VZE_Anzeigeunterdrueck_Zeichen_1,50,1,True,False,1.0,0.0,,2171,0,0,0,False
vw_meb_2024.dbc,0,0x12dd54a7,VZE_04,VZE_Anzeigeunterdrueck_Zeichen_2,10,1,True,False,1.0,0.0,,2171,0,0,0,False
vw_meb_2024.dbc,0,0x12dd54a7,VZE_04,VZE_Anzeigeunterdrueck_Zeichen_3,9,1,True,False,1.0,0.0,,2171,0,0,0,False
vw_meb_2024.dbc,0,0x12dd54a7,VZE_04,VZE_Baustelle,110,1,False,False,1.0,0.0,,2171,0,0,0,False
vw_meb_2024.dbc,0,0x12dd54a7,VZE_04,VZE_Gong,63,1,True,False,1.0,0.0,,2171,0,0,0,False
vw_meb_2024.dbc,0,0x12dd54a7,VZE_04,VZE_Verkehrszeichen_1,11,8,True,False,5.0,0.0,,2171,0,0,2171,False
vw_meb_2024.dbc,0,0x12dd54a7,VZE_04,VZE_Verkehrszeichen_2,19,8,True,False,5.0,0.0,,2171,0,0,2171,False
vw_meb_2024.dbc,0,0x12dd54a7,VZE_04,VZE_Verkehrszeichen_3,27,8,True,False,5.0,0.0,,2171,0,0,2171,False
vw_meb_2024.dbc,0,0x12dd54a7,VZE_04,VZE_Verkehrszeichen_4,75,8,True,False,1.0,0.0,,2171,0,0,0,False
vw_meb_2024.dbc,0,0x12dd54a7,VZE_04,VZE_Verkehrszeichen_6,92,7,True,False,1.0,0.0,,2171,0,0,0,False
vw_meb_2024.dbc,0,0x12dd54a7,VZE_04,VZE_Warnung_Verkehrszeichen_1,35,1,True,False,1.0,0.0,,2171,0,2171,0,False
vw_meb_2024.dbc,0,0x12dd54a7,VZE_04,VZE_Warnung_Verkehrszeichen_2,36,1,True,False,1.0,0.0,,2171,0,2171,0,False
vw_meb_2024.dbc,0,0x12dd54a7,VZE_04,VZE_Warnung_Verkehrszeichen_3,37,1,True,False,1.0,0.0,,2171,0,2171,0,False
vw_meb_2024.dbc,0,0x12dd54a7,VZE_04,VZE_Zeichen_01_Gesetz,56,1,True,False,1.0,0.0,,2171,0,0,0,False
vw_meb_2024.dbc,0,0x12dd54a7,VZE_04,VZE_Zeichen_01_Kamera,54,1,True,False,1.0,0.0,,2171,0,0,0,False
vw_meb_2024.dbc,0,0x12dd54a7,VZE_04,VZE_Zeichen_01_KameraWied,51,1,True,False,1.0,0.0,,2171,0,0,0,False
vw_meb_2024.dbc,0,0x12dd54a7,VZE_04,VZE_Zeichen_01_Karte,55,1,True,False,1.0,0.0,,2171,0,0,0,False
vw_meb_2024.dbc,0,0x12dd54a7,VZE_04,VZE_Zeichen_02_Gesetz,59,1,True,False,1.0,0.0,,2171,0,0,0,False
vw_meb_2024.dbc,0,0x12dd54a7,VZE_04,VZE_Zeichen_02_Kamera,57,1,True,False,1.0,0.0,,2171,0,0,0,False
vw_meb_2024.dbc,0,0x12dd54a7,VZE_04,VZE_Zeichen_02_KameraWied,52,1,True,False,1.0,0.0,,2171,0,0,0,False
vw_meb_2024.dbc,0,0x12dd54a7,VZE_04,VZE_Zeichen_02_Karte,58,1,True,False,1.0,0.0,,2171,0,0,0,False
vw_meb_2024.dbc,0,0x12dd54a7,VZE_04,VZE_Zeichen_03_Gesetz,62,1,True,False,1.0,0.0,,2171,0,0,0,False
vw_meb_2024.dbc,0,0x12dd54a7,VZE_04,VZE_Zeichen_03_Kamera,60,1,True,False,1.0,0.0,,2171,0,0,0,False
vw_meb_2024.dbc,0,0x12dd54a7,VZE_04,VZE_Zeichen_03_KameraWied,53,1,True,False,1.0,0.0,,2171,0,0,0,False
vw_meb_2024.dbc,0,0x12dd54a7,VZE_04,VZE_Zeichen_03_Karte,61,1,True,False,1.0,0.0,,2171,0,0,0,False
vw_meb_2024.dbc,0,0x12dd54a7,VZE_04,VZE_Zusatzschild_1,38,4,True,False,1.0,0.0,,2171,0,2171,2171,False
vw_meb_2024.dbc,0,0x12dd54a7,VZE_04,VZE_Zusatzschild_2,42,4,True,False,1.0,0.0,,2171,0,2171,2171,False
vw_meb_2024.dbc,0,0x12dd54a7,VZE_04,VZE_Zusatzschild_3,46,4,True,False,1.0,0.0,,2171,0,2171,2171,False
vw_meb_2024.dbc,0,0x12dd54a7,VZE_04,Zeichen_Unknown,129,4,True,False,1.0,0.0,,2171,0,0,0,False
vw_meb_2024.dbc,0,0x12dd54a7,VZE_04,Zeichen_Unknown_Entfernung,140,6,True,False,1.0,0.0,,2171,0,0,0,False
vw_meb_2024.dbc,0,0x12dd54a7,VZE_04,Zusatzschild_Unknown,147,2,True,False,1.0,0.0,,2171,0,0,0,False
vw_meb_2024.dbc,0,0x12dd54c9,SAL_01,Brake_Light_01,20,1,False,False,1.0,0.0,,149940,0,0,0,False
vw_meb_2024.dbc,0,0x12dd54c9,SAL_01,Brake_Light_02,30,1,False,False,1.0,0.0,,149940,0,0,0,False
vw_meb_2024.dbc,0,0x12dd54c9,SAL_01,Brake_Unknown,18,1,False,False,1.0,0.0,,149940,0,0,0,False
vw_meb_2024.dbc,0,0x12dd54c9,SAL_01,CNT,8,4,True,False,1.0,0.0,,149940,0,0,0,False
vw_meb_2024.dbc,0,0x12dd54c9,SAL_01,CRC,0,8,True,False,1.0,0.0,,149940,0,0,0,False
vw_meb_2024.dbc,0,0x12dd54c9,SAL_01,Left_Blinker,26,1,True,False,1.0,0.0,,149940,0,0,0,False
vw_meb_2024.dbc,0,0x12dd54c9,SAL_01,Left_Blinker_02,45,1,False,False,1.0,0.0,,149940,0,0,0,False
vw_meb_2024.dbc,0,0x12dd54c9,SAL_01,NEW_SIGNAL_2,22,1,False,False,1.0,0.0,,149940,0,0,0,False
vw_meb_2024.dbc,0,0x12dd54c9,SAL_01,NEW_SIGNAL_3,52,8,True,False,1.0,0.0,,149940,0,0,144848,False
vw_meb_2024.dbc,0,0x12dd54c9,SAL_01,NEW_SIGNAL_4,63,1,False,False,1.0,0.0,,149940,0,0,0,False
vw_meb_2024.dbc,0,0x12dd54c9,SAL_01,Reverse_Light,27,1,False,False,1.0,0.0,,149940,0,0,0,False
vw_meb_2024.dbc,0,0x12dd54c9,SAL_01,Right_Blinker,25,1,False,False,1.0,0.0,,149940,0,0,0,False
vw_meb_2024.dbc,0,0x12dd54c9,SAL_01,Right_Blinker_02,44,1,True,False,1.0,0.0,,149940,0,0,0,False
vw_meb_2024.dbc,0,0x12dd5502,AAA_01,CHK,8,4,True,False,1.0,0.0,,4289,0,0,0,False
vw_meb_2024.dbc,0,0x12dd5502,AAA_01,CRC,0,8,True,False,1.0,0.0,,4289,0,0,0,False
vw_meb_2024.dbc,0,0x12dd553d,HVL_01,CHK,8,4,True,False,1.0,0.0,,116647,0,0,0,False
vw_meb_2024.dbc,0,0x12dd553d,HVL_01,CRC,0,8,True,False,1.0,0.0,,116647,0,0,0,False
vw_meb_2024.dbc,0,0x139,VMM_02,AEB_Active,31,1,False,False,1.0,0.0,,583116,0,0,0,False
vw_meb_2024.dbc,0,0x139,VMM_02,Brake_Pressed_1,16,1,False,False,1.0,0.0,,583116,0,0,0,False
vw_meb_2024.dbc,0,0x139,VMM_02,Brake_Pressed_2,27,1,False,False,1.0,0.0,,583116,0,0,0,False
vw_meb_2024.dbc,0,0x139,VMM_02,Brake_Pressed_3,48,1,False,False,1.0,0.0,,583116,0,0,0,False
vw_meb_2024.dbc,0,0x139,VMM_02,Brake_Pressure,76,11,True,False,1.0,0.0,,583116,0,0,5746,True
vw_meb_2024.dbc,0,0x139,VMM_02,CHECKSUM,0,8,True,False,1.0,0.0,,583116,0,0,0,False
vw_meb_2024.dbc,0,0x139,VMM_02,COUNTER,8,4,True,False,1.0,0.0,,583116,0,0,0,False
vw_meb_2024.dbc,0,0x139,VMM_02,ESP_Hold,35,1,False,False,1.0,0.0,,583116,0,0,0,False
vw_meb_2024.dbc,0,0x139,VMM_02,FCW_Reaction_1,12,1,False,False,1.0,0.0,,583116,0,0,0,False
vw_meb_2024.dbc,0,0x139,VMM_02,FCW_Reaction_2,56,1,True,False,1.0,0.0,,583116,0,0,0,False
vw_meb_2024.dbc,0,0x139,VMM_02,FCW_Reaction_3,88,5,True,False,1.0,0.0,,583116,0,0,0,False
vw_meb_2024.dbc,0,0x139,VMM_02,Long_Control_Inhibit,52,2,True,False,1.0,0.0,,583116,0,0,0,False
vw_meb_2024.dbc,0,0x13d,QFK_01,CHECKSUM,0,8,True,False,1.0,0.0,,1166288,0,0,0,False
vw_meb_2024.dbc,0,0x13d,QFK_01,COUNTER,8,4,True,False,1.0,0.0,,1166288,0,0,0,False
vw_meb_2024.dbc,0,0x13d,QFK_01,Curvature,40,15,True,False,6.7e-06,0.0,,1166288,0,0,0,True
vw_meb_2024.dbc,0,0x13d,QFK_01,Curvature_VZ,55,1,False,False,1.0,0.0,,1166288,0,0,0,False
vw_meb_2024.dbc,0,0x13d,QFK_01,HCA_No_Override,14,1,False,False,1.0,0.0,,1166288,0,0,0,False
vw_meb_2024.dbc,0,0x13d,QFK_01,LatCon_HCA_Accept,17,2,True,False,1.0,0.0,,1166288,0,0,0,False
vw_meb_2024.dbc,0,0x13d,QFK_01,LatCon_HCA_Status,20,3,True,False,1.0,0.0,,1166288,0,108260,0,False
vw_meb_2024.dbc,0,0x13d,QFK_01,NEW_SIGNAL_1,23,1,False,False,1.0,0.0,,1166288,0,0,0,False
vw_meb_2024.dbc,0,0x13d,QFK_01,NEW_SIGNAL_10,24,1,False,False,1.0,0.0,,1166288,0,0,0,False
vw_meb_2024.dbc,0,0x13d,QFK_01,NEW_SIGNAL_2,19,1,False,False,1.0,0.0,,1166288,0,0,0,False
vw_meb_2024.dbc,0,0x13d,QFK_01,NEW_SIGNAL_3,56,7,True,False,1.0,0.0,,1166288,0,0,7,False
vw_meb_2024.dbc,0,0x13d,QFK_01,NEW_SIGNAL_4,63,1,False,False,1.0,0.0,,1166288,0,0,0,False
vw_meb_2024.dbc,0,0x13d,QFK_01,NEW_SIGNAL_5,12,1,False,False,1.0,0.0,,1166288,0,0,0,False
vw_meb_2024.dbc,0,0x13d,QFK_01,NEW_SIGNAL_6,30,3,False,False,1.0,0.0,,1166288,0,0,0,False
vw_meb_2024.dbc,0,0x13d,QFK_01,NEW_SIGNAL_7,34,3,False,False,1.0,0.0,,1166288,0,0,1058028,False
vw_meb_2024.dbc,0,0x13d,QFK_01,NEW_SIGNAL_8,16,1,False,False,1.0,0.0,,1166288,0,0,0,False
vw_meb_2024.dbc,0,0x13d,QFK_01,Steering_Angle,76,17,True,False,0.00906,0.0,,1166288,0,0,0,True
vw_meb_2024.dbc,0,0x13d,QFK_01,Steering_Angle_VZ,36,1,False,False,1.0,0.0,,1166288,0,0,0,False
vw_meb_2024.dbc,0,0x14c,Motor_54,Accelerator_Pressure,175,8,False,False,0.4,-14.8,Unit_Percent,116774,0,0,0,False
vw_meb_2024.dbc,0,0x14c,Motor_54,CHECKSUM,0,8,True,False,1.0,0.0,,116774,0,0,0,False
vw_meb_2024.dbc,0,0x14c,Motor_54,COUNTER,8,4,True,False,1.0,0.0,,116774,0,0,0,False
vw_meb_2024.dbc,0,0x14c,Motor_54,Engine_On,77,1,True,False,1.0,0.0,,116774,0,0,0,False
vw_meb_2024.dbc,0,0x14d,ACC_18,ACC_AKTIV_regelt,90,1,False,False,1.0,0.0,,21427,0,0,0,False
vw_meb_2024.dbc,0,0x14d,ACC_18,ACC_Anfahren,56,1,True,False,1.0,0.0,,21427,0,0,0,False
vw_meb_2024.dbc,0,0x14d,ACC_18,ACC_Anforderung_HMS,77,3,True,False,1.0,0.0,,21427,0,0,0,False
vw_meb_2024.dbc,0,0x14d,ACC_18,ACC_Anhalten,57,1,True,False,1.0,0.0,,21427,0,0,0,False
vw_meb_2024.dbc,0,0x14d,ACC_18,ACC_Anhalteweg,64,11,True,False,0.01,0.0,,21427,0,0,0,False
vw_meb_2024.dbc,0,0x14d,ACC_18,ACC_DynErhoehung,14,1,True,False,1.0,0.0,,21427,0,0,0,False
vw_meb_2024.dbc,0,0x14d,ACC_18,ACC_Freilaufstrategie_TSK,15,1,True,False,1.0,0.0,,21427,0,0,0,False
vw_meb_2024.dbc,0,0x14d,ACC_18,ACC_Minimale_Bremsung,63,1,True,False,1.0,0.0,,21427,0,0,0,False
vw_meb_2024.dbc,0,0x14d,ACC_18,ACC_Sollbeschleunigung_02,24,11,True,False,0.005,-7.22,Unit_MeterPerSeconSquar,21427,0,0,21427,False
vw_meb_2024.dbc,0,0x14d,ACC_18,ACC_StartStopp_Info,22,2,True,False,1.0,0.0,,21427,0,0,0,False
vw_meb_2024.dbc,0,0x14d,ACC_18,ACC_Status_ACC,60,3,True,False,1.0,0.0,,21427,0,19286,0,False
vw_meb_2024.dbc,0,0x14d,ACC_18,ACC_Typ,58,2,True,False,1.0,0.0,,21427,0,0,0,False
vw_meb_2024.dbc,0,0x14d,ACC_18,ACC_limitierte_Anfahrdyn,12,1,True,False,1.0,0.0,,21427,0,0,0,False
vw_meb_2024.dbc,0,0x14d,ACC_18,ACC_nachtr_Stopp_Anf,13,1,True,False,1.0,0.0,,21427,0,0,0,False
vw_meb_2024.dbc,0,0x14d,ACC_18,ACC_neg_Sollbeschl_Grad_02,40,8,True,False,0.05,0.0,Unit_MeterPerCubicSecon,21427,0,0,0,False
vw_meb_2024.dbc,0,0x14d,ACC_18,ACC_pos_Sollbeschl_Grad_02,48,8,True,False,0.05,0.0,Unit_MeterPerCubicSecon,21427,0,0,0,False
vw_meb_2024.dbc,0,0x14d,ACC_18,ACC_zul_Regelabw_oben,35,5,True,False,0.0625,0.0,Unit_MeterPerSeconSquar,21427,0,0,0,False
vw_meb_2024.dbc,0,0x14d,ACC_18,ACC_zul_Regelabw_unten,16,6,True,False,0.024,0.0,Unit_MeterPerSeconSquar,21427,0,0,0,False
vw_meb_2024.dbc,0,0x14d,ACC_18,Accel_Boost,248,6,True,False,1.0,0.0,,21427,0,0,1721,False
vw_meb_2024.dbc,0,0x14d,ACC_18,CHECKSUM,0,8,True,False,1.0,0.0,,21427,0,0,0,False
vw_meb_2024.dbc,0,0x14d,ACC_18,COUNTER,8,4,True,False,1.0,0.0,,21427,0,0,0,False
vw_meb_2024.dbc,0,0x14d,ACC_18,Reversing,254,1,False,False,1.0,0.0,,21427,0,0,0,False
vw_meb_2024.dbc,0,0x14d,ACC_18,SET_ME_0X1,92,1,False,False,1.0,0.0,,21427,0,0,0,False
vw_meb_2024.dbc,0,0x14d,ACC_18,SET_ME_0X9,232,4,True,False,1.0,0.0,,21427,0,0,0,False
vw_meb_2024.dbc,0,0x14d,ACC_18,SET_ME_0XFE,80,8,True,False,1.0,0.0,,21427,0,0,0,False
vw_meb_2024.dbc,0,0x14d,ACC_18,SET_ME_0x2FE,98,10,True,False,1.0,0.0,,21427,0,0,0,False
vw_meb_2024.dbc,0,0x14d,ACC_18,Speed,236,12,True,False,0.1,0.0,,21427,0,0,1721,False
vw_meb_2024.dbc,0,0x16a954ad,MEB_AWV_01,AWV_Enabled,15,1,False,False,1.0,0.0,,2174,0,0,0,False
vw_meb_2024.dbc,0,0x16a954ad,MEB_AWV_01,AWV_Init,17,1,False,False,1.0,0.0,,2174,0,0,0,False
vw_meb_2024.dbc,0,0x16a954ad,MEB_AWV_01,Distance_Warning,12,1,False,False,1.0,0.0,,2174,0,0,0,False
vw_meb_2024.dbc,0,0x16a954ad,MEB_AWV_01,FCW_Display,13,1,False,False,1.0,0.0,,2174,0,0,0,False
vw_meb_2024.dbc,0,0x16a954ad,MEB_AWV_01,FCW_Sound,22,2,True,False,1.0,0.0,,2174,0,0,0,False
vw_meb_2024.dbc,0,0x16a954ad,MEB_AWV_01,SET_ME_1,28,1,False,False,1.0,0.0,,2174,0,0,0,False
vw_meb_2024.dbc,0,0x16a954ad,MEB_AWV_01,SET_ME_511,33,9,True,False,1.0,0.0,,2174,0,0,2174,False
vw_meb_2024.dbc,0,0x16a954ad,MEB_AWV_01,Target,56,8,True,False,1.0,0.0,,2174,0,0,0,False
vw_meb_2024.dbc,0,0x17f00057,MEB_PACC_01,Dynamic_in_Drive,63,1,False,False,1.0,0.0,,870,0,0,0,False
vw_meb_2024.dbc,0,0x17f00057,MEB_PACC_01,NEW_SIGNAL_1,5,1,False,False,1.0,0.0,,870,0,0,0,False
vw_meb_2024.dbc,0,0x17f00057,MEB_PACC_01,NEW_SIGNAL_2,32,16,True,False,1.0,0.0,,870,0,0,870,False
vw_meb_2024.dbc,0,0x17f00057,MEB_PACC_01,NEW_SIGNAL_3,48,1,False,False,1.0,0.0,,870,0,0,0,False
vw_meb_2024.dbc,0,0x17f00057,MEB_PACC_01,NEW_SIGNAL_4,49,1,False,False,1.0,0.0,,870,0,0,0,False
vw_meb_2024.dbc,0,0x17f00057,MEB_PACC_01,NEW_SIGNAL_5,56,2,True,False,1.0,0.0,,870,0,0,0,False
vw_meb_2024.dbc,0,0x183,MEB_Camera_01,Lane_Center_Offset,256,12,True,False,0.001,-2.5,Unit_Meter,10660,0,0,5059,False
vw_meb_2024.dbc,0,0x183,MEB_Camera_01,NEW_SIGNAL_1,191,1,False,False,1.0,0.0,,10660,0,0,0,False
vw_meb_2024.dbc,0,0x183,MEB_Camera_01,NEW_SIGNAL_10,224,8,True,False,1.0,0.0,,10660,0,0,5601,False
vw_meb_2024.dbc,0,0x183,MEB_Camera_01,NEW_SIGNAL_11,292,12,True,False,1.0,0.0,,10660,0,0,10660,False
vw_meb_2024.dbc,0,0x183,MEB_Camera_01,NEW_SIGNAL_12,304,8,True,False,1.0,0.0,,10660,0,0,0,False
vw_meb_2024.dbc,0,0x183,MEB_Camera_01,NEW_SIGNAL_13,320,8,True,False,1.0,0.0,,10660,0,0,0,False
vw_meb_2024.dbc,0,0x183,MEB_Camera_01,NEW_SIGNAL_14,332,12,True,False,1.0,0.0,,10660,0,0,10660,False
vw_meb_2024.dbc,0,0x183,MEB_Camera_01,NEW_SIGNAL_15,344,12,True,False,1.0,0.0,,10660,0,0,10660,False
vw_meb_2024.dbc,0,0x183,MEB_Camera_01,NEW_SIGNAL_16,356,12,True,False,1.0,0.0,,10660,0,0,10660,False
vw_meb_2024.dbc,0,0x183,MEB_Camera_01,NEW_SIGNAL_17,368,10,True,False,1.0,0.0,,10660,0,0,5601,False
vw_meb_2024.dbc,0,0x183,MEB_Camera_01,NEW_SIGNAL_18,384,12,True,False,1.0,0.0,,10660,0,0,10660,False
vw_meb_2024.dbc,0,0x183,MEB_Camera_01,NEW_SIGNAL_19,396,12,True,False,1.0,0.0,,10660,0,0,10660,False
vw_meb_2024.dbc,0,0x183,MEB_Camera_01,NEW_SIGNAL_2,200,9,True,False,1.0,0.0,,10660,0,0,5601,False
vw_meb_2024.dbc,0,0x183,MEB_Camera_01,NEW_SIGNAL_20,408,12,True,False,1.0,0.0,,10660,0,0,10660,False
vw_meb_2024.dbc,0,0x183,MEB_Camera_01,NEW_SIGNAL_21,420,12,True,False,1.0,0.0,,10660,0,0,10660,False
vw_meb_2024.dbc,0,0x183,MEB_Camera_01,NEW_SIGNAL_22,432,5,True,False,1.0,0.0,,10660,0,0,0,False
vw_meb_2024.dbc,0,0x183,MEB_Camera_01,NEW_SIGNAL_23,448,12,True,False,1.0,0.0,,10660,0,0,10660,False
vw_meb_2024.dbc,0,0x183,MEB_Camera_01,NEW_SIGNAL_24,460,12,True,False,1.0,0.0,,10660,0,0,10660,False
vw_meb_2024.dbc,0,0x183,MEB_Camera_01,NEW_SIGNAL_25,472,12,True,False,1.0,0.0,,10660,0,0,10660,False
vw_meb_2024.dbc,0,0x183,MEB_Camera_01,NEW_SIGNAL_26,484,12,True,False,1.0,0.0,,10660,0,0,10660,False
vw_meb_2024.dbc,0,0x183,MEB_Camera_01,NEW_SIGNAL_3,209,9,True,False,1.0,0.0,,10660,0,0,5601,False
vw_meb_2024.dbc,0,0x183,MEB_Camera_01,NEW_SIGNAL_4,232,9,True,False,1.0,0.0,,10660,0,0,5601,False
vw_meb_2024.dbc,0,0x183,MEB_Camera_01,NEW_SIGNAL_5,241,9,True,False,1.0,0.0,,10660,0,0,5601,False
vw_meb_2024.dbc,0,0x183,MEB_Camera_01,NEW_SIGNAL_6,268,12,True,False,1.0,0.0,,10660,0,0,10660,False
vw_meb_2024.dbc,0,0x183,MEB_Camera_01,NEW_SIGNAL_7,280,12,True,False,1.0,0.0,,10660,0,0,10660,False
vw_meb_2024.dbc,0,0x183,MEB_Camera_01,NEW_SIGNAL_8,250,6,True,False,1.0,0.0,,10660,0,0,0,False
vw_meb_2024.dbc,0,0x183,MEB_Camera_01,NEW_SIGNAL_9,218,6,True,False,1.0,0.0,,10660,0,0,0,False
vw_meb_2024.dbc,0,0x1a4,EA_01,CHECKSUM,0,8,True,False,1.0,0.0,,844,0,0,0,False
vw_meb_2024.dbc,0,0x1a4,EA_01,COUNTER,8,4,True,False,1.0,0.0,,844,0,0,0,False
vw_meb_2024.dbc,0,0x1a4,EA_01,EA_Anforderung_HMS,48,3,True,False,1.0,0.0,,844,0,0,0,False
vw_meb_2024.dbc,0,0x1a4,EA_01,EA_Funktionsstatus,40,4,True,False,1.0,0.0,,844,0,781,0,False
vw_meb_2024.dbc,0,0x1a4,EA_01,EA_Gurtstraffer_Anf,44,2,True,False,1.0,0.0,,844,0,0,0,False
vw_meb_2024.dbc,0,0x1a4,EA_01,EA_Parken_beibehalten_HMS,12,2,True,False,1.0,0.0,,844,0,781,0,False
vw_meb_2024.dbc,0,0x1a4,EA_01,EA_Sollbeschleunigung,53,11,True,False,0.005,-7.22,Unit_MeterPerSeconSquar,844,0,0,844,False
vw_meb_2024.dbc,0,0x1a4,EA_01,EA_Warnruckprofil,28,3,True,False,1.0,0.0,,844,0,0,0,False
vw_meb_2024.dbc,0,0x1a4,EA_01,EA_eCall_Anf,31,2,True,False,1.0,0.0,,844,0,0,0,False
vw_meb_2024.dbc,0,0x1a555541,EML_02,CHK,8,4,True,False,1.0,0.0,,58316,0,0,0,False
vw_meb_2024.dbc,0,0x1a555541,EML_02,CRC,0,8,True,False,1.0,0.0,,58316,0,0,0,False
vw_meb_2024.dbc,0,0x1b000057,MEB_Unknown_01,NEW_SIGNAL_1,14,1,False,False,1.0,0.0,,660,0,0,0,False
vw_meb_2024.dbc,0,0x1b000057,MEB_Unknown_01,NEW_SIGNAL_2,19,1,False,False,1.0,0.0,,660,0,0,0,False
vw_meb_2024.dbc,0,0x1b000057,MEB_Unknown_01,NEW_SIGNAL_3,24,1,False,False,1.0,0.0,,660,0,0,0,False
vw_meb_2024.dbc,0,0x1b000057,MEB_Unknown_01,NEW_SIGNAL_4,18,1,False,False,1.0,0.0,,660,0,0,0,False
vw_meb_2024.dbc,0,0x1b000057,MEB_Unknown_01,NEW_SIGNAL_5,16,1,False,False,1.0,0.0,,660,0,0,0,False
vw_meb_2024.dbc,0,0x1b000057,MEB_Unknown_01,NEW_SIGNAL_6,25,2,True,False,1.0,0.0,,660,0,0,0,False
vw_meb_2024.dbc,0,0x1f0,EA_02,ACF_Lampe_Hands_Off,16,2,True,False,1.0,0.0,,845,0,0,0,False
vw_meb_2024.dbc,0,0x1f0,EA_02,CHECKSUM,0,8,True,False,1.0,0.0,,845,0,0,0,False
vw_meb_2024.dbc,0,0x1f0,EA_02,COUNTER,8,4,True,False,1.0,0.0,,845,0,0,0,False
vw_meb_2024.dbc,0,0x1f0,EA_02,EA_Blinken,32,3,True,False,1.0,0.0,,845,0,0,0,False
vw_meb_2024.dbc,0,0x1f0,EA_02,EA_Bremslichtblinken,31,1,True,False,1.0,0.0,,845,0,0,0,False
vw_meb_2024.dbc,0,0x1f0,EA_02,EA_Infotainment_Anf,22,2,True,False,1.0,0.0,,845,0,845,0,False
vw_meb_2024.dbc,0,0x1f0,EA_02,EA_Innenraumlicht_Anf,25,1,True,False,1.0,0.0,,845,0,0,0,False
vw_meb_2024.dbc,0,0x1f0,EA_02,EA_Texte,12,4,True,False,1.0,0.0,,845,0,0,0,False
vw_meb_2024.dbc,0,0x1f0,EA_02,EA_Tueren_Anf,24,1,True,False,1.0,0.0,,845,0,0,0,False
vw_meb_2024.dbc,0,0x1f0,EA_02,EA_Unknown,61,4,False,False,1.0,0.0,,845,0,0,0,False
vw_meb_2024.dbc,0,0x1f0,EA_02,STP_Primaeranz,28,3,True,False,1.0,0.0,,845,0,0,0,False
vw_meb_2024.dbc,0,0x1f0,EA_02,zFAS_Warnblinken,26,2,True,False,1.0,0.0,,845,0,0,0,False
vw_meb_2024.dbc,0,0x205,SAM_01,Brake_Light,36,1,False,False,1.0,0.0,,59096,0,0,0,False
vw_meb_2024.dbc,0,0x205,SAM_01,Left_Blinker,37,1,False,False,1.0,0.0,,59096,0,0,0,False
vw_meb_2024.dbc,0,0x205,SAM_01,Right_Blinker,38,1,False,False,1.0,0.0,,59096,0,0,0,False
vw_meb_2024.dbc,0,0x206,Parken_01,AEB_Active,16,1,False,False,1.0,0.0,,21487,0,0,0,False
vw_meb_2024.dbc,0,0x206,Parken_01,CHK,0,8,True,False,1.0,0.0,,21487,0,0,0,False
vw_meb_2024.dbc,0,0x206,Parken_01,CNT,8,4,True,False,1.0,0.0,,21487,0,0,0,False
vw_meb_2024.dbc,0,0x20a,EML_06,CHECKSUM,0,8,True,False,1.0,0.0,,583219,0,0,0,False
vw_meb_2024.dbc,0,0x20a,EML_06,COUNTER,8,4,True,False,1.0,0.0,,583219,0,0,0,False
vw_meb_2024.dbc,0,0x20a,EML_06,Yaw_Rate,200,16,True,False,0.007,-229.34,,583219,0,0,260850,True
vw_meb_2024.dbc,0,0x20a,EML_06,Yaw_Rate_VZ,33,1,True,False,1.0,0.0,,583219,0,0,0,False
vw_meb_2024.dbc,0,0x234,MEB_Camera_02,NEW_SIGNAL_1,12,6,True,False,1.0,0.0,,10660,0,0,5601,False
vw_meb_2024.dbc,0,0x234,MEB_Camera_02,NEW_SIGNAL_2,18,6,True,False,1.0,0.0,,10660,0,0,0,False
vw_meb_2024.dbc,0,0x234,MEB_Camera_02,NEW_SIGNAL_3,24,6,True,False,1.0,0.0,,10660,0,0,0,False
vw_meb_2024.dbc,0,0x234,MEB_Camera_02,NEW_SIGNAL_4,30,6,True,False,1.0,0.0,,10660,0,0,6137,False
vw_meb_2024.dbc,0,0x234,MEB_Camera_02,NEW_SIGNAL_5,295,9,True,False,1.0,0.0,,10660,0,0,5601,False
vw_meb_2024.dbc,0,0x234,MEB_Camera_02,NEW_SIGNAL_6,192,12,True,False,1.0,0.0,,10660,0,0,10631,False
vw_meb_2024.dbc,0,0x234,MEB_Camera_02,NEW_SIGNAL_7,178,13,True,False,1.0,0.0,,10660,0,0,10631,False
vw_meb_2024.dbc,0,0x234,MEB_Camera_02,NEW_SIGNAL_8,286,9,True,False,1.0,0.0,,10660,0,0,6334,False
vw_meb_2024.dbc,0,0x24c,MEB_Side_Assist_01,Blind_Spot_Driver,19,7,True,False,1.0,0.0,,8607,0,0,5581,False
vw_meb_2024.dbc,0,0x24c,MEB_Side_Assist_01,Blind_Spot_Info_Driver,29,1,False,False,1.0,0.0,,8607,0,0,0,False
vw_meb_2024.dbc,0,0x24c,MEB_Side_Assist_01,Blind_Spot_Info_Passenger,26,1,False,False,1.0,0.0,,8607,0,0,0,False
vw_meb_2024.dbc,0,0x24c,MEB_Side_Assist_01,Blind_Spot_Passenger,12,7,True,False,1.0,0.0,,8607,0,0,5581,False
vw_meb_2024.dbc,0,0x24c,MEB_Side_Assist_01,Blind_Spot_Warn_Driver,30,1,False,False,1.0,0.0,,8607,0,0,0,False
vw_meb_2024.dbc,0,0x24c,MEB_Side_Assist_01,Blind_Spot_Warn_Passenger,27,1,False,False,1.0,0.0,,8607,0,0,0,False
vw_meb_2024.dbc,0,0x24c,MEB_Side_Assist_01,Higher_Speed_01,33,1,False,False,1.0,0.0,,8607,0,0,0,False
vw_meb_2024.dbc,0,0x24c,MEB_Side_Assist_01,Higher_Speed_02,83,1,False,False,1.0,0.0,,8607,0,0,0,False
vw_meb_2024.dbc,0,0x24c,MEB_Side_Assist_01,Lower_Speed_01,32,1,False,False,1.0,0.0,,8607,0,0,0,False
vw_meb_2024.dbc,0,0x24c,MEB_Side_Assist_01,Lower_Speed_02,84,1,False,False,1.0,0.0,,8607,0,0,0,False
vw_meb_2024.dbc,0,0x24c,MEB_Side_Assist_01,NEW_SIGNAL_1,98,1,False,False,1.0,0.0,,8607,0,0,0,False
vw_meb_2024.dbc,0,0x24c,MEB_Side_Assist_01,NEW_SIGNAL_6,119,1,False,False,1.0,0.0,,8607,0,0,0,False
vw_meb_2024.dbc,0,0x24c,MEB_Side_Assist_01,Standstill,86,1,False,False,1.0,0.0,,8607,0,0,0,False
vw_meb_2024.dbc,0,0x24d,MEB_Side_Assist_02,Unknown_01,100,3,False,False,1.0,0.0,,8607,0,0,0,False
vw_meb_2024.dbc,0,0x24d,MEB_Side_Assist_02,Unknown_02,108,3,False,False,1.0,0.0,,8607,0,0,0,False
vw_meb_2024.dbc,0,0x24f,Strukturen_01,Distance_Status,13,2,True,False,1.0,0.0,,10725,0,0,0,False
vw_meb_2024.dbc,0,0x24f,Strukturen_01,Left_Lane_01_Lat_Distance,108,10,True,False,0.065,-33.28,Unit_Meter,10725,0,0,0,False
vw_meb_2024.dbc,0,0x24f,Strukturen_01,Left_Lane_01_Long_Distance,96,12,True,False,0.0625,-3.75,Unit_Meter,10725,0,0,10552,False
vw_meb_2024.dbc,0,0x24f,Strukturen_01,Left_Lane_01_ObjectID,22,6,True,False,1.0,0.0,Unit_ObjectID,10725,0,0,0,False
vw_meb_2024.dbc,0,0x24f,Strukturen_01,Left_Lane_01_Rel_Velo,118,10,True,False,0.25,-128.0,Unit_MeterPerSecond,10725,0,0,0,False
vw_meb_2024.dbc,0,0x24f,Strukturen_01,Left_Lane_02_Lat_Distance,204,10,True,False,0.065,-33.28,Unit_Meter,10725,0,0,0,False
vw_meb_2024.dbc,0,0x24f,Strukturen_01,Left_Lane_02_Long_Distance,192,12,True,False,0.0625,-3.75,Unit_Meter,10725,0,0,10722,False
vw_meb_2024.dbc,0,0x24f,Strukturen_01,Left_Lane_02_ObjectID,40,6,True,False,1.0,0.0,Unit_ObjectID,10725,0,0,0,False
vw_meb_2024.dbc,0,0x24f,Strukturen_01,Left_Lane_02_Rel_Velo,214,10,True,False,0.25,-128.0,Unit_MeterPerSecond,10725,0,0,0,False
vw_meb_2024.dbc,0,0x24f,Strukturen_01,Right_Lane_01_Lat_Distance,140,10,True,False,0.065,-33.28,Unit_Meter,10725,0,0,0,False
vw_meb_2024.dbc,0,0x24f,Strukturen_01,Right_Lane_01_Long_Distance,128,12,True,False,0.0625,-3.75,Unit_Meter,10725,0,0,10653,False
vw_meb_2024.dbc,0,0x24f,Strukturen_01,Right_Lane_01_ObjectID,28,6,True,False,1.0,0.0,Unit_ObjectID,10725,0,0,0,False
vw_meb_2024.dbc,0,0x24f,Strukturen_01,Right_Lane_01_Rel_Velo,150,10,True,False,0.25,-128.0,Unit_MeterPerSecond,10725,0,0,0,False
vw_meb_2024.dbc,0,0x24f,Strukturen_01,Right_Lane_02_Lat_Distance,236,10,True,False,0.065,-33.28,Unit_Meter,10725,0,0,0,False
vw_meb_2024.dbc,0,0x24f,Strukturen_01,Right_Lane_02_Long_Distance,224,12,True,False,0.0625,-3.75,Unit_Meter,10725,0,0,10725,False
vw_meb_2024.dbc,0,0x24f,Strukturen_01,Right_Lane_02_ObjectID,46,6,True,False,1.0,0.0,Unit_ObjectID,10725,0,0,0,False
vw_meb_2024.dbc,0,0x24f,Strukturen_01,Right_Lane_02_Rel_Velo,246,10,True,False,0.25,-128.0,Unit_MeterPerSecond,10725,0,0,0,False
vw_meb_2024.dbc,0,0x24f,Strukturen_01,Same_Lane_01_Lat_Distance,76,10,True,False,0.065,-33.28,Unit_Meter,10725,0,0,0,False
vw_meb_2024.dbc,0,0x24f,Strukturen_01,Same_Lane_01_Long_Distance,64,12,True,False,0.0625,-3.75,Unit_Meter,10725,0,0,9819,False
vw_meb_2024.dbc,0,0x24f,Strukturen_01,Same_Lane_01_ObjectID,16,6,True,False,1.0,0.0,Unit_ObjectID,10725,0,0,0,False
vw_meb_2024.dbc,0,0x24f,Strukturen_01,Same_Lane_01_Rel_Velo,86,10,True,False,0.25,-128.0,Unit_MeterPerSecond,10725,0,0,0,False
vw_meb_2024.dbc,0,0x24f,Strukturen_01,Same_Lane_01_Unknown_01,256,8,True,False,1.0,-128.0,,10725,0,0,9266,False
vw_meb_2024.dbc,0,0x24f,Strukturen_01,Same_Lane_01_Unknown_02,264,6,True,False,1.0,-15.0,,10725,0,0,10437,False
vw_meb_2024.dbc,0,0x24f,Strukturen_01,Same_Lane_01_Unknown_03,270,6,True,False,1.0,0.0,,10725,0,0,0,False
vw_meb_2024.dbc,0,0x24f,Strukturen_01,Same_Lane_01_Unknown_04,277,6,True,False,1.0,0.0,,10725,0,0,0,False
vw_meb_2024.dbc,0,0x24f,Strukturen_01,Same_Lane_01_Unknown_05,284,6,True,False,1.0,0.0,,10725,0,0,276,False
vw_meb_2024.dbc,0,0x24f,Strukturen_01,Same_Lane_02_Lat_Distance,172,10,True,False,0.065,-33.28,Unit_Meter,10725,0,0,0,False
vw_meb_2024.dbc,0,0x24f,Strukturen_01,Same_Lane_02_Long_Distance,160,12,True,False,0.0625,-3.75,Unit_Meter,10725,0,0,10725,False
vw_meb_2024.dbc,0,0x24f,Strukturen_01,Same_Lane_02_ObjectID,34,6,True,False,1.0,0.0,Unit_ObjectID,10725,0,0,0,False
vw_meb_2024.dbc,0,0x24f,Strukturen_01,Same_Lane_02_Rel_Velo,182,10,True,False,0.25,-128.0,Unit_MeterPerSecond,10725,0,0,0,False
vw_meb_2024.dbc,0,0x24f,Strukturen_01,Unknown_01,12,1,False,False,1.0,0.0,,10725,0,0,0,False
vw_meb_2024.dbc,0,0x24f,Strukturen_01,Unknown_02,52,2,True,False,1.0,0.0,,10725,0,0,0,False
vw_meb_2024.dbc,0,0x24f,Strukturen_01,Unknown_03,54,10,True,False,1.0,0.0,,10725,0,0,1707,False
vw_meb_2024.dbc,0,0x25d,KLR_01,CHECKSUM,0,8,True,False,1.0,0.0,,194244,0,0,0,False
vw_meb_2024.dbc,0,0x25d,KLR_01,COUNTER,8,4,True,False,1.0,0.0,,194244,0,0,0,False
vw_meb_2024.dbc,0,0x25d,KLR_01,KLR_Fehler,12,1,True,False,1.0,0.0,,194244,0,0,0,False
vw_meb_2024.dbc,0,0x25d,KLR_01,KLR_Fehler_Codierung,15,1,True,False,1.0,0.0,,194244,0,0,0,False
vw_meb_2024.dbc,0,0x25d,KLR_01,KLR_Lokalaktiv,14,1,True,False,1.0,0.0,,194244,0,0,0,False
vw_meb_2024.dbc,0,0x25d,KLR_01,KLR_ResponseError,13,1,True,False,1.0,0.0,,194244,0,0,0,False
vw_meb_2024.dbc,0,0x25d,KLR_01,KLR_Touchauswertung,40,4,True,False,1.0,0.0,,194244,0,0,0,False
vw_meb_2024.dbc,0,0x25d,KLR_01,KLR_Touchintensitaet_1,16,8,True,False,1.0,0.0,Unit_None,194244,0,0,6571,False
vw_meb_2024.dbc,0,0x25d,KLR_01,KLR_Touchintensitaet_2,24,8,True,False,1.0,0.0,Unit_None,194244,0,0,6571,False
vw_meb_2024.dbc,0,0x25d,KLR_01,KLR_Touchintensitaet_3,32,8,True,False,1.0,0.0,Unit_None,194244,0,0,6571,False
vw_meb_2024.dbc,0,0x26b,TA_01,CHECKSUM,0,8,True,False,1.0,0.0,,4275,0,0,0,False
vw_meb_2024.dbc,0,0x26b,TA_01,COUNTER,8,4,True,False,1.0,0.0,,4275,0,0,0,False
vw_meb_2024.dbc,0,0x26b,TA_01,Init,22,1,False,False,1.0,0.0,,4275,0,0,0,False
vw_meb_2024.dbc,0,0x26b,TA_01,Lane_Unsure,37,2,True,False,1.0,0.0,,4275,0,0,0,False
vw_meb_2024.dbc,0,0x26b,TA_01,Speed_Mode_01,16,1,False,False,1.0,0.0,,4275,0,0,0,False
vw_meb_2024.dbc,0,0x26b,TA_01,Speed_Mode_02,18,1,False,False,1.0,0.0,,4275,0,0,0,False
vw_meb_2024.dbc,0,0x26b,TA_01,Speed_Mode_Status,32,3,True,False,1.0,0.0,,4275,0,0,0,False
vw_meb_2024.dbc,0,0x26b,TA_01,Travel_Assist_Available,23,1,True,False,1.0,0.0,,4275,0,0,0,False
vw_meb_2024.dbc,0,0x26b,TA_01,Travel_Assist_Request,19,3,True,False,1.0,0.0,,4275,0,0,0,False
vw_meb_2024.dbc,0,0x26b,TA_01,Travel_Assist_Status,13,3,True,False,1.0,0.0,,4275,0,0,0,False
vw_meb_2024.dbc,0,0x26b,TA_01,Unknown_01,26,1,False,False,1.0,0.0,,4275,0,0,0,False
vw_meb_2024.dbc,0,0x26b,TA_01,Unknown_02,28,1,False,False,1.0,0.0,,4275,0,0,0,False
vw_meb_2024.dbc,0,0x26b,TA_01,Unknown_03,31,1,False,False,1.0,0.0,,4275,0,0,0,False
vw_meb_2024.dbc,0,0x2b7,RCTA_01,RCTA_01_BZ,8,4,True,False,1.0,0.0,,8607,0,0,0,False
vw_meb_2024.dbc,0,0x2b7,RCTA_01,RCTA_01_CRC,0,8,True,False,1.0,0.0,,8607,0,0,0,False
vw_meb_2024.dbc,0,0x300,MEB_ACC_01,ACA_Querfuehrung,71,2,True,False,1.0,0.0,,7149,0,7149,0,False
vw_meb_2024.dbc,0,0x300,MEB_ACC_01,ACC_Abstandsindex_02,86,10,True,False,1.0,0.0,,7149,0,6659,6659,False
vw_meb_2024.dbc,0,0x300,MEB_ACC_01,ACC_Akustischer_Fahrerhinweis,211,2,True,False,1.0,0.0,,7149,0,0,0,False
vw_meb_2024.dbc,0,0x300,MEB_ACC_01,ACC_Anzeige_Zeitluecke,113,1,True,False,1.0,0.0,,7149,0,0,0,False
vw_meb_2024.dbc,0,0x300,MEB_ACC_01,ACC_Display_Prio,96,2,True,False,1.0,0.0,,7149,0,0,0,False
vw_meb_2024.dbc,0,0x300,MEB_ACC_01,ACC_EGO_Fahrzeug,106,3,True,False,1.0,0.0,,7149,0,0,0,False
vw_meb_2024.dbc,0,0x300,MEB_ACC_01,ACC_Enabled,186,1,False,False,1.0,0.0,,7149,0,0,0,False
vw_meb_2024.dbc,0,0x300,MEB_ACC_01,ACC_Event_Wunschgeschw,140,10,True,False,0.32,0.0,,7149,0,0,7149,False
vw_meb_2024.dbc,0,0x300,MEB_ACC_01,ACC_Events,332,4,False,False,1.0,0.0,Unit_Meter,7149,0,0,0,False
vw_meb_2024.dbc,0,0x300,MEB_ACC_01,ACC_Gesetzte_Zeitluecke,101,3,True,False,1.0,0.0,,7149,0,0,0,False
vw_meb_2024.dbc,0,0x300,MEB_ACC_01,ACC_Limiter_Mode,268,1,False,False,1.0,0.0,,7149,0,0,0,False
vw_meb_2024.dbc,0,0x300,MEB_ACC_01,ACC_Optischer_Fahrerhinweis,104,1,True,False,1.0,0.0,,7149,0,0,0,False
vw_meb_2024.dbc,0,0x300,MEB_ACC_01,ACC_Regelung_AIO,75,1,True,False,1.0,0.0,,7149,0,0,0,False
vw_meb_2024.dbc,0,0x300,MEB_ACC_01,ACC_Relevantes_Objekt_02,109,2,True,False,1.0,0.0,,7149,0,0,0,False
vw_meb_2024.dbc,0,0x300,MEB_ACC_01,ACC_Standby_Override,266,1,False,False,1.0,0.0,,7149,0,0,0,False
vw_meb_2024.dbc,0,0x300,MEB_ACC_01,ACC_Status_ACC,208,3,True,False,1.0,0.0,,7149,0,169,0,False
vw_meb_2024.dbc,0,0x300,MEB_ACC_01,ACC_Tempolimit,64,5,True,False,1.0,0.0,,7149,0,0,0,False
vw_meb_2024.dbc,0,0x300,MEB_ACC_01,ACC_Texte_Primaeranz_02,114,6,True,False,1.0,0.0,,7149,0,0,0,False
vw_meb_2024.dbc,0,0x300,MEB_ACC_01,ACC_Texte_Zusatzanz_02,120,6,True,False,1.0,0.0,,7149,0,0,0,False
vw_meb_2024.dbc,0,0x300,MEB_ACC_01,ACC_Warnhinweis,105,1,True,False,1.0,0.0,,7149,0,0,0,False
vw_meb_2024.dbc,0,0x300,MEB_ACC_01,ACC_Warnung_Verkehrszeichen_1,70,1,True,False,1.0,0.0,,7149,0,7149,0,False
vw_meb_2024.dbc,0,0x300,MEB_ACC_01,ACC_Wunschgeschw_02,76,10,True,False,0.32,0.0,Unit_KiloMeterPerHour,7149,0,0,7149,False
vw_meb_2024.dbc,0,0x300,MEB_ACC_01,ACC_Wunschgeschw_Farbe,69,1,True,False,1.0,0.0,,7149,0,0,0,False
vw_meb_2024.dbc,0,0x300,MEB_ACC_01,ACC_Wunschgeschw_erreicht,112,1,True,False,1.0,0.0,,7149,0,0,0,False
vw_meb_2024.dbc,0,0x300,MEB_ACC_01,ACC_rel_Objekt_Zusatzanz,98,2,True,False,1.0,0.0,,7149,0,0,0,False
vw_meb_2024.dbc,0,0x300,MEB_ACC_01,Heartbeat,150,9,True,False,1.0,0.0,,7149,0,5430,4941,False
vw_meb_2024.dbc,0,0x300,MEB_ACC_01,Lead_Brightness,269,4,True,False,1.0,0.0,,7149,0,0,0,False
vw_meb_2024.dbc,0,0x300,MEB_ACC_01,Lead_Distance,290,10,True,False,0.2,0.0,Unit_Meter,7149,0,0,0,False
vw_meb_2024.dbc,0,0x300,MEB_ACC_01,Lead_Distance_Left,310,10,True,False,0.2,0.0,Unit_Meter,7149,0,0,0,False
vw_meb_2024.dbc,0,0x300,MEB_ACC_01,Lead_Distance_Right,300,10,True,False,0.2,0.0,Unit_Meter,7149,0,0,0,False
vw_meb_2024.dbc,0,0x300,MEB_ACC_01,Lead_Position,281,2,True,False,1.0,0.0,,7149,0,0,0,False
vw_meb_2024.dbc,0,0x300,MEB_ACC_01,Lead_Type,287,3,True,False,1.0,0.0,,7149,0,0,0,False
vw_meb_2024.dbc,0,0x300,MEB_ACC_01,Lead_Type_Detected,265,1,False,False,1.0,0.0,,7149,0,0,0,False
vw_meb_2024.dbc,0,0x300,MEB_ACC_01,SET_ME_0X1,199,1,False,False,1.0,0.0,,7149,0,0,0,False
vw_meb_2024.dbc,0,0x300,MEB_ACC_01,SET_ME_0X6A,273,8,True,False,1.0,0.0,,7149,0,0,332,False
vw_meb_2024.dbc,0,0x300,MEB_ACC_01,SET_ME_0X7FFF,240,16,True,False,1.0,0.0,,7149,0,0,0,False
vw_meb_2024.dbc,0,0x300,MEB_ACC_01,SET_ME_0XFFFF,160,16,True,False,1.0,0.0,,7149,0,0,0,False
vw_meb_2024.dbc,0,0x300,MEB_ACC_01,STA_Primaeranz,126,2,True,False,1.0,0.0,,7149,0,0,0,False
vw_meb_2024.dbc,0,0x300,MEB_ACC_01,Street_Color,267,1,False,False,1.0,0.0,,7149,0,0,0,False
vw_meb_2024.dbc,0,0x300,MEB_ACC_01,Unknown_01,225,1,False,False,1.0,0.0,,7149,0,0,0,False
vw_meb_2024.dbc,0,0x300,MEB_ACC_01,Unknown_02,73,1,False,False,1.0,0.0,,7149,0,0,0,False
vw_meb_2024.dbc,0,0x300,MEB_ACC_01,Unknown_06,226,1,False,False,1.0,0.0,,7149,0,0,0,False
vw_meb_2024.dbc,0,0x300,MEB_ACC_01,Unknown_07,228,1,False,False,1.0,0.0,,7149,0,0,0,False
vw_meb_2024.dbc,0,0x300,MEB_ACC_01,Unknown_08,224,1,False,False,1.0,0.0,,7149,0,0,0,False
vw_meb_2024.dbc,0,0x300,MEB_ACC_01,Unknown_09,262,1,False,False,1.0,0.0,,7149,0,0,0,False
vw_meb_2024.dbc,0,0x300,MEB_ACC_01,Zeitluecke_1,334,9,True,False,0.171,0.0,Unit_Meter,7149,0,0,0,False
vw_meb_2024.dbc,0,0x300,MEB_ACC_01,Zeitluecke_2,344,9,True,False,0.171,0.0,Unit_Meter,7149,0,0,0,False
vw_meb_2024.dbc,0,0x300,MEB_ACC_01,Zeitluecke_3,354,9,True,False,0.171,0.0,Unit_Meter,7149,0,0,0,False
vw_meb_2024.dbc,0,0x300,MEB_ACC_01,Zeitluecke_4,364,9,True,False,0.171,0.0,Unit_Meter,7149,0,0,0,False
vw_meb_2024.dbc,0,0x300,MEB_ACC_01,Zeitluecke_5,374,9,True,False,0.171,0.0,Unit_Meter,7149,0,0,0,False
vw_meb_2024.dbc,0,0x300,MEB_ACC_01,Zeitluecke_Farbe,189,1,False,False,1.0,0.0,,7149,0,0,0,False
vw_meb_2024.dbc,0,0x303,HCA_03,Curvature,24,15,True,False,6.7e-06,0.0,Unit_rad/m,443,0,0,0,False
vw_meb_2024.dbc,0,0x303,HCA_03,Curvature_VZ,39,1,True,False,1.0,0.0,,443,0,0,0,False
vw_meb_2024.dbc,0,0x303,HCA_03,HighSendRate,66,1,True,False,1.0,0.0,,443,0,0,0,False
vw_meb_2024.dbc,0,0x303,HCA_03,Power,16,8,True,False,0.4,0.0,Unit_Percent,443,0,0,0,False
vw_meb_2024.dbc,0,0x303,HCA_03,RequestStatus,12,4,True,False,1.0,0.0,,443,0,0,0,False
vw_meb_2024.dbc,0,0x303,HCA_03,Unknown_01,53,1,False,False,1.0,0.0,,443,0,0,0,False
vw_meb_2024.dbc,0,0x303,HCA_03,Vibration,56,1,False,False,1.0,0.0,,443,0,0,0,False
vw_meb_2024.dbc,0,0x31b,ESP_24,ABS_Lampe,13,1,True,False,1.0,0.0,,233243,0,0,0,False
vw_meb_2024.dbc,0,0x31b,ESP_24,BK_Lampe_02,14,2,True,False,1.0,0.0,,233243,0,0,0,False
vw_meb_2024.dbc,0,0x31b,ESP_24,ESP_BKV_Warnung,63,1,True,False,1.0,0.0,,233243,0,0,0,False
vw_meb_2024.dbc,0,0x31b,ESP_24,ESP_Fehlerstatus_Wegimp,51,1,True,False,1.0,0.0,,233243,0,0,0,False
vw_meb_2024.dbc,0,0x31b,ESP_24,ESP_HDC_Geschw_Farbe,54,1,True,False,1.0,0.0,,233243,0,0,0,False
vw_meb_2024.dbc,0,0x31b,ESP_24,ESP_HDC_Regelgeschw,56,7,True,False,0.32,0.0,Unit_KiloMeterPerHour,233243,0,233243,233243,False
vw_meb_2024.dbc,0,0x31b,ESP_24,ESP_Lampe,12,1,True,False,1.0,0.0,,233243,0,0,0,False
vw_meb_2024.dbc,0,0x31b,ESP_24,ESP_Meldungen,37,3,True,False,1.0,0.0,,233243,0,0,0,False
vw_meb_2024.dbc,0,0x31b,ESP_24,ESP_Off_Lampe,55,1,True,False,1.0,0.0,,233243,0,0,0,False
vw_meb_2024.dbc,0,0x31b,ESP_24,ESP_QBit_Wegimp_VA,53,1,True,False,1.0,0.0,,233243,0,6,0,False
vw_meb_2024.dbc,0,0x31b,ESP_24,ESP_Textanzeigen_03,32,5,True,False,1.0,0.0,,233243,0,0,0,False
vw_meb_2024.dbc,0,0x31b,ESP_24,ESP_Wegimp_Ueberlauf,52,1,True,False,1.0,0.0,,233243,0,0,0,False
vw_meb_2024.dbc,0,0x31b,ESP_24,ESP_Wegimp_VA,40,11,True,False,1.0,0.0,,233243,0,0,0,True
vw_meb_2024.dbc,0,0x31b,ESP_24,ESP_m_Raddrehz,17,15,True,False,0.002,0.0,Unit_Hertz,233243,0,6,6,True
vw_meb_2024.dbc,0,0x31b,ESP_24,TC_Lampe,16,1,True,False,1.0,0.0,,233243,0,0,0,False
vw_meb_2024.dbc,0,0x352,Parken_SM_03,Parken_SM_03_MUX,0,3,True,False,1.0,0.0,,4289,0,0,0,False
vw_meb_2024.dbc,0,0x352,Parken_SM_03,Parken_SM_03_Traj_Trans_ID_00,3,4,True,False,1.0,0.0,,626,0,0,0,False
vw_meb_2024.dbc,0,0x352,Parken_SM_03,Parken_SM_03_Traj_Trans_ID_01,3,4,True,False,1.0,0.0,,619,0,0,0,False
vw_meb_2024.dbc,0,0x352,Parken_SM_03,Parken_SM_03_Traj_Trans_ID_02,3,4,True,False,1.0,0.0,,618,0,0,0,False
vw_meb_2024.dbc,0,0x352,Parken_SM_03,Parken_SM_03_Traj_Trans_ID_03,3,4,True,False,1.0,0.0,,613,0,0,0,False
vw_meb_2024.dbc,0,0x352,Parken_SM_03,Parken_SM_03_Traj_Trans_ID_04,3,4,True,False,1.0,0.0,,608,0,0,0,False
vw_meb_2024.dbc,0,0x352,Parken_SM_03,Parken_SM_03_Traj_Trans_ID_05,3,4,True,False,1.0,0.0,,604,0,0,0,False
vw_meb_2024.dbc,0,0x352,Parken_SM_03,Parken_SM_03_Traj_Trans_ID_06,3,4,True,False,1.0,0.0,,601,0,0,0,False
vw_meb_2024.dbc,0,0x352,Parken_SM_03,Parken_Traj_P1_Pos_X,7,13,True,False,0.5,-2047.5,Unit_Centimeter,626,0,0,0,False
vw_meb_2024.dbc,0,0x352,Parken_SM_03,Parken_Traj_P1_Pos_Y,20,13,True,False,0.5,-2047.5,Unit_Centimeter,626,0,0,0,False
vw_meb_2024.dbc,0,0x352,Parken_SM_03,Parken_Traj_P1_Tangent,33,10,True,False,0.3515625,0.0,Unit_DegreOfArc,626,0,0,0,False
vw_meb_2024.dbc,0,0x352,Parken_SM_03,Parken_Traj_P2_Pos_X,43,13,True,False,0.5,-2047.5,Unit_Centimeter,626,0,0,0,False
vw_meb_2024.dbc,0,0x352,Parken_SM_03,Parken_Traj_P2_Pos_Y,7,13,True,False,0.5,-2047.5,Unit_Centimeter,619,0,0,0,False
vw_meb_2024.dbc,0,0x352,Parken_SM_03,Parken_Traj_P2_Tangent,20,10,True,False,0.3515625,0.0,Unit_DegreOfArc,619,0,0,0,False
vw_meb_2024.dbc,0,0x352,Parken_SM_03,Parken_Traj_P3_Pos_X,30,13,True,False,0.5,-2047.5,Unit_Centimeter,619,0,0,0,False
vw_meb_2024.dbc,0,0x352,Parken_SM_03,Parken_Traj_P3_Pos_Y,43,13,True,False,0.5,-2047.5,Unit_Centimeter,619,0,0,0,False
vw_meb_2024.dbc,0,0x352,Parken_SM_03,Parken_Traj_P3_Tangent,7,10,True,False,0.3515625,0.0,Unit_DegreOfArc,618,0,0,0,False
vw_meb_2024.dbc,0,0x352,Parken_SM_03,Parken_Traj_P4_Pos_X,17,13,True,False,0.5,-2047.5,Unit_Centimeter,618,0,0,0,False
vw_meb_2024.dbc,0,0x352,Parken_SM_03,Parken_Traj_P4_Pos_Y,30,13,True,False,0.5,-2047.5,Unit_Centimeter,618,0,0,0,False
vw_meb_2024.dbc,0,0x352,Parken_SM_03,Parken_Traj_P4_Tangent,43,10,True,False,0.3515625,0.0,Unit_DegreOfArc,618,0,0,0,False
vw_meb_2024.dbc,0,0x352,Parken_SM_03,Parken_Traj_P5_Pos_X,7,13,True,False,0.5,-2047.5,Unit_Centimeter,613,0,0,0,False
vw_meb_2024.dbc,0,0x352,Parken_SM_03,Parken_Traj_P5_Pos_Y,20,13,True,False,0.5,-2047.5,Unit_Centimeter,613,0,0,0,False
vw_meb_2024.dbc,0,0x352,Parken_SM_03,Parken_Traj_P5_Tangent,33,10,True,False,0.3515625,0.0,Unit_DegreOfArc,613,0,0,0,False
vw_meb_2024.dbc,0,0x352,Parken_SM_03,Parken_Traj_P6_Pos_X,43,13,True,False,0.5,-2047.5,Unit_Centimeter,613,0,0,0,False
vw_meb_2024.dbc,0,0x352,Parken_SM_03,Parken_Traj_P6_Pos_Y,7,13,True,False,0.5,-2047.5,Unit_Centimeter,608,0,0,0,False
vw_meb_2024.dbc,0,0x352,Parken_SM_03,Parken_Traj_P6_Tangent,20,10,True,False,0.3515625,0.0,Unit_DegreOfArc,608,0,0,0,False
vw_meb_2024.dbc,0,0x352,Parken_SM_03,Parken_Traj_P7_Pos_X,30,13,True,False,0.5,-2047.5,Unit_Centimeter,608,0,0,0,False
vw_meb_2024.dbc,0,0x352,Parken_SM_03,Parken_Traj_P7_Pos_Y,43,13,True,False,0.5,-2047.5,Unit_Centimeter,608,0,0,0,False
vw_meb_2024.dbc,0,0x352,Parken_SM_03,Parken_Traj_P7_Tangent,7,10,True,False,0.3515625,0.0,Unit_DegreOfArc,604,0,0,0,False
vw_meb_2024.dbc,0,0x352,Parken_SM_03,Parken_Traj_P8_Pos_X,17,13,True,False,0.5,-2047.5,Unit_Centimeter,604,0,0,0,False
vw_meb_2024.dbc,0,0x352,Parken_SM_03,Parken_Traj_P8_Pos_Y,30,13,True,False,0.5,-2047.5,Unit_Centimeter,604,0,0,0,False
vw_meb_2024.dbc,0,0x352,Parken_SM_03,Parken_Traj_P8_Tangent,43,10,True,False,0.3515625,0.0,Unit_DegreOfArc,604,0,0,0,False
vw_meb_2024.dbc,0,0x352,Parken_SM_03,Parken_Traj_P9_Pos_X,7,13,True,False,0.5,-2047.5,Unit_Centimeter,601,0,0,0,False
vw_meb_2024.dbc,0,0x352,Parken_SM_03,Parken_Traj_P9_Pos_Y,20,13,True,False,0.5,-2047.5,Unit_Centimeter,601,0,0,0,False
vw_meb_2024.dbc,0,0x352,Parken_SM_03,Parken_Traj_P9_Tangent,33,10,True,False,0.3515625,0.0,Unit_DegreOfArc,601,0,0,0,False
vw_meb_2024.dbc,0,0x366,Blinkmodi_02,BM_Autobahn,34,1,True,False,1.0,0.0,,19316,0,0,0,False
vw_meb_2024.dbc,0,0x366,Blinkmodi_02,BM_Crash,16,1,True,False,1.0,0.0,,19316,0,0,0,False
vw_meb_2024.dbc,0,0x366,Blinkmodi_02,BM_DWA_Alarm,15,1,True,False,1.0,0.0,,19316,0,0,0,False
vw_meb_2024.dbc,0,0x366,Blinkmodi_02,BM_DWA_ein,14,1,True,False,1.0,0.0,,19316,0,0,0,False
vw_meb_2024.dbc,0,0x366,Blinkmodi_02,BM_GDO,19,1,True,False,1.0,0.0,,19316,0,0,0,False
vw_meb_2024.dbc,0,0x366,Blinkmodi_02,BM_HD_Oeffnung_angelernt,33,1,True,False,1.0,0.0,,19316,0,0,0,False
vw_meb_2024.dbc,0,0x366,Blinkmodi_02,BM_NBA_Status,30,2,True,False,1.0,0.0,,19316,0,0,0,False
vw_meb_2024.dbc,0,0x366,Blinkmodi_02,BM_NBA_n_codiert_n_aktiv,29,1,True,False,1.0,0.0,,19316,0,19316,0,False
vw_meb_2024.dbc,0,0x366,Blinkmodi_02,BM_Not_Bremsung,18,1,True,False,1.0,0.0,,19316,0,0,0,False
vw_meb_2024.dbc,0,0x366,Blinkmodi_02,BM_Panik,17,1,True,False,1.0,0.0,,19316,0,0,0,False
vw_meb_2024.dbc,0,0x366,Blinkmodi_02,BM_PiloPa,44,1,True,False,1.0,0.0,,19316,0,0,0,False
vw_meb_2024.dbc,0,0x366,Blinkmodi_02,BM_Recas,36,1,True,False,1.0,0.0,,19316,0,0,0,False
vw_meb_2024.dbc,0,0x366,Blinkmodi_02,BM_Rollenmodus_Blinken,35,1,True,False,1.0,0.0,,19316,0,0,0,False
vw_meb_2024.dbc,0,0x366,Blinkmodi_02,BM_Taxi_Notalarm,21,1,True,False,1.0,0.0,,19316,0,0,0,False
vw_meb_2024.dbc,0,0x366,Blinkmodi_02,BM_Telematik,22,1,True,False,1.0,0.0,,19316,0,0,0,False
vw_meb_2024.dbc,0,0x366,Blinkmodi_02,BM_Telematik_Abbruchgrund,38,6,True,False,1.0,0.0,,19316,0,19316,0,False
vw_meb_2024.dbc,0,0x366,Blinkmodi_02,BM_WBT_Beleuchtung,32,1,True,False,1.0,0.0,,19316,0,0,0,False
vw_meb_2024.dbc,0,0x366,Blinkmodi_02,BM_Warnblinken,20,1,True,False,1.0,0.0,,19316,0,0,0,False
vw_meb_2024.dbc,0,0x366,Blinkmodi_02,BM_Wischblinken,37,1,True,False,1.0,0.0,,19316,0,0,0,False
vw_meb_2024.dbc,0,0x366,Blinkmodi_02,BM_ZV_auf,12,1,True,False,1.0,0.0,,19316,0,0,0,False
vw_meb_2024.dbc,0,0x366,Blinkmodi_02,BM_ZV_zu,13,1,True,False,1.0,0.0,,19316,0,0,0,False
vw_meb_2024.dbc,0,0x366,Blinkmodi_02,BM_links,23,1,True,False,1.0,0.0,,19316,0,0,0,False
vw_meb_2024.dbc,0,0x366,Blinkmodi_02,BM_rechts,24,1,True,False,1.0,0.0,,19316,0,0,0,False
vw_meb_2024.dbc,0,0x366,Blinkmodi_02,Blinken_li_Fzg_Takt,25,1,True,False,1.0,0.0,,19316,0,0,0,False
vw_meb_2024.dbc,0,0x366,Blinkmodi_02,Blinken_li_Kombi_Takt,27,1,True,False,1.0,0.0,,19316,0,0,0,False
vw_meb_2024.dbc,0,0x366,Blinkmodi_02,Blinken_re_Fzg_Takt,26,1,True,False,1.0,0.0,,19316,0,0,0,False
vw_meb_2024.dbc,0,0x366,Blinkmodi_02,Blinken_re_Kombi_Takt,28,1,True,False,1.0,0.0,,19316,0,0,0,False
vw_meb_2024.dbc,0,0x366,Blinkmodi_02,DWA_Alarmquelle,59,5,True,False,1.0,0.0,,19316,0,0,0,False
vw_meb_2024.dbc,0,0x366,Blinkmodi_02,Unknown_01,45,2,True,False,1.0,0.0,,19316,0,0,0,False
vw_meb_2024.dbc,0,0x380,APS_Master,Active,54,1,False,False,1.0,0.0,,5364,0,0,0,False
vw_meb_2024.dbc,0,0x380,APS_Master,Distance,55,9,True,False,1.0,0.0,,5364,0,0,5335,False
vw_meb_2024.dbc,0,0x397,LDW_02,LDW_Anlaufsp_VLR,24,4,True,False,1.0,0.0,,4296,0,0,0,False
vw_meb_2024.dbc,0,0x397,LDW_02,LDW_Anlaufzeit_VLR,32,4,True,False,1.0,0.0,,4296,0,0,0,False
vw_meb_2024.dbc,0,0x397,LDW_02,LDW_Codierinfo_fuer_VLR,58,2,True,False,1.0,0.0,,4296,0,0,0,False
vw_meb_2024.dbc,0,0x397,LDW_02,LDW_DLC,40,8,True,False,0.01,-1.25,Unit_Meter,4296,0,0,0,False
vw_meb_2024.dbc,0,0x397,LDW_02,LDW_Frontscheibenheizung_aktiv,60,1,True,False,1.0,0.0,,4296,0,0,0,False
vw_meb_2024.dbc,0,0x397,LDW_02,LDW_Gong,12,2,True,False,1.0,0.0,,4296,0,0,0,False
vw_meb_2024.dbc,0,0x397,LDW_02,LDW_KD_Fehler,63,1,True,False,1.0,0.0,,4296,0,0,0,False
vw_meb_2024.dbc,0,0x397,LDW_02,LDW_Lernmodus,21,3,True,False,1.0,0.0,,4296,0,0,0,False
vw_meb_2024.dbc,0,0x397,LDW_02,LDW_Lernmodus_links,38,2,True,False,1.0,0.0,,4296,0,0,0,False
vw_meb_2024.dbc,0,0x397,LDW_02,LDW_Lernmodus_rechts,36,2,True,False,1.0,0.0,,4296,0,0,0,False
vw_meb_2024.dbc,0,0x397,LDW_02,LDW_SW_Warnung_links,14,1,True,False,1.0,0.0,,4296,0,0,0,False
vw_meb_2024.dbc,0,0x397,LDW_02,LDW_SW_Warnung_rechts,15,1,True,False,1.0,0.0,,4296,0,0,0,False
vw_meb_2024.dbc,0,0x397,LDW_02,LDW_Seite_DLCTLC,20,1,True,False,1.0,0.0,,4296,0,0,0,False
vw_meb_2024.dbc,0,0x397,LDW_02,LDW_Status_LED_gelb,61,1,True,False,1.0,0.0,,4296,0,0,0,False
vw_meb_2024.dbc,0,0x397,LDW_02,LDW_Status_LED_gruen,62,1,True,False,1.0,0.0,,4296,0,0,0,False
vw_meb_2024.dbc,0,0x397,LDW_02,LDW_TLC,48,5,True,False,0.1,0.0,Unit_Secon,4296,0,0,0,False
vw_meb_2024.dbc,0,0x397,LDW_02,LDW_Texte,16,4,True,False,1.0,0.0,,4296,0,0,0,False
vw_meb_2024.dbc,0,0x397,LDW_02,LDW_Vib_Amp_VLR,28,4,True,False,1.0,0.0,,4296,0,0,0,False
vw_meb_2024.dbc,0,0x397,LDW_02,LDW_Warnung_links,56,1,True,False,1.0,0.0,,4296,0,0,0,False
vw_meb_2024.dbc,0,0x397,LDW_02,LDW_Warnung_rechts,57,1,True,False,1.0,0.0,,4296,0,0,0,False
vw_meb_2024.dbc,0,0x3be,Motor_14,CHECKSUM,0,8,True,False,1.0,0.0,,116673,0,0,0,False
vw_meb_2024.dbc,0,0x3be,Motor_14,COUNTER,8,4,True,False,1.0,0.0,,116673,0,0,0,False
vw_meb_2024.dbc,0,0x3be,Motor_14,MO_Aussp_Anlass,35,1,True,False,1.0,0.0,,116673,0,0,0,False
vw_meb_2024.dbc,0,0x3be,Motor_14,MO_BKV_Unterdruckwarnung,45,1,True,False,1.0,0.0,,116673,0,0,0,False
vw_meb_2024.dbc,0,0x3be,Motor_14,MO_BLS,30,1,True,False,1.0,0.0,,116673,0,0,0,False
vw_meb_2024.dbc,0,0x3be,Motor_14,MO_BMS_NV_Anf_stuetzen,58,1,True,False,1.0,0.0,,116673,0,0,0,False
vw_meb_2024.dbc,0,0x3be,Motor_14,MO_EKlKomLeiRed,42,2,True,False,1.0,0.0,,116673,0,0,0,False
vw_meb_2024.dbc,0,0x3be,Motor_14,MO_Ext_E_Fahrt_aktiv,27,1,True,False,1.0,0.0,,116673,0,0,0,False
vw_meb_2024.dbc,0,0x3be,Motor_14,MO_FMAus_Startvariante,56,2,True,False,1.0,0.0,,116673,0,0,0,False
vw_meb_2024.dbc,0,0x3be,Motor_14,MO_FMAus_aktiv,55,1,True,False,1.0,0.0,,116673,0,0,0,False
vw_meb_2024.dbc,0,0x3be,Motor_14,MO_Fahrer_bremst,28,1,True,False,1.0,0.0,,116673,0,0,0,False
vw_meb_2024.dbc,0,0x3be,Motor_14,MO_Freig_Anlass,36,1,True,False,1.0,0.0,,116673,0,0,0,False
vw_meb_2024.dbc,0,0x3be,Motor_14,MO_Freig_Reku,16,2,True,False,1.0,0.0,,116673,0,0,0,False
vw_meb_2024.dbc,0,0x3be,Motor_14,MO_Freigabe_Segeln,46,1,True,False,1.0,0.0,,116673,0,0,0,False
vw_meb_2024.dbc,0,0x3be,Motor_14,MO_Gangposition,20,4,True,False,1.0,0.0,,116673,0,0,0,False
vw_meb_2024.dbc,0,0x3be,Motor_14,MO_HYB_Fahrbereitschaft,26,1,True,False,1.0,0.0,,116673,0,0,0,False
vw_meb_2024.dbc,0,0x3be,Motor_14,MO_HYB_VM_aktiv,61,1,True,False,1.0,0.0,,116673,0,0,0,False
vw_meb_2024.dbc,0,0x3be,Motor_14,MO_Handshake_STH,44,1,True,False,1.0,0.0,,116673,0,0,0,False
vw_meb_2024.dbc,0,0x3be,Motor_14,MO_Interlock,38,1,True,False,1.0,0.0,,116673,0,0,0,False
vw_meb_2024.dbc,0,0x3be,Motor_14,MO_Kickdown,40,1,True,False,1.0,0.0,,116673,0,0,0,False
vw_meb_2024.dbc,0,0x3be,Motor_14,MO_Kl_50,19,1,True,False,1.0,0.0,,116673,0,0,0,False
vw_meb_2024.dbc,0,0x3be,Motor_14,MO_Kl_75,18,1,True,False,1.0,0.0,,116673,0,0,0,False
vw_meb_2024.dbc,0,0x3be,Motor_14,MO_Klima_Eingr,33,2,True,False,1.0,0.0,,116673,0,0,0,False
vw_meb_2024.dbc,0,0x3be,Motor_14,MO_KomFehler_ESP,32,1,True,False,1.0,0.0,,116673,0,116673,0,False
vw_meb_2024.dbc,0,0x3be,Motor_14,MO_Konsistenz_Bremsped,31,1,True,False,1.0,0.0,,116673,0,0,0,False
vw_meb_2024.dbc,0,0x3be,Motor_14,MO_Kuppl_schalter,37,1,True,False,1.0,0.0,,116673,0,0,0,False
vw_meb_2024.dbc,0,0x3be,Motor_14,MO_Motor_laeuft,39,1,True,False,1.0,0.0,,116673,0,0,0,False
vw_meb_2024.dbc,0,0x3be,Motor_14,MO_PTC_Status,47,3,True,False,1.0,0.0,,116673,0,0,0,False
vw_meb_2024.dbc,0,0x3be,Motor_14,MO_QBit_Fahrer_bremst,29,1,True,False,1.0,0.0,,116673,0,0,0,False
vw_meb_2024.dbc,0,0x3be,Motor_14,MO_QBit_Gangposition,50,1,True,False,1.0,0.0,,116673,0,116673,0,False
vw_meb_2024.dbc,0,0x3be,Motor_14,MO_QBit_KL_75,41,1,True,False,1.0,0.0,,116673,0,116673,0,False
vw_meb_2024.dbc,0,0x3be,Motor_14,MO_Remotestart_Betrieb,52,1,True,False,1.0,0.0,,116673,0,0,0,False
vw_meb_2024.dbc,0,0x3be,Motor_14,MO_Remotestart_moeglich,53,1,True,False,1.0,0.0,,116673,0,0,0,False
vw_meb_2024.dbc,0,0x3be,Motor_14,MO_Signalquelle_Gangposition,51,1,True,False,1.0,0.0,,116673,0,0,0,False
vw_meb_2024.dbc,0,0x3be,Motor_14,MO_StartStopp_Fahrerwunsch,24,2,True,False,1.0,0.0,,116673,0,116673,0,False
vw_meb_2024.dbc,0,0x3be,Motor_14,MO_StartStopp_Motorstopp,15,1,True,False,1.0,0.0,,116673,0,0,0,False
vw_meb_2024.dbc,0,0x3be,Motor_14,MO_StartStopp_Status,12,2,True,False,1.0,0.0,,116673,0,0,0,False
vw_meb_2024.dbc,0,0x3be,Motor_14,MO_StartStopp_Wiederstart,14,1,True,False,1.0,0.0,,116673,0,0,0,False
vw_meb_2024.dbc,0,0x3be,Motor_14,MO_StartVorauss_erfuellt,62,2,True,False,1.0,0.0,,116673,0,0,0,False
vw_meb_2024.dbc,0,0x3be,Motor_14,MO_Zylinderabschaltung,59,2,True,False,1.0,0.0,,116673,0,0,0,False
vw_meb_2024.dbc,0,0x3c0,Klemmen_Status_01,BCM_Ausparken_Betrieb,28,1,True,False,1.0,0.0,,116656,0,0,0,False
vw_meb_2024.dbc,0,0x3c0,Klemmen_Status_01,BCM_Remotestart_Betrieb,20,1,True,False,1.0,0.0,,116656,0,0,0,False
vw_meb_2024.dbc,0,0x3c0,Klemmen_Status_01,BCM_Remotestart_KL15_Anf,22,1,True,False,1.0,0.0,,116656,0,0,0,False
vw_meb_2024.dbc,0,0x3c0,Klemmen_Status_01,BCM_Remotestart_MO_Start,23,1,True,False,1.0,0.0,,116656,0,0,0,False
vw_meb_2024.dbc,0,0x3c0,Klemmen_Status_01,KST_Fahrerhinweis_1,26,1,True,False,1.0,0.0,,116656,0,0,0,False
vw_meb_2024.dbc,0,0x3c0,Klemmen_Status_01,KST_Fahrerhinweis_2,27,1,True,False,1.0,0.0,,116656,0,0,0,False
vw_meb_2024.dbc,0,0x3c0,Klemmen_Status_01,KST_Fahrerhinweis_4,29,1,True,False,1.0,0.0,,116656,0,0,0,False
vw_meb_2024.dbc,0,0x3c0,Klemmen_Status_01,KST_Fahrerhinweis_5,30,1,True,False,1.0,0.0,,116656,0,0,0,False
vw_meb_2024.dbc,0,0x3c0,Klemmen_Status_01,KST_Fahrerhinweis_6,31,1,True,False,1.0,0.0,,116656,0,0,0,False
vw_meb_2024.dbc,0,0x3c0,Klemmen_Status_01,KST_Warn_P1_ZST_def,24,1,True,False,1.0,0.0,,116656,0,0,0,False
vw_meb_2024.dbc,0,0x3c0,Klemmen_Status_01,KST_Warn_P2_ZST_def,25,1,True,False,1.0,0.0,,116656,0,0,0,False
vw_meb_2024.dbc,0,0x3c0,Klemmen_Status_01,Klemmen_Status_01_BZ,8,4,True,False,1.0,0.0,,116656,0,0,0,False
vw_meb_2024.dbc,0,0x3c0,Klemmen_Status_01,Klemmen_Status_01_CRC,0,8,True,False,1.0,0.0,,116656,0,0,0,False
vw_meb_2024.dbc,0,0x3c0,Klemmen_Status_01,RSt_Fahrerhinweise,12,4,True,False,1.0,0.0,,116656,0,116656,0,False
vw_meb_2024.dbc,0,0x3c0,Klemmen_Status_01,ZAS_Kl_15,17,1,True,False,1.0,0.0,,116656,0,0,0,False
vw_meb_2024.dbc,0,0x3c0,Klemmen_Status_01,ZAS_Kl_50_Startanforderung,19,1,True,False,1.0,0.0,,116656,0,0,0,False
vw_meb_2024.dbc,0,0x3c0,Klemmen_Status_01,ZAS_Kl_Infotainment,21,1,True,False,1.0,0.0,,116656,0,0,0,False
vw_meb_2024.dbc,0,0x3c0,Klemmen_Status_01,ZAS_Kl_S,16,1,True,False,1.0,0.0,,116656,0,0,0,False
vw_meb_2024.dbc,0,0x3c0,Klemmen_Status_01,ZAS_Kl_X,18,1,True,False,1.0,0.0,,116656,0,0,0,False
vw_meb_2024.dbc,0,0x3ce,TSG_HFS_01,ASW_Warnung_aktiv_HFS,40,1,True,False,1.0,0.0,,116673,0,0,0,False
vw_meb_2024.dbc,0,0x3ce,TSG_HFS_01,HFS_FH_Bew_hoch,32,1,True,False,1.0,0.0,,116673,0,0,0,False
vw_meb_2024.dbc,0,0x3ce,TSG_HFS_01,HFS_FH_Bew_tief,33,1,True,False,1.0,0.0,,116673,0,0,0,False
vw_meb_2024.dbc,0,0x3ce,TSG_HFS_01,HFS_FH_Block,35,1,True,False,1.0,0.0,,116673,0,0,0,False
vw_meb_2024.dbc,0,0x3ce,TSG_HFS_01,HFS_FH_Fang,34,1,True,False,1.0,0.0,,116673,0,0,0,False
vw_meb_2024.dbc,0,0x3ce,TSG_HFS_01,HFS_FH_Oeffnung,24,8,True,False,0.5,0.0,Unit_PerCent,116673,0,0,0,False
vw_meb_2024.dbc,0,0x3ce,TSG_HFS_01,HFS_FH_S_AutoHoch,21,1,True,False,1.0,0.0,,116673,0,0,0,False
vw_meb_2024.dbc,0,0x3ce,TSG_HFS_01,HFS_FH_S_AutoTief,23,1,True,False,1.0,0.0,,116673,0,0,0,False
vw_meb_2024.dbc,0,0x3ce,TSG_HFS_01,HFS_FH_S_HBFS_AutoHoch,10,1,True,False,1.0,0.0,,116673,0,0,0,False
vw_meb_2024.dbc,0,0x3ce,TSG_HFS_01,HFS_FH_S_HBFS_AutoTief,11,1,True,False,1.0,0.0,,116673,0,0,0,False
vw_meb_2024.dbc,0,0x3ce,TSG_HFS_01,HFS_FH_S_HBFS_ManHoch,12,1,True,False,1.0,0.0,,116673,0,0,0,False
vw_meb_2024.dbc,0,0x3ce,TSG_HFS_01,HFS_FH_S_HBFS_ManTief,13,1,True,False,1.0,0.0,,116673,0,0,0,False
vw_meb_2024.dbc,0,0x3ce,TSG_HFS_01,HFS_FH_S_ManHoch,20,1,True,False,1.0,0.0,,116673,0,0,0,False
vw_meb_2024.dbc,0,0x3ce,TSG_HFS_01,HFS_FH_S_ManTief,22,1,True,False,1.0,0.0,,116673,0,0,0,False
vw_meb_2024.dbc,0,0x3ce,TSG_HFS_01,HFS_FH_Thermo,36,1,True,False,1.0,0.0,,116673,0,0,0,False
vw_meb_2024.dbc,0,0x3ce,TSG_HFS_01,HFS_FH_normiert,39,1,True,False,1.0,0.0,,116673,0,0,0,False
vw_meb_2024.dbc,0,0x3ce,TSG_HFS_01,HFS_Heckrollotaster_betaetigt,3,1,True,False,1.0,0.0,,116673,0,0,0,False
vw_meb_2024.dbc,0,0x3ce,TSG_HFS_01,HFS_Lock_Taster,6,1,True,False,1.0,0.0,,116673,0,0,0,False
vw_meb_2024.dbc,0,0x3ce,TSG_HFS_01,HFS_Lock_Taster_inv,55,1,True,False,1.0,0.0,,116673,0,0,0,False
vw_meb_2024.dbc,0,0x3ce,TSG_HFS_01,HFS_MRollo_Schalter,52,3,True,False,1.0,0.0,,116673,0,116673,0,False
vw_meb_2024.dbc,0,0x3ce,TSG_HFS_01,HFS_Oben_Block_erw,46,1,True,False,1.0,0.0,,116673,0,0,0,False
vw_meb_2024.dbc,0,0x3ce,TSG_HFS_01,HFS_SAD_Schalter,16,4,True,False,1.0,0.0,,116673,0,116673,0,False
vw_meb_2024.dbc,0,0x3ce,TSG_HFS_01,HFS_Seitenrollo_hoch,42,1,True,False,1.0,0.0,,116673,0,0,0,False
vw_meb_2024.dbc,0,0x3ce,TSG_HFS_01,HFS_Seitenrollo_tief,43,1,True,False,1.0,0.0,,116673,0,0,0,False
vw_meb_2024.dbc,0,0x3ce,TSG_HFS_01,HFS_Sperrklinke,7,1,True,False,1.0,0.0,,116673,0,0,0,False
vw_meb_2024.dbc,0,0x3ce,TSG_HFS_01,HFS_Status_KiSi,44,1,True,False,1.0,0.0,,116673,0,0,0,False
vw_meb_2024.dbc,0,0x3ce,TSG_HFS_01,HFS_Status_eTAG,56,2,True,False,1.0,0.0,,116673,0,116673,0,False
vw_meb_2024.dbc,0,0x3ce,TSG_HFS_01,HFS_TAG_betaetigt,8,1,True,False,1.0,0.0,,116673,0,0,0,False
vw_meb_2024.dbc,0,0x3ce,TSG_HFS_01,HFS_TCR_Mode_aktiv,59,1,True,False,1.0,0.0,,116673,0,0,0,False
vw_meb_2024.dbc,0,0x3ce,TSG_HFS_01,HFS_TIG_betaetigt,9,1,True,False,1.0,0.0,,116673,0,0,0,False
vw_meb_2024.dbc,0,0x3ce,TSG_HFS_01,HFS_Tuer_Status,14,2,True,False,1.0,0.0,,116673,0,0,0,False
vw_meb_2024.dbc,0,0x3ce,TSG_HFS_01,HFS_Tuer_Status_QBit,58,1,True,False,1.0,0.0,,116673,0,0,0,False
vw_meb_2024.dbc,0,0x3ce,TSG_HFS_01,HFS_Tuer_geoeffnet,0,1,True,False,1.0,0.0,,116673,0,0,0,False
vw_meb_2024.dbc,0,0x3ce,TSG_HFS_01,HFS_Tueroeffnen_Warnung,38,1,True,False,1.0,0.0,,116673,0,0,0,False
vw_meb_2024.dbc,0,0x3ce,TSG_HFS_01,HFS_Tuerschloss_defekt,4,1,True,False,1.0,0.0,,116673,0,0,0,False
vw_meb_2024.dbc,0,0x3ce,TSG_HFS_01,HFS_UEKB_aktiviert,37,1,True,False,1.0,0.0,,116673,0,0,0,False
vw_meb_2024.dbc,0,0x3ce,TSG_HFS_01,HFS_Unlock_Taster,5,1,True,False,1.0,0.0,,116673,0,0,0,False
vw_meb_2024.dbc,0,0x3ce,TSG_HFS_01,HFS_Unten_Block_erw,47,1,True,False,1.0,0.0,,116673,0,0,0,False
vw_meb_2024.dbc,0,0x3ce,TSG_HFS_01,HFS_Zuziehhilfe_aktiv,41,1,True,False,1.0,0.0,,116673,0,116673,0,False
vw_meb_2024.dbc,0,0x3ce,TSG_HFS_01,HFS_gesafet,2,1,True,False,1.0,0.0,,116673,0,0,0,False
vw_meb_2024.dbc,0,0x3ce,TSG_HFS_01,HFS_verriegelt,1,1,True,False,1.0,0.0,,116673,0,0,0,False
vw_meb_2024.dbc,0,0x3ce,TSG_HFS_01,MTHFS_M_Taste,48,1,True,False,1.0,0.0,,116673,0,0,0,False
vw_meb_2024.dbc,0,0x3ce,TSG_HFS_01,MTHFS_Pos1,49,1,True,False,1.0,0.0,,116673,0,0,0,False
vw_meb_2024.dbc,0,0x3ce,TSG_HFS_01,MTHFS_Pos2,50,1,True,False,1.0,0.0,,116673,0,0,0,False
vw_meb_2024.dbc,0,0x3ce,TSG_HFS_01,MTHFS_Pos3,51,1,True,False,1.0,0.0,,116673,0,0,0,False
vw_meb_2024.dbc,0,0x3ce,TSG_HFS_01,SSR_HFS_Pos_Unten,45,1,True,False,1.0,0.0,,116673,0,0,0,False
vw_meb_2024.dbc,0,0x3cf,TSG_HBFS_01,ASW_Warnung_aktiv_HBFS,40,1,True,False,1.0,0.0,,116690,0,0,0,False
vw_meb_2024.dbc,0,0x3cf,TSG_HBFS_01,HBFS_FH_Bew_hoch,32,1,True,False,1.0,0.0,,116690,0,0,0,False
vw_meb_2024.dbc,0,0x3cf,TSG_HBFS_01,HBFS_FH_Bew_tief,33,1,True,False,1.0,0.0,,116690,0,0,0,False
vw_meb_2024.dbc,0,0x3cf,TSG_HBFS_01,HBFS_FH_Block,35,1,True,False,1.0,0.0,,116690,0,0,0,False
vw_meb_2024.dbc,0,0x3cf,TSG_HBFS_01,HBFS_FH_Fang,34,1,True,False,1.0,0.0,,116690,0,0,0,False
vw_meb_2024.dbc,0,0x3cf,TSG_HBFS_01,HBFS_FH_Oeffnung,24,8,True,False,0.5,0.0,Unit_PerCent,116690,0,0,0,False
vw_meb_2024.dbc,0,0x3cf,TSG_HBFS_01,HBFS_FH_S_AutoHoch,21,1,True,False,1.0,0.0,,116690,0,0,0,False
vw_meb_2024.dbc,0,0x3cf,TSG_HBFS_01,HBFS_FH_S_AutoTief,23,1,True,False,1.0,0.0,,116690,0,0,0,False
vw_meb_2024.dbc,0,0x3cf,TSG_HBFS_01,HBFS_FH_S_HFS_AutoHoch,10,1,True,False,1.0,0.0,,116690,0,0,0,False
vw_meb_2024.dbc,0,0x3cf,TSG_HBFS_01,HBFS_FH_S_HFS_AutoTief,11,1,True,False,1.0,0.0,,116690,0,0,0,False
vw_meb_2024.dbc,0,0x3cf,TSG_HBFS_01,HBFS_FH_S_HFS_ManHoch,12,1,True,False,1.0,0.0,,116690,0,0,0,False
vw_meb_2024.dbc,0,0x3cf,TSG_HBFS_01,HBFS_FH_S_HFS_ManTief,13,1,True,False,1.0,0.0,,116690,0,0,0,False
vw_meb_2024.dbc,0,0x3cf,TSG_HBFS_01,HBFS_FH_S_ManHoch,20,1,True,False,1.0,0.0,,116690,0,0,0,False
vw_meb_2024.dbc,0,0x3cf,TSG_HBFS_01,HBFS_FH_S_ManTief,22,1,True,False,1.0,0.0,,116690,0,0,0,False
vw_meb_2024.dbc,0,0x3cf,TSG_HBFS_01,HBFS_FH_Thermo,36,1,True,False,1.0,0.0,,116690,0,0,0,False
vw_meb_2024.dbc,0,0x3cf,TSG_HBFS_01,HBFS_FH_normiert,39,1,True,False,1.0,0.0,,116690,0,0,0,False
vw_meb_2024.dbc,0,0x3cf,TSG_HBFS_01,HBFS_Heckrollotaster_betaetigt,3,1,True,False,1.0,0.0,,116690,0,0,0,False
vw_meb_2024.dbc,0,0x3cf,TSG_HBFS_01,HBFS_Lock_Taster,6,1,True,False,1.0,0.0,,116690,0,0,0,False
vw_meb_2024.dbc,0,0x3cf,TSG_HBFS_01,HBFS_Lock_Taster_inv,55,1,True,False,1.0,0.0,,116690,0,0,0,False
vw_meb_2024.dbc,0,0x3cf,TSG_HBFS_01,HBFS_MRollo_Schalter,52,3,True,False,1.0,0.0,,116690,0,116690,0,False
vw_meb_2024.dbc,0,0x3cf,TSG_HBFS_01,HBFS_Oben_Block_erw,46,1,True,False,1.0,0.0,,116690,0,0,0,False
vw_meb_2024.dbc,0,0x3cf,TSG_HBFS_01,HBFS_SAD_Schalter,16,4,True,False,1.0,0.0,,116690,0,116690,0,False
vw_meb_2024.dbc,0,0x3cf,TSG_HBFS_01,HBFS_Seitenrollo_hoch,42,1,True,False,1.0,0.0,,116690,0,0,0,False
vw_meb_2024.dbc,0,0x3cf,TSG_HBFS_01,HBFS_Seitenrollo_tief,43,1,True,False,1.0,0.0,,116690,0,0,0,False
vw_meb_2024.dbc,0,0x3cf,TSG_HBFS_01,HBFS_Sperrklinke,7,1,True,False,1.0,0.0,,116690,0,0,0,False
vw_meb_2024.dbc,0,0x3cf,TSG_HBFS_01,HBFS_Status_KiSi,44,1,True,False,1.0,0.0,,116690,0,0,0,False
vw_meb_2024.dbc,0,0x3cf,TSG_HBFS_01,HBFS_Status_KiSi_inv,56,1,True,False,1.0,0.0,,116690,0,0,0,False
vw_meb_2024.dbc,0,0x3cf,TSG_HBFS_01,HBFS_Status_eTAG,57,2,True,False,1.0,0.0,,116690,0,116690,0,False
vw_meb_2024.dbc,0,0x3cf,TSG_HBFS_01,HBFS_TAG_betaetigt,8,1,True,False,1.0,0.0,,116690,0,0,0,False
vw_meb_2024.dbc,0,0x3cf,TSG_HBFS_01,HBFS_TIG_betaetigt,9,1,True,False,1.0,0.0,,116690,0,0,0,False
vw_meb_2024.dbc,0,0x3cf,TSG_HBFS_01,HBFS_TIG_betaetigt_schliessen,60,1,True,False,1.0,0.0,,116690,0,0,0,False
vw_meb_2024.dbc,0,0x3cf,TSG_HBFS_01,HBFS_Tuer_Status,14,2,True,False,1.0,0.0,,116690,0,0,0,False
vw_meb_2024.dbc,0,0x3cf,TSG_HBFS_01,HBFS_Tuer_Status_QBit,59,1,True,False,1.0,0.0,,116690,0,0,0,False
vw_meb_2024.dbc,0,0x3cf,TSG_HBFS_01,HBFS_Tuer_geoeffnet,0,1,True,False,1.0,0.0,,116690,0,0,0,False
vw_meb_2024.dbc,0,0x3cf,TSG_HBFS_01,HBFS_Tueroeffnen_Warnung,38,1,True,False,1.0,0.0,,116690,0,0,0,False
vw_meb_2024.dbc,0,0x3cf,TSG_HBFS_01,HBFS_Tuerschloss_defekt,4,1,True,False,1.0,0.0,,116690,0,0,0,False
vw_meb_2024.dbc,0,0x3cf,TSG_HBFS_01,HBFS_UEKB_aktiviert,37,1,True,False,1.0,0.0,,116690,0,0,0,False
vw_meb_2024.dbc,0,0x3cf,TSG_HBFS_01,HBFS_Unlock_Taster,5,1,True,False,1.0,0.0,,116690,0,0,0,False
vw_meb_2024.dbc,0,0x3cf,TSG_HBFS_01,HBFS_Unten_Block_erw,47,1,True,False,1.0,0.0,,116690,0,0,0,False
vw_meb_2024.dbc,0,0x3cf,TSG_HBFS_01,HBFS_Zuziehhilfe_aktiv,41,1,True,False,1.0,0.0,,116690,0,116690,0,False
vw_meb_2024.dbc,0,0x3cf,TSG_HBFS_01,HBFS_gesafet,2,1,True,False,1.0,0.0,,116690,0,0,0,False
vw_meb_2024.dbc,0,0x3cf,TSG_HBFS_01,HBFS_verriegelt,1,1,True,False,1.0,0.0,,116690,0,0,0,False
vw_meb_2024.dbc,0,0x3cf,TSG_HBFS_01,MTHBFS_M_Taste,48,1,True,False,1.0,0.0,,116690,0,0,0,False
vw_meb_2024.dbc,0,0x3cf,TSG_HBFS_01,MTHBFS_Pos1,49,1,True,False,1.0,0.0,,116690,0,0,0,False
vw_meb_2024.dbc,0,0x3cf,TSG_HBFS_01,MTHBFS_Pos2,50,1,True,False,1.0,0.0,,116690,0,0,0,False
vw_meb_2024.dbc,0,0x3cf,TSG_HBFS_01,MTHBFS_Pos3,51,1,True,False,1.0,0.0,,116690,0,0,0,False
vw_meb_2024.dbc,0,0x3cf,TSG_HBFS_01,SSR_HBFS_Pos_Unten,45,1,True,False,1.0,0.0,,116690,0,0,0,False
vw_meb_2024.dbc,0,0x3d0,TSG_FT_01,ASW_HMI_defekt,38,1,True,False,1.0,0.0,,116808,0,0,0,False
vw_meb_2024.dbc,0,0x3d0,TSG_FT_01,ASW_Warnung_aktiv_FS,56,1,True,False,1.0,0.0,,116808,0,0,0,False
vw_meb_2024.dbc,0,0x3d0,TSG_FT_01,ASW_wakeup,45,1,True,False,1.0,0.0,,116808,0,0,0,False
vw_meb_2024.dbc,0,0x3d0,TSG_FT_01,FS_Status_eTAG,62,2,True,False,1.0,0.0,,116808,0,116808,0,False
vw_meb_2024.dbc,0,0x3d0,TSG_FT_01,FT_BFS_Fond_Freigabe,52,1,True,False,1.0,0.0,,116808,0,0,0,False
vw_meb_2024.dbc,0,0x3d0,TSG_FT_01,FT_Daemmglas,54,1,True,False,1.0,0.0,,116808,0,0,0,False
vw_meb_2024.dbc,0,0x3d0,TSG_FT_01,FT_FH_Bew_hoch,32,1,True,False,1.0,0.0,,116808,0,116731,0,False
vw_meb_2024.dbc,0,0x3d0,TSG_FT_01,FT_FH_Bew_tief,33,1,True,False,1.0,0.0,,116808,0,116749,0,False
vw_meb_2024.dbc,0,0x3d0,TSG_FT_01,FT_FH_Block,35,1,True,False,1.0,0.0,,116808,0,116808,0,False
vw_meb_2024.dbc,0,0x3d0,TSG_FT_01,FT_FH_Fang,34,1,True,False,1.0,0.0,,116808,0,0,0,False
vw_meb_2024.dbc,0,0x3d0,TSG_FT_01,FT_FH_Oeffnung,24,8,True,False,0.5,0.0,Unit_PerCent,116808,0,0,0,False
vw_meb_2024.dbc,0,0x3d0,TSG_FT_01,FT_FH_Pos_oben,57,1,True,False,1.0,0.0,,116808,0,0,0,False
vw_meb_2024.dbc,0,0x3d0,TSG_FT_01,FT_FH_S_AutoHoch,21,1,True,False,1.0,0.0,,116808,0,116797,0,False
vw_meb_2024.dbc,0,0x3d0,TSG_FT_01,FT_FH_S_AutoTief,23,1,True,False,1.0,0.0,,116808,0,116804,0,False
vw_meb_2024.dbc,0,0x3d0,TSG_FT_01,FT_FH_S_ManHoch,20,1,True,False,1.0,0.0,,116808,0,116808,0,False
vw_meb_2024.dbc,0,0x3d0,TSG_FT_01,FT_FH_S_ManTief,22,1,True,False,1.0,0.0,,116808,0,116796,0,False
vw_meb_2024.dbc,0,0x3d0,TSG_FT_01,FT_FH_Thermo,36,1,True,False,1.0,0.0,,116808,0,116808,0,False
vw_meb_2024.dbc,0,0x3d0,TSG_FT_01,FT_FH_normiert,39,1,True,False,1.0,0.0,,116808,0,0,0,False
vw_meb_2024.dbc,0,0x3d0,TSG_FT_01,FT_HD_Taste,11,1,True,False,1.0,0.0,,116808,0,116738,0,False
vw_meb_2024.dbc,0,0x3d0,TSG_FT_01,FT_HD_Taste_2,16,1,True,False,1.0,0.0,,116808,0,0,0,False
vw_meb_2024.dbc,0,0x3d0,TSG_FT_01,FT_IRUE_Taste,10,1,True,False,1.0,0.0,,116808,0,116808,0,False
vw_meb_2024.dbc,0,0x3d0,TSG_FT_01,FT_Kisi_Fehler,53,1,True,False,1.0,0.0,,116808,0,116808,0,False
vw_meb_2024.dbc,0,0x3d0,TSG_FT_01,FT_Kisi_Taster_li,50,1,True,False,1.0,0.0,,116808,0,0,0,False
vw_meb_2024.dbc,0,0x3d0,TSG_FT_01,FT_Kisi_Taster_re,51,1,True,False,1.0,0.0,,116808,0,0,0,False
vw_meb_2024.dbc,0,0x3d0,TSG_FT_01,FT_Kisi_li_aktiv,48,1,True,False,1.0,0.0,,116808,0,0,0,False
vw_meb_2024.dbc,0,0x3d0,TSG_FT_01,FT_Kisi_re_aktiv,49,1,True,False,1.0,0.0,,116808,0,0,0,False
vw_meb_2024.dbc,0,0x3d0,TSG_FT_01,FT_Lock_Taster,6,1,True,False,1.0,0.0,,116808,0,116808,0,False
vw_meb_2024.dbc,0,0x3d0,TSG_FT_01,FT_Oben_Block_erw,46,1,True,False,1.0,0.0,,116808,0,0,0,False
vw_meb_2024.dbc,0,0x3d0,TSG_FT_01,FT_SP_Heizung_Status,55,1,True,False,1.0,0.0,,116808,0,116207,0,False
vw_meb_2024.dbc,0,0x3d0,TSG_FT_01,FT_SP_ausgerastet,42,1,True,False,1.0,0.0,,116808,0,107277,0,False
vw_meb_2024.dbc,0,0x3d0,TSG_FT_01,FT_SP_ht_aktiv,44,1,True,False,1.0,0.0,,116808,0,116808,0,False
vw_meb_2024.dbc,0,0x3d0,TSG_FT_01,FT_SP_lr_aktiv,43,1,True,False,1.0,0.0,,116808,0,116808,0,False
vw_meb_2024.dbc,0,0x3d0,TSG_FT_01,FT_SWA_Taster,59,1,True,False,1.0,0.0,,116808,0,0,0,False
vw_meb_2024.dbc,0,0x3d0,TSG_FT_01,FT_Schliesstaster,40,1,True,False,1.0,0.0,,116808,0,0,0,False
vw_meb_2024.dbc,0,0x3d0,TSG_FT_01,FT_Schluesselschalter_auf,3,1,True,False,1.0,0.0,,116808,0,116808,0,False
vw_meb_2024.dbc,0,0x3d0,TSG_FT_01,FT_Schluesselschalter_zu,4,1,True,False,1.0,0.0,,116808,0,0,0,False
vw_meb_2024.dbc,0,0x3d0,TSG_FT_01,FT_Sp_Blk_def,19,1,True,False,1.0,0.0,,116808,0,0,0,False
vw_meb_2024.dbc,0,0x3d0,TSG_FT_01,FT_Sp_Heizung_Anf,15,1,True,False,100.0,0.0,Unit_PerCent,116808,0,0,0,False
vw_meb_2024.dbc,0,0x3d0,TSG_FT_01,FT_Sperrklinke,7,1,True,False,1.0,0.0,,116808,0,0,0,False
vw_meb_2024.dbc,0,0x3d0,TSG_FT_01,FT_TAG_betaetigt,8,1,True,False,1.0,0.0,,116808,0,0,0,False
vw_meb_2024.dbc,0,0x3d0,TSG_FT_01,FT_TD_Taste,13,1,True,False,1.0,0.0,,116808,0,0,0,False
vw_meb_2024.dbc,0,0x3d0,TSG_FT_01,FT_TD_Taste_Fehler,12,1,True,False,1.0,0.0,,116808,0,0,0,False
vw_meb_2024.dbc,0,0x3d0,TSG_FT_01,FT_TIG_betaetigt,9,1,True,False,1.0,0.0,,116808,0,0,0,False
vw_meb_2024.dbc,0,0x3d0,TSG_FT_01,FT_TSG_hinten_verbaut,18,1,True,False,1.0,0.0,,116808,0,0,0,False
vw_meb_2024.dbc,0,0x3d0,TSG_FT_01,FT_Tuer_geoeffnet,0,1,True,False,1.0,0.0,,116808,0,116015,0,False
vw_meb_2024.dbc,0,0x3d0,TSG_FT_01,FT_Tuerschloss_defekt,58,1,True,False,1.0,0.0,,116808,0,0,0,False
vw_meb_2024.dbc,0,0x3d0,TSG_FT_01,FT_UEKB_aktiviert,37,1,True,False,1.0,0.0,,116808,0,116808,0,False
vw_meb_2024.dbc,0,0x3d0,TSG_FT_01,FT_Unlock_Taster,5,1,True,False,1.0,0.0,,116808,0,116808,0,False
vw_meb_2024.dbc,0,0x3d0,TSG_FT_01,FT_Unten_Block_erw,47,1,True,False,1.0,0.0,,116808,0,0,0,False
vw_meb_2024.dbc,0,0x3d0,TSG_FT_01,FT_Zuziehhilfe_aktiv,41,1,True,False,1.0,0.0,,116808,0,116808,0,False
vw_meb_2024.dbc,0,0x3d0,TSG_FT_01,FT_gesafet,2,1,True,False,1.0,0.0,,116808,0,116808,0,False
vw_meb_2024.dbc,0,0x3d0,TSG_FT_01,FT_verriegelt,1,1,True,False,1.0,0.0,,116808,0,14207,0,False
vw_meb_2024.dbc,0,0x3d0,TSG_FT_01,SSR_Temp_Freigabe,14,1,True,False,1.0,0.0,,116808,0,0,0,False
vw_meb_2024.dbc,0,0x3d0,TSG_FT_01,SWA_HMI_Diagnose,60,2,True,False,1.0,0.0,,116808,0,116808,0,False
vw_meb_2024.dbc,0,0x3d4,SMLS_01,BH_Blinker_Fehler,46,1,True,False,1.0,0.0,,12591,0,12591,0,False
vw_meb_2024.dbc,0,0x3d4,SMLS_01,BH_Blinker_li,12,1,True,False,1.0,0.0,,12591,0,0,0,False
vw_meb_2024.dbc,0,0x3d4,SMLS_01,BH_Blinker_re,13,1,True,False,1.0,0.0,,12591,0,0,0,False
vw_meb_2024.dbc,0,0x3d4,SMLS_01,BH_Fernlicht,15,1,True,False,1.0,0.0,,12591,0,0,0,False
vw_meb_2024.dbc,0,0x3d4,SMLS_01,BH_Lichthupe,14,1,True,False,1.0,0.0,,12591,0,0,0,False
vw_meb_2024.dbc,0,0x3d4,SMLS_01,FAS_Taster,27,1,True,False,1.0,0.0,,12591,0,0,0,False
vw_meb_2024.dbc,0,0x3d4,SMLS_01,FAS_Taster_Fehler,28,1,True,False,1.0,0.0,,12591,0,12591,0,False
vw_meb_2024.dbc,0,0x3d4,SMLS_01,LRH_On_Off,30,2,True,False,1.0,0.0,,12591,0,0,0,False
vw_meb_2024.dbc,0,0x3d4,SMLS_01,LRH_aktiv,40,1,True,False,1.0,0.0,,12591,0,0,0,False
vw_meb_2024.dbc,0,0x3d4,SMLS_01,SMLS_01_BZ,8,4,True,False,1.0,0.0,,12591,0,0,0,False
vw_meb_2024.dbc,0,0x3d4,SMLS_01,SMLS_01_CRC,0,8,True,False,1.0,0.0,,12591,0,0,0,False
vw_meb_2024.dbc,0,0x3d4,SMLS_01,SMLS_Hupe,29,1,True,False,1.0,0.0,,12591,0,0,0,False
vw_meb_2024.dbc,0,0x3d4,SMLS_01,SMLS_PTT,47,1,True,False,1.0,0.0,,12591,0,0,0,False
vw_meb_2024.dbc,0,0x3d4,SMLS_01,SMLS_P_verriegelt_plausibel,43,1,True,False,1.0,0.0,,12591,0,0,0,False
vw_meb_2024.dbc,0,0x3d4,SMLS_01,WH_Frontwaschen,20,1,True,False,1.0,0.0,,12591,0,0,0,False
vw_meb_2024.dbc,0,0x3d4,SMLS_01,WH_Heckintervall,21,1,True,False,1.0,0.0,,12591,0,0,0,False
vw_meb_2024.dbc,0,0x3d4,SMLS_01,WH_Heckwaschen,22,1,True,False,1.0,0.0,,12591,0,0,0,False
vw_meb_2024.dbc,0,0x3d4,SMLS_01,WH_Intervall,17,1,True,False,1.0,0.0,,12591,0,0,0,False
vw_meb_2024.dbc,0,0x3d4,SMLS_01,WH_Intervallstufen,23,4,True,False,1.0,0.0,,12591,0,0,0,False
vw_meb_2024.dbc,0,0x3d4,SMLS_01,WH_SRA,44,1,True,False,1.0,0.0,,12591,0,0,0,False
vw_meb_2024.dbc,0,0x3d4,SMLS_01,WH_Tipwischen,16,1,True,False,1.0,0.0,,12591,0,0,0,False
vw_meb_2024.dbc,0,0x3d4,SMLS_01,WH_Tipwischen_lang,48,1,True,False,1.0,0.0,,12591,0,0,0,False
vw_meb_2024.dbc,0,0x3d4,SMLS_01,WH_WischerStufe1,18,1,True,False,1.0,0.0,,12591,0,0,0,False
vw_meb_2024.dbc,0,0x3d4,SMLS_01,WH_WischerStufe2,19,1,True,False,1.0,0.0,,12591,0,0,0,False
vw_meb_2024.dbc,0,0x3d4,SMLS_01,WH_Wischer_Fehler,45,1,True,False,1.0,0.0,,12591,0,12591,0,False
vw_meb_2024.dbc,0,0x3d5,Licht_Anf_01,BCM1_Abblendlicht_Anf,15,1,True,False,1.0,0.0,,116644,0,0,0,False
vw_meb_2024.dbc,0,0x3d5,Licht_Anf_01,BCM1_Adaptive_Lichtvert_Anf,34,1,True,False,1.0,0.0,,116644,0,0,0,False
vw_meb_2024.dbc,0,0x3d5,Licht_Anf_01,BCM1_Allwetterlicht_Anf,41,1,True,False,1.0,0.0,,116644,0,0,0,False
vw_meb_2024.dbc,0,0x3d5,Licht_Anf_01,BCM1_Animationssperrung,39,1,True,False,1.0,0.0,,116644,0,0,0,False
vw_meb_2024.dbc,0,0x3d5,Licht_Anf_01,BCM1_Autobahnlicht_Anf,28,1,True,False,1.0,0.0,,116644,0,0,0,False
vw_meb_2024.dbc,0,0x3d5,Licht_Anf_01,BCM1_CH_LH_aktiv,40,1,True,False,1.0,0.0,,116644,0,0,0,False
vw_meb_2024.dbc,0,0x3d5,Licht_Anf_01,BCM1_CH_aktiv,30,1,True,False,1.0,0.0,,116644,0,0,0,False
vw_meb_2024.dbc,0,0x3d5,Licht_Anf_01,BCM1_FOD_Sperrung_Animationen_HL,37,2,True,False,1.0,0.0,,116644,0,0,0,False
vw_meb_2024.dbc,0,0x3d5,Licht_Anf_01,BCM1_Fernlicht_Anf,16,1,True,False,1.0,0.0,,116644,0,0,0,False
vw_meb_2024.dbc,0,0x3d5,Licht_Anf_01,BCM1_FoD_Sperrung_WiBli,35,2,True,False,1.0,0.0,,116644,0,0,0,False
vw_meb_2024.dbc,0,0x3d5,Licht_Anf_01,BCM1_GLW_Fernlicht_Anf,33,1,True,False,1.0,0.0,,116644,0,0,0,False
vw_meb_2024.dbc,0,0x3d5,Licht_Anf_01,BCM1_Gleitende_Leuchtw_Anf,32,1,True,False,1.0,0.0,,116644,0,0,0,False
vw_meb_2024.dbc,0,0x3d5,Licht_Anf_01,BCM1_Kurvenlicht_links_Anf,12,1,True,False,1.0,0.0,,116644,0,0,0,False
vw_meb_2024.dbc,0,0x3d5,Licht_Anf_01,BCM1_Kurvenlicht_rechts_Anf,13,1,True,False,1.0,0.0,,116644,0,0,0,False
vw_meb_2024.dbc,0,0x3d5,Licht_Anf_01,BCM1_LH_aktiv,31,1,True,False,1.0,0.0,,116644,0,0,0,False
vw_meb_2024.dbc,0,0x3d5,Licht_Anf_01,BCM1_Nebellicht_Anf,17,1,True,False,1.0,0.0,,116644,0,0,0,False
vw_meb_2024.dbc,0,0x3d5,Licht_Anf_01,BCM1_Nebelschluss_Ahg_Anf,20,1,True,False,1.0,0.0,,116644,0,0,0,False
vw_meb_2024.dbc,0,0x3d5,Licht_Anf_01,BCM1_Nebelschluss_Fzg_Anf,21,1,True,False,1.0,0.0,,116644,0,0,0,False
vw_meb_2024.dbc,0,0x3d5,Licht_Anf_01,BCM1_Parklicht_li_Anf,18,1,True,False,1.0,0.0,,116644,0,0,0,False
vw_meb_2024.dbc,0,0x3d5,Licht_Anf_01,BCM1_Parklicht_re_Anf,19,1,True,False,1.0,0.0,,116644,0,0,0,False
vw_meb_2024.dbc,0,0x3d5,Licht_Anf_01,BCM1_Regenlicht_Anf,27,1,True,False,1.0,0.0,,116644,0,0,0,False
vw_meb_2024.dbc,0,0x3d5,Licht_Anf_01,BCM1_Schlusslicht_Anf,22,1,True,False,1.0,0.0,,116644,0,0,0,False
vw_meb_2024.dbc,0,0x3d5,Licht_Anf_01,BCM1_Schlusslicht_Signatur,60,4,True,False,1.0,0.0,,116644,0,0,0,False
vw_meb_2024.dbc,0,0x3d5,Licht_Anf_01,BCM1_Signaturlicht_Anf,24,1,True,False,1.0,0.0,,116644,0,0,0,False
vw_meb_2024.dbc,0,0x3d5,Licht_Anf_01,BCM1_Standlicht_Anf,14,1,True,False,1.0,0.0,,116644,0,0,0,False
vw_meb_2024.dbc,0,0x3d5,Licht_Anf_01,BCM1_Tagfahrlicht_Anf,26,1,True,False,1.0,0.0,,116644,0,0,0,False
vw_meb_2024.dbc,0,0x3d5,Licht_Anf_01,BCM1_Touristen_Licht_Anf,29,1,True,False,1.0,0.0,,116644,0,0,0,False
vw_meb_2024.dbc,0,0x3d5,Licht_Anf_01,BCM1_Umfeldleuchten_Anf,25,1,True,False,1.0,0.0,,116644,0,0,0,False
vw_meb_2024.dbc,0,0x3d5,Licht_Anf_01,BCM_Rueckfahrlicht_Anf,23,1,True,False,1.0,0.0,,116644,0,0,0,False
vw_meb_2024.dbc,0,0x3d5,Licht_Anf_01,Licht_Anf_01_BZ,8,4,True,False,1.0,0.0,,116644,0,0,0,False
vw_meb_2024.dbc,0,0x3d5,Licht_Anf_01,Licht_Anf_01_CRC,0,8,True,False,1.0,0.0,,116644,0,0,0,False
vw_meb_2024.dbc,0,0x3d6,Licht_hinten_01,BCM2_Bremsl_durch_ECD,5,1,True,False,1.0,0.0,,116649,0,0,0,False
vw_meb_2024.dbc,0,0x3d6,Licht_hinten_01,LH_3_Bremsl_def,49,1,True,False,1.0,0.0,,116649,0,0,0,False
vw_meb_2024.dbc,0,0x3d6,Licht_hinten_01,LH_Aussenlicht_def,7,1,True,False,1.0,0.0,,116649,0,0,0,False
vw_meb_2024.dbc,0,0x3d6,Licht_hinten_01,LH_Blinker_HL_akt,14,1,True,False,1.0,0.0,,116649,0,0,0,False
vw_meb_2024.dbc,0,0x3d6,Licht_hinten_01,LH_Blinker_HR_akt,15,1,True,False,1.0,0.0,,116649,0,0,0,False
vw_meb_2024.dbc,0,0x3d6,Licht_hinten_01,LH_Blinker_li_def,16,1,True,False,1.0,0.0,,116649,0,0,0,False
vw_meb_2024.dbc,0,0x3d6,Licht_hinten_01,LH_Blinker_re_def,32,1,True,False,1.0,0.0,,116649,0,0,0,False
vw_meb_2024.dbc,0,0x3d6,Licht_hinten_01,LH_Brems_Blk_li_def,27,1,True,False,1.0,0.0,,116649,0,0,0,False
vw_meb_2024.dbc,0,0x3d6,Licht_hinten_01,LH_Brems_Blk_re_def,43,1,True,False,1.0,0.0,,116649,0,0,0,False
vw_meb_2024.dbc,0,0x3d6,Licht_hinten_01,LH_Bremsl_li_def,17,1,True,False,1.0,0.0,,116649,0,0,0,False
vw_meb_2024.dbc,0,0x3d6,Licht_hinten_01,LH_Bremsl_li_ges_def,54,1,True,False,1.0,0.0,,116649,0,0,0,False
vw_meb_2024.dbc,0,0x3d6,Licht_hinten_01,LH_Bremsl_mi_def,53,1,True,False,1.0,0.0,,116649,0,0,0,False
vw_meb_2024.dbc,0,0x3d6,Licht_hinten_01,LH_Bremsl_re_def,33,1,True,False,1.0,0.0,,116649,0,0,0,False
vw_meb_2024.dbc,0,0x3d6,Licht_hinten_01,LH_Bremsl_re_ges_def,55,1,True,False,1.0,0.0,,116649,0,0,0,False
vw_meb_2024.dbc,0,0x3d6,Licht_hinten_01,LH_Bremslicht_H_aktiv,11,1,True,False,1.0,0.0,,116649,0,0,0,False
vw_meb_2024.dbc,0,0x3d6,Licht_hinten_01,LH_Diag_LED_li_def,30,1,True,False,1.0,0.0,,116649,0,0,0,False
vw_meb_2024.dbc,0,0x3d6,Licht_hinten_01,LH_Diag_LED_re_def,31,1,True,False,1.0,0.0,,116649,0,0,0,False
vw_meb_2024.dbc,0,0x3d6,Licht_hinten_01,LH_Diag_Status_li_def,29,1,True,False,1.0,0.0,,116649,0,0,0,False
vw_meb_2024.dbc,0,0x3d6,Licht_hinten_01,LH_Diag_Status_re_def,28,1,True,False,1.0,0.0,,116649,0,0,0,False
vw_meb_2024.dbc,0,0x3d6,Licht_hinten_01,LH_Kennzl_def,48,1,True,False,1.0,0.0,,116649,0,0,0,False
vw_meb_2024.dbc,0,0x3d6,Licht_hinten_01,LH_Nebel_li_def,20,1,True,False,1.0,0.0,,116649,0,0,0,False
vw_meb_2024.dbc,0,0x3d6,Licht_hinten_01,LH_Nebel_mi_def,50,1,True,False,1.0,0.0,,116649,0,0,0,False
vw_meb_2024.dbc,0,0x3d6,Licht_hinten_01,LH_Nebel_re_def,36,1,True,False,1.0,0.0,,116649,0,0,0,False
vw_meb_2024.dbc,0,0x3d6,Licht_hinten_01,LH_Nebelschluss_aktiv,12,1,True,False,1.0,0.0,,116649,0,0,0,False
vw_meb_2024.dbc,0,0x3d6,Licht_hinten_01,LH_Parklicht_HL_aktiv,9,1,True,False,1.0,0.0,,116649,0,0,0,False
vw_meb_2024.dbc,0,0x3d6,Licht_hinten_01,LH_Parklicht_HR_aktiv,10,1,True,False,1.0,0.0,,116649,0,0,0,False
vw_meb_2024.dbc,0,0x3d6,Licht_hinten_01,LH_Rueckf_li_def,19,1,True,False,1.0,0.0,,116649,0,0,0,False
vw_meb_2024.dbc,0,0x3d6,Licht_hinten_01,LH_Rueckf_mi_def,51,1,True,False,1.0,0.0,,116649,0,0,0,False
vw_meb_2024.dbc,0,0x3d6,Licht_hinten_01,LH_Rueckf_re_def,35,1,True,False,1.0,0.0,,116649,0,0,0,False
vw_meb_2024.dbc,0,0x3d6,Licht_hinten_01,LH_Rueckfahrlicht_aktiv,13,1,True,False,1.0,0.0,,116649,0,0,0,False
vw_meb_2024.dbc,0,0x3d6,Licht_hinten_01,LH_SL_BRL_BLK_li_def,26,1,True,False,1.0,0.0,,116649,0,0,0,False
vw_meb_2024.dbc,0,0x3d6,Licht_hinten_01,LH_SL_BRL_BLK_re_def,42,1,True,False,1.0,0.0,,116649,0,0,0,False
vw_meb_2024.dbc,0,0x3d6,Licht_hinten_01,LH_Schluss_Brems_Nebel_li_def,21,1,True,False,1.0,0.0,,116649,0,0,0,False
vw_meb_2024.dbc,0,0x3d6,Licht_hinten_01,LH_Schluss_Brems_Nebel_re_def,22,1,True,False,1.0,0.0,,116649,0,0,0,False
vw_meb_2024.dbc,0,0x3d6,Licht_hinten_01,LH_Schluss_Brems_li_def,24,1,True,False,1.0,0.0,,116649,0,0,0,False
vw_meb_2024.dbc,0,0x3d6,Licht_hinten_01,LH_Schluss_Brems_mi_def,37,1,True,False,1.0,0.0,,116649,0,0,0,False
vw_meb_2024.dbc,0,0x3d6,Licht_hinten_01,LH_Schluss_Brems_re_def,40,1,True,False,1.0,0.0,,116649,0,0,0,False
vw_meb_2024.dbc,0,0x3d6,Licht_hinten_01,LH_Schluss_Nebel_li_def,25,1,True,False,1.0,0.0,,116649,0,0,0,False
vw_meb_2024.dbc,0,0x3d6,Licht_hinten_01,LH_Schluss_Nebel_re_def,41,1,True,False,1.0,0.0,,116649,0,0,0,False
vw_meb_2024.dbc,0,0x3d6,Licht_hinten_01,LH_Schlusslicht_li_def,18,1,True,False,1.0,0.0,,116649,0,0,0,False
vw_meb_2024.dbc,0,0x3d6,Licht_hinten_01,LH_Schlusslicht_mi_def,52,1,True,False,1.0,0.0,,116649,0,0,0,False
vw_meb_2024.dbc,0,0x3d6,Licht_hinten_01,LH_Schlusslicht_re_def,34,1,True,False,1.0,0.0,,116649,0,0,0,False
vw_meb_2024.dbc,0,0x3d6,Licht_hinten_01,LH_Standlicht_H_aktiv,8,1,True,False,1.0,0.0,,116649,0,0,0,False
vw_meb_2024.dbc,0,0x3d6,Licht_hinten_01,LH_Zusatzschlussl_def,23,1,True,False,1.0,0.0,,116649,0,0,0,False
vw_meb_2024.dbc,0,0x3db,Gateway_72,AAG_Anhaenger_erkannt,28,1,True,False,1.0,0.0,,116982,0,0,0,False
vw_meb_2024.dbc,0,0x3db,Gateway_72,Anhaenger_01_alt,4,1,True,False,1.0,0.0,,116982,0,0,0,False
vw_meb_2024.dbc,0,0x3db,Gateway_72,BCM1_Aussen_Temp_ungef,56,8,True,False,0.5,-50.0,Unit_DegreCelsi,116982,0,0,0,False
vw_meb_2024.dbc,0,0x3db,Gateway_72,BCM1_MH_Schalter,29,1,True,False,1.0,0.0,,116982,0,0,0,False
vw_meb_2024.dbc,0,0x3db,Gateway_72,BCM1_OBD_FStatus_ATemp,52,4,True,False,1.0,0.0,,116982,0,0,0,False
vw_meb_2024.dbc,0,0x3db,Gateway_72,BCM1_RFahrlicht_Ahg_Anf,39,1,True,False,1.0,0.0,,116982,0,0,0,False
vw_meb_2024.dbc,0,0x3db,Gateway_72,BCM1_RFahrlicht_Fzg_Anf,38,1,True,False,1.0,0.0,,116982,0,0,0,False
vw_meb_2024.dbc,0,0x3db,Gateway_72,BCM1_Rueckfahrlicht_Schalter,25,1,True,False,1.0,0.0,,116982,0,0,0,False
vw_meb_2024.dbc,0,0x3db,Gateway_72,BCM_01_alt,0,1,True,False,1.0,0.0,,116982,0,0,0,False
vw_meb_2024.dbc,0,0x3db,Gateway_72,BH_Blinker_li,50,1,True,False,1.0,0.0,,116982,0,0,0,False
vw_meb_2024.dbc,0,0x3db,Gateway_72,BH_Blinker_re,51,1,True,False,1.0,0.0,,116982,0,0,0,False
vw_meb_2024.dbc,0,0x3db,Gateway_72,BH_Fernlicht,49,1,True,False,1.0,0.0,,116982,0,0,0,False
vw_meb_2024.dbc,0,0x3db,Gateway_72,KL_Thermomanagement,32,2,True,False,1.0,0.0,,116982,0,0,0,False
vw_meb_2024.dbc,0,0x3db,Gateway_72,Klima_01_alt,7,1,True,False,1.0,0.0,,116982,0,0,0,False
vw_meb_2024.dbc,0,0x3db,Gateway_72,Klima_Sensor_02_alt,5,1,True,False,1.0,0.0,,116982,0,0,0,False
vw_meb_2024.dbc,0,0x3db,Gateway_72,Licht_Anf_01_alt,9,1,True,False,1.0,0.0,,116982,0,0,0,False
vw_meb_2024.dbc,0,0x3db,Gateway_72,SMLS_01_alt,1,1,True,False,1.0,0.0,,116982,0,0,0,False
vw_meb_2024.dbc,0,0x3db,Gateway_72,VSG_01_alt,6,1,True,False,1.0,0.0,,116982,0,0,0,False
vw_meb_2024.dbc,0,0x3db,Gateway_72,VS_VD_offen_ver,22,1,True,False,1.0,0.0,,116982,0,0,0,False
vw_meb_2024.dbc,0,0x3db,Gateway_72,VS_VD_zu_ver,23,1,True,False,1.0,0.0,,116982,0,0,0,False
vw_meb_2024.dbc,0,0x3db,Gateway_72,WFS_01_alt,8,1,True,False,1.0,0.0,,116982,0,0,0,False
vw_meb_2024.dbc,0,0x3db,Gateway_72,WFS_Schluessel_Fahrberecht,34,4,True,False,1.0,0.0,,116982,0,0,0,False
vw_meb_2024.dbc,0,0x3db,Gateway_72,Waschen_vorne_aktiv,31,1,True,False,1.0,0.0,,116982,0,0,0,False
vw_meb_2024.dbc,0,0x3db,Gateway_72,Wischer_01_alt,3,1,True,False,1.0,0.0,,116982,0,0,0,False
vw_meb_2024.dbc,0,0x3db,Gateway_72,Wischer_vorne_aktiv,27,1,True,False,1.0,0.0,,116982,0,0,0,False
vw_meb_2024.dbc,0,0x3db,Gateway_72,ZV_02_alt,2,1,True,False,1.0,0.0,,116982,0,0,0,False
vw_meb_2024.dbc,0,0x3db,Gateway_72,ZV_BT_offen,24,1,True,False,1.0,0.0,,116982,0,0,0,False
vw_meb_2024.dbc,0,0x3db,Gateway_72,ZV_FT_offen,26,1,True,False,1.0,0.0,,116982,0,0,0,False
vw_meb_2024.dbc,0,0x3db,Gateway_72,ZV_HBFS_offen,21,1,True,False,1.0,0.0,,116982,0,0,0,False
vw_meb_2024.dbc,0,0x3db,Gateway_72,ZV_HD_offen,30,1,True,False,1.0,0.0,,116982,0,0,0,False
vw_meb_2024.dbc,0,0x3db,Gateway_72,ZV_HFS_offen,20,1,True,False,1.0,0.0,,116982,0,0,0,False
vw_meb_2024.dbc,0,0x3dc,Gateway_73,EPB_Status,53,3,True,False,1.0,0.0,,233343,0,0,0,False
vw_meb_2024.dbc,0,0x3dc,Gateway_73,GE_Fahrstufe,40,4,True,False,1.0,0.0,,233343,0,41,0,False
vw_meb_2024.dbc,0,0x3dc,Gateway_73,UNKNOWN_1,15,2,False,False,1.0,0.0,,233343,0,0,0,False
vw_meb_2024.dbc,0,0x3dc,Gateway_73,UNKNOWN_2,58,3,False,False,1.0,0.0,,233343,0,0,0,False
vw_meb_2024.dbc,0,0x3e5,TSG_FT_02,FS_Push_Tuergriff,36,1,True,False,1.0,0.0,,116680,0,0,0,False
vw_meb_2024.dbc,0,0x3e5,TSG_FT_02,FT_BFS_Tuer_Status,17,2,True,False,1.0,0.0,,116680,0,116680,0,False
vw_meb_2024.dbc,0,0x3e5,TSG_FT_02,FT_HBFS_Tuer_Status,19,2,True,False,1.0,0.0,,116680,0,116680,0,False
vw_meb_2024.dbc,0,0x3e5,TSG_FT_02,FT_HFS_Tuer_Status,21,2,True,False,1.0,0.0,,116680,0,116680,0,False
vw_meb_2024.dbc,0,0x3e5,TSG_FT_02,FT_Kisi_Taster_li_02,25,1,True,False,1.0,0.0,,116680,0,0,0,False
vw_meb_2024.dbc,0,0x3e5,TSG_FT_02,FT_Kisi_Taster_re_02,26,1,True,False,1.0,0.0,,116680,0,0,0,False
vw_meb_2024.dbc,0,0x3e5,TSG_FT_02,FT_Lock_Taster_02,15,1,True,False,1.0,0.0,,116680,0,0,0,False
vw_meb_2024.dbc,0,0x3e5,TSG_FT_02,FT_SP_Heizung_ein,24,1,True,False,1.0,0.0,,116680,0,0,0,False
vw_meb_2024.dbc,0,0x3e5,TSG_FT_02,FT_Schluesselschalter_zu_02,16,1,True,False,1.0,0.0,,116680,0,0,0,False
vw_meb_2024.dbc,0,0x3e5,TSG_FT_02,FT_TCR_Mode_aktiv,29,1,True,False,1.0,0.0,,116680,0,0,0,False
vw_meb_2024.dbc,0,0x3e5,TSG_FT_02,FT_TD_Taste_Status,27,2,True,False,1.0,0.0,,116680,0,116680,0,False
vw_meb_2024.dbc,0,0x3e5,TSG_FT_02,FT_Tuer_Status,12,2,True,False,1.0,0.0,,116680,0,0,0,False
vw_meb_2024.dbc,0,0x3e5,TSG_FT_02,FT_Tuer_Status_QBit,14,1,True,False,1.0,0.0,,116680,0,0,0,False
vw_meb_2024.dbc,0,0x3e5,TSG_FT_02,FT_Tueroeffnen_Warnung,23,1,True,False,1.0,0.0,,116680,0,0,0,False
vw_meb_2024.dbc,0,0x3e5,TSG_FT_02,TSG_FT_02_BZ,8,4,True,False,1.0,0.0,,116680,0,0,0,False
vw_meb_2024.dbc,0,0x3e5,TSG_FT_02,TSG_FT_02_CRC,0,8,True,False,1.0,0.0,,116680,0,0,0,False
vw_meb_2024.dbc,0,0x3ec,MEB_TSK_01,TSK_State,53,3,True,False,1.0,0.0,,58409,0,6495,0,False
vw_meb_2024.dbc,0,0x40,Airbag_01,AB_Anzeige_Fussg,34,2,True,False,1.0,0.0,,291491,0,0,0,False
vw_meb_2024.dbc,0,0x40,Airbag_01,AB_Belegung_VF,47,2,True,False,1.0,0.0,,291491,0,0,0,False
vw_meb_2024.dbc,0,0x40,Airbag_01,AB_Crash_Int,21,3,True,False,1.0,0.0,,291491,0,0,0,False
vw_meb_2024.dbc,0,0x40,Airbag_01,AB_Deaktiviert,25,1,True,False,1.0,0.0,,291491,0,0,0,False
vw_meb_2024.dbc,0,0x40,Airbag_01,AB_Deaktivierung_HV,42,3,True,False,1.0,0.0,,291491,0,0,0,False
vw_meb_2024.dbc,0,0x40,Airbag_01,AB_Diagnose,28,1,True,False,1.0,0.0,,291491,0,0,0,False
vw_meb_2024.dbc,0,0x40,Airbag_01,AB_EDR_Trigger,45,2,True,False,1.0,0.0,,291491,0,0,0,False
vw_meb_2024.dbc,0,0x40,Airbag_01,AB_Erh_Auf_VB,30,2,True,False,1.0,0.0,,291491,0,0,0,False
vw_meb_2024.dbc,0,0x40,Airbag_01,AB_Front_Crash,16,1,True,False,1.0,0.0,,291491,0,0,0,False
vw_meb_2024.dbc,0,0x40,Airbag_01,AB_Gurtwarn_VB,33,1,True,False,1.0,0.0,,291491,0,0,0,False
vw_meb_2024.dbc,0,0x40,Airbag_01,AB_Gurtwarn_VF,32,1,True,False,1.0,0.0,,291491,0,0,0,False
vw_meb_2024.dbc,0,0x40,Airbag_01,AB_Heck_Crash,17,1,True,False,1.0,0.0,,291491,0,0,0,False
vw_meb_2024.dbc,0,0x40,Airbag_01,AB_Lampe,24,1,True,False,1.0,0.0,,291491,0,0,0,False
vw_meb_2024.dbc,0,0x40,Airbag_01,AB_MKB_Anforderung,40,1,True,False,1.0,0.0,,291491,0,0,0,False
vw_meb_2024.dbc,0,0x40,Airbag_01,AB_MKB_gueltig,39,1,True,False,1.0,0.0,,291491,0,0,0,False
vw_meb_2024.dbc,0,0x40,Airbag_01,AB_RGS_Anst,12,4,True,False,1.0,0.0,,291491,0,0,0,False
vw_meb_2024.dbc,0,0x40,Airbag_01,AB_Rollover_Crash,20,1,True,False,1.0,0.0,,291491,0,0,0,False
vw_meb_2024.dbc,0,0x40,Airbag_01,AB_SB_Crash,19,1,True,False,1.0,0.0,,291491,0,0,0,False
vw_meb_2024.dbc,0,0x40,Airbag_01,AB_SF_Crash,18,1,True,False,1.0,0.0,,291491,0,0,0,False
vw_meb_2024.dbc,0,0x40,Airbag_01,AB_Stellgliedtest,29,1,True,False,1.0,0.0,,291491,0,0,0,False
vw_meb_2024.dbc,0,0x40,Airbag_01,AB_Systemfehler,27,1,True,False,1.0,0.0,,291491,0,291491,0,False
vw_meb_2024.dbc,0,0x40,Airbag_01,AB_Texte_AKS,36,2,True,False,1.0,0.0,,291491,0,0,0,False
vw_meb_2024.dbc,0,0x40,Airbag_01,AB_VB_deaktiviert,26,1,True,False,1.0,0.0,,291491,0,0,0,False
vw_meb_2024.dbc,0,0x40,Airbag_01,AB_Versorgungsspannung,41,1,True,False,1.0,0.0,,291491,0,0,0,False
vw_meb_2024.dbc,0,0x40,Airbag_01,Airbag_01_BZ,8,4,True,False,1.0,0.0,,291491,0,0,0,False
vw_meb_2024.dbc,0,0x40,Airbag_01,Airbag_01_CRC,0,8,True,False,1.0,0.0,,291491,0,0,0,False
vw_meb_2024.dbc,0,0x40,Airbag_01,SC_LowSpeedCrashErkannt,55,2,True,False,1.0,0.0,,291491,0,0,0,False
vw_meb_2024.dbc,0,0x40,Airbag_01,SC_Masterzeit,57,7,True,False,0.04,0.0,Unit_Secon,291491,0,1151,1151,False
vw_meb_2024.dbc,0,0x40,Airbag_01,SC_Masterzeit_Offset,53,2,True,False,5.08,0.0,Unit_Secon,291491,0,0,0,False
vw_meb_2024.dbc,0,0x464,PSD_06,PSD_06_Mux,0,3,True,False,1.0,0.0,,77740,0,77740,0,False
vw_meb_2024.dbc,0,0x464,PSD_06,PSD_Sys_Alter_Karte,23,3,True,False,1.0,0.0,,77740,0,0,0,False
vw_meb_2024.dbc,0,0x464,PSD_06,PSD_Sys_Geometrieguete,19,2,True,False,1.0,0.0,,77740,0,0,0,False
vw_meb_2024.dbc,0,0x464,PSD_06,PSD_Sys_Geometrieguete_erweitert,40,8,True,False,1.0,0.0,,77740,0,77740,0,False
vw_meb_2024.dbc,0,0x464,PSD_06,PSD_Sys_Geschwindigkeit_Einheit,17,1,True,False,1.0,0.0,,77740,0,0,0,False
vw_meb_2024.dbc,0,0x464,PSD_06,PSD_Sys_Laendercode,9,8,True,False,1.0,0.0,,77740,0,0,0,False
vw_meb_2024.dbc,0,0x464,PSD_06,PSD_Sys_Mapmatchingguete,21,2,True,False,1.0,0.0,,77740,0,0,0,False
vw_meb_2024.dbc,0,0x464,PSD_06,PSD_Sys_Quali_Geometrien,33,3,True,False,1.0,0.0,Unit_None,77740,0,0,0,False
vw_meb_2024.dbc,0,0x464,PSD_06,PSD_Sys_Quali_Ortsinfo,36,2,True,False,1.0,0.0,Unit_None,77740,0,0,0,False
vw_meb_2024.dbc,0,0x464,PSD_06,PSD_Sys_Quali_Steigungen,51,3,True,False,1.0,0.0,,77740,0,0,0,False
vw_meb_2024.dbc,0,0x464,PSD_06,PSD_Sys_Quali_Strassenkennz,54,3,True,False,1.0,0.0,Unit_None,77740,0,0,0,False
vw_meb_2024.dbc,0,0x464,PSD_06,PSD_Sys_Quali_Tempolimits,57,3,True,False,1.0,0.0,Unit_None,77740,0,0,0,False
vw_meb_2024.dbc,0,0x464,PSD_06,PSD_Sys_Quali_Vorfahrtsregelung,60,3,True,False,1.0,0.0,Unit_None,77740,0,0,0,False
vw_meb_2024.dbc,0,0x464,PSD_06,PSD_Sys_Quali_sonstige_Attribute,48,3,True,False,1.0,0.0,Unit_None,77740,0,0,0,False
vw_meb_2024.dbc,0,0x464,PSD_06,PSD_Sys_Quali_verfuegbar,38,1,True,False,1.0,0.0,,77740,0,0,0,False
vw_meb_2024.dbc,0,0x464,PSD_06,PSD_Sys_Segment_ID,3,6,True,False,1.0,0.0,,77740,0,0,77740,False
vw_meb_2024.dbc,0,0x464,PSD_06,PSD_Sys_US_State,27,6,True,False,1.0,0.0,,77740,0,0,0,False
vw_meb_2024.dbc,0,0x464,PSD_06,PSD_Sys_Verkehrsrichtung,18,1,True,False,1.0,0.0,,77740,0,0,0,False
vw_meb_2024.dbc,0,0x464,PSD_06,PSD_Sys_Zielfuehrung,26,1,True,False,1.0,0.0,,77740,0,0,0,False
vw_meb_2024.dbc,0,0x464,PSD_06,PSD_Sys_Zielfuehrung_geaendert,39,1,True,False,1.0,0.0,,77740,0,0,0,False
vw_meb_2024.dbc,0,0x481,MainUnit_01,DSSS_Warning,16,5,True,False,1.0,0.0,,23324,0,0,0,False
vw_meb_2024.dbc,0,0x481,MainUnit_01,MIB_Tongenerator_PH_verfuegbar,9,3,True,False,1.0,0.0,,23324,0,0,0,False
vw_meb_2024.dbc,0,0x481,MainUnit_01,MMI_Counter_Bedienevent,12,4,True,False,1.0,0.0,,23324,0,0,0,False
vw_meb_2024.dbc,0,0x481,MainUnit_01,MMI_Gauges_active,31,1,True,False,1.0,0.0,,23324,0,0,0,False
vw_meb_2024.dbc,0,0x481,MainUnit_01,MMI_Gurt_Mic_ref,28,1,True,False,1.0,0.0,,23324,0,0,0,False
vw_meb_2024.dbc,0,0x481,MainUnit_01,MMI_SDS_aktiv,23,1,True,False,1.0,0.0,,23324,0,0,0,False
vw_meb_2024.dbc,0,0x481,MainUnit_01,MMI_StartStopp_Info,46,2,True,False,1.0,0.0,,23324,0,0,0,False
vw_meb_2024.dbc,0,0x481,MainUnit_01,MMI_Telefon_aktiv,27,1,True,False,1.0,0.0,,23324,0,0,0,False
vw_meb_2024.dbc,0,0x481,MainUnit_01,MU_SecondDisplay,24,3,True,False,1.0,0.0,,23324,0,23324,0,False
vw_meb_2024.dbc,0,0x481,MainUnit_01,MU_Update_Time,32,8,True,False,0.1,0.0,Unit_Hours,23324,0,0,0,False
vw_meb_2024.dbc,0,0x481,MainUnit_01,Nav_FoD_Status,4,3,True,False,1.0,0.0,,23324,0,75,0,False
vw_meb_2024.dbc,0,0x481,MainUnit_01,ZR_Kindersicherung_RSE,21,1,True,False,1.0,0.0,,23324,0,0,0,False
vw_meb_2024.dbc,0,0x481,MainUnit_01,ZR_LAPP_Sondermodus_Status,44,2,True,False,1.0,0.0,,23324,0,0,0,False
vw_meb_2024.dbc,0,0x481,MainUnit_01,ZR_LoGeWa_Event_Kombiwarnung,0,4,True,False,1.0,0.0,,23324,0,23324,0,False
vw_meb_2024.dbc,0,0x481,MainUnit_01,ZR_MXB_Manoever_Ansage,42,2,True,False,1.0,0.0,,23324,0,0,0,False
vw_meb_2024.dbc,0,0x481,MainUnit_01,ZR_Parken_Sondermodus,48,4,True,False,1.0,0.0,,23324,0,23324,0,False
vw_meb_2024.dbc,0,0x481,MainUnit_01,ZR_RSE_aktivieren,22,1,True,False,1.0,0.0,,23324,0,0,0,False
vw_meb_2024.dbc,0,0x481,MainUnit_01,ZR_Rundenbewertung,52,4,True,False,1.0,0.0,,23324,0,0,0,False
vw_meb_2024.dbc,0,0x481,MainUnit_01,ZR_Rundenfortschritt,56,8,True,False,0.5,0.0,Unit_PerCent,23324,0,0,0,False
vw_meb_2024.dbc,0,0x481,MainUnit_01,ZR_Sta_Inszenierung,29,2,True,False,1.0,0.0,,23324,0,23324,0,False
vw_meb_2024.dbc,0,0x48b,BEM_06,CHK,8,4,True,False,1.0,0.0,,116640,0,0,0,False
vw_meb_2024.dbc,0,0x48b,BEM_06,CRC,0,8,True,False,1.0,0.0,,116640,0,0,0,False
vw_meb_2024.dbc,0,0x497,Parkhilfe_01,PDC_Tonausgabe_Front,4,4,True,False,1.0,0.0,,4289,0,0,0,False
vw_meb_2024.dbc,0,0x497,Parkhilfe_01,PDC_Tonausgabe_Heck,8,4,True,False,1.0,0.0,,4289,0,0,0,False
vw_meb_2024.dbc,0,0x497,Parkhilfe_01,PH_Abschaltursache,13,3,True,False,1.0,0.0,,4289,0,0,0,False
vw_meb_2024.dbc,0,0x497,Parkhilfe_01,PH_Anf_Audioabsenkung,23,1,True,False,1.0,0.0,,4289,0,0,0,False
vw_meb_2024.dbc,0,0x497,Parkhilfe_01,PH_Anf_Verdeck,30,2,True,False,1.0,0.0,,4289,0,0,0,False
vw_meb_2024.dbc,0,0x497,Parkhilfe_01,PH_Display_Kundenwunsch,61,2,True,False,1.0,0.0,,4289,0,0,0,False
vw_meb_2024.dbc,0,0x497,Parkhilfe_01,PH_Frequenz_hinten,32,4,True,False,1.0,0.0,,4289,0,0,0,False
vw_meb_2024.dbc,0,0x497,Parkhilfe_01,PH_Frequenz_vorn,40,4,True,False,1.0,0.0,,4289,0,0,0,False
vw_meb_2024.dbc,0,0x497,Parkhilfe_01,PH_Lautstaerke_hinten,36,4,True,False,1.0,0.0,,4289,0,0,0,False
vw_meb_2024.dbc,0,0x497,Parkhilfe_01,PH_Lautstaerke_vorn,44,4,True,False,1.0,0.0,,4289,0,0,0,False
vw_meb_2024.dbc,0,0x497,Parkhilfe_01,PH_Opt_Anz_H_Hindernis,19,1,True,False,1.0,0.0,,4289,0,0,0,False
vw_meb_2024.dbc,0,0x497,Parkhilfe_01,PH_Opt_Anz_V_Hindernis,18,1,True,False,1.0,0.0,,4289,0,0,0,False
vw_meb_2024.dbc,0,0x497,Parkhilfe_01,PH_Opt_Anzeige_H_ein,17,1,True,False,1.0,0.0,,4289,0,0,0,False
vw_meb_2024.dbc,0,0x497,Parkhilfe_01,PH_Opt_Anzeige_V_ein,16,1,True,False,1.0,0.0,,4289,0,0,0,False
vw_meb_2024.dbc,0,0x497,Parkhilfe_01,PH_StartStopp_Info,49,2,True,False,1.0,0.0,,4289,0,0,0,False
vw_meb_2024.dbc,0,0x497,Parkhilfe_01,PH_Stoermeldung,52,4,True,False,1.0,0.0,,4289,0,0,0,False
vw_meb_2024.dbc,0,0x497,Parkhilfe_01,PH_Systemzustand,58,3,True,False,1.0,0.0,,4289,0,0,0,False
vw_meb_2024.dbc,0,0x497,Parkhilfe_01,PH_Taster,28,2,True,False,1.0,0.0,,4289,0,0,0,False
vw_meb_2024.dbc,0,0x497,Parkhilfe_01,PH_Tongeber_H_aktiv,21,1,True,False,1.0,0.0,,4289,0,0,0,False
vw_meb_2024.dbc,0,0x497,Parkhilfe_01,PH_Tongeber_H_verfuegbar,24,1,True,False,1.0,0.0,,4289,0,0,0,False
vw_meb_2024.dbc,0,0x497,Parkhilfe_01,PH_Tongeber_V_aktiv,20,1,True,False,1.0,0.0,,4289,0,0,0,False
vw_meb_2024.dbc,0,0x497,Parkhilfe_01,PH_Tongeber_mute,22,1,True,False,1.0,0.0,,4289,0,0,0,False
vw_meb_2024.dbc,0,0x497,Parkhilfe_01,PH_Visualisierung,0,3,True,False,1.0,0.0,,4289,0,4289,0,False
vw_meb_2024.dbc,0,0x497,Parkhilfe_01,PH_defekt,56,1,True,False,1.0,0.0,,4289,0,0,0,False
vw_meb_2024.dbc,0,0x497,Parkhilfe_01,PH_gestoert,57,1,True,False,1.0,0.0,,4289,0,0,0,False
vw_meb_2024.dbc,0,0x497,Parkhilfe_01,PH_nachtr_Stopp_Anf,12,1,True,False,1.0,0.0,,4289,0,0,0,False
vw_meb_2024.dbc,0,0x497,Parkhilfe_01,PLA_Anf_Aufschaltung_RVC,25,1,True,False,1.0,0.0,,4289,0,0,0,False
vw_meb_2024.dbc,0,0x520,Airbag_02,AB_Abschaltanf_SIH_BF,28,1,True,False,1.0,0.0,,58337,0,0,0,False
vw_meb_2024.dbc,0,0x520,Airbag_02,AB_Anforderung_USM,39,1,True,False,1.0,0.0,,58337,0,0,0,False
vw_meb_2024.dbc,0,0x520,Airbag_02,AB_Anforderung_eCall,16,1,True,False,1.0,0.0,,58337,0,0,0,False
vw_meb_2024.dbc,0,0x520,Airbag_02,AB_Anprall_FGS,19,1,True,False,1.0,0.0,,58337,0,0,0,False
vw_meb_2024.dbc,0,0x520,Airbag_02,AB_Anprall_Front_Beifahrer,20,1,True,False,1.0,0.0,,58337,0,0,0,False
vw_meb_2024.dbc,0,0x520,Airbag_02,AB_Anprall_Front_Fahrer,21,1,True,False,1.0,0.0,,58337,0,0,0,False
vw_meb_2024.dbc,0,0x520,Airbag_02,AB_Anprall_Heck_Beifahrer,22,1,True,False,1.0,0.0,,58337,0,0,0,False
vw_meb_2024.dbc,0,0x520,Airbag_02,AB_Anprall_Heck_Fahrer,23,1,True,False,1.0,0.0,,58337,0,0,0,False
vw_meb_2024.dbc,0,0x520,Airbag_02,AB_Anprall_Rollover,18,1,True,False,1.0,0.0,,58337,0,0,0,False
vw_meb_2024.dbc,0,0x520,Airbag_02,AB_Anprall_Seite_Beifahrer,17,1,True,False,1.0,0.0,,58337,0,0,0,False
vw_meb_2024.dbc,0,0x520,Airbag_02,AB_Anprall_Seite_Fahrer,29,1,True,False,1.0,0.0,,58337,0,0,0,False
vw_meb_2024.dbc,0,0x520,Airbag_02,AB_Belegung_VB,26,2,True,False,1.0,0.0,,58337,0,0,0,False
vw_meb_2024.dbc,0,0x520,Airbag_02,AB_Crashschwere,36,3,True,False,1.0,0.0,,58337,0,0,0,False
vw_meb_2024.dbc,0,0x520,Airbag_02,AB_Gurtschloss_BF,42,2,True,False,1.0,0.0,,58337,0,30,0,False
vw_meb_2024.dbc,0,0x520,Airbag_02,AB_Gurtschloss_FA,40,2,True,False,1.0,0.0,,58337,0,23,0,False
vw_meb_2024.dbc,0,0x520,Airbag_02,AB_Gurtschloss_Reihe2_BF,48,2,True,False,1.0,0.0,,58337,0,37,0,False
vw_meb_2024.dbc,0,0x520,Airbag_02,AB_Gurtschloss_Reihe2_FA,44,2,True,False,1.0,0.0,,58337,0,23,0,False
vw_meb_2024.dbc,0,0x520,Airbag_02,AB_Gurtschloss_Reihe2_MI,46,2,True,False,1.0,0.0,,58337,0,30,0,False
vw_meb_2024.dbc,0,0x520,Airbag_02,AB_Gurtschloss_Reihe3_BF,54,2,True,False,1.0,0.0,,58337,0,7,0,False
vw_meb_2024.dbc,0,0x520,Airbag_02,AB_Gurtschloss_Reihe3_FA,50,2,True,False,1.0,0.0,,58337,0,7,0,False
vw_meb_2024.dbc,0,0x520,Airbag_02,AB_Gurtschloss_Reihe3_MI,52,2,True,False,1.0,0.0,,58337,0,7,0,False
vw_meb_2024.dbc,0,0x520,Airbag_02,AB_Sitzpos_Sens_BF,58,2,True,False,1.0,0.0,,58337,0,0,0,False
vw_meb_2024.dbc,0,0x520,Airbag_02,AB_Sitzpos_Sens_FA,56,2,True,False,1.0,0.0,,58337,0,0,0,False
vw_meb_2024.dbc,0,0x520,Airbag_02,AB_Wickelklappung_Reihe2_BF,60,2,True,False,1.0,0.0,,58337,0,0,0,False
vw_meb_2024.dbc,0,0x520,Airbag_02,AB_Wickelklappung_Reihe2_FA,62,2,True,False,1.0,0.0,,58337,0,0,0,False
vw_meb_2024.dbc,0,0x520,Airbag_02,AB_Wickelklappung_Reihe2_MI,24,2,True,False,1.0,0.0,,58337,0,0,0,False
vw_meb_2024.dbc,0,0x520,Airbag_02,LoGeWa_Event_Kombiwarnung,12,4,True,False,1.0,0.0,,58337,0,58337,0,False
vw_meb_2024.dbc,0,0x520,Airbag_02,SC_PAO_OFF_Anf,34,2,True,False,1.0,0.0,,58337,0,0,0,False
vw_meb_2024.dbc,0,0x520,Airbag_02,SC_PAO_ON_Anf,32,2,True,False,1.0,0.0,,58337,0,0,0,False
vw_meb_2024.dbc,0,0x520,Airbag_02,SC_PAO_Schriftzug_Anf,30,2,True,False,1.0,0.0,,58337,0,0,0,False
vw_meb_2024.dbc,0,0x54b,Parkhilfe_04,BCM_WAH_Meldung,55,3,True,False,1.0,0.0,,859,0,859,0,False
vw_meb_2024.dbc,0,0x54b,Parkhilfe_04,PDC_Charisma_FahrPr,60,4,True,False,1.0,0.0,,859,0,0,0,False
vw_meb_2024.dbc,0,0x54b,Parkhilfe_04,PDC_Charisma_Status,58,2,True,False,1.0,0.0,,859,0,859,0,False
vw_meb_2024.dbc,0,0x54b,Parkhilfe_04,PH_Aufschaltursache,16,5,True,False,1.0,0.0,,859,0,0,0,False
vw_meb_2024.dbc,0,0x54b,Parkhilfe_04,PH_Ton_Ausgabe,21,3,True,False,1.0,0.0,,859,0,859,0,False
vw_meb_2024.dbc,0,0x54b,Parkhilfe_04,PH_Ton_Lautstaerke,52,3,True,False,1.0,0.0,,859,0,0,0,False
vw_meb_2024.dbc,0,0x54b,Parkhilfe_04,PH_Ton_Pausenlaenge,24,8,True,False,1.0,0.0,,859,0,859,0,False
vw_meb_2024.dbc,0,0x54b,Parkhilfe_04,PH_Ton_Richtung,49,3,True,False,1.0,0.0,,859,0,0,0,False
vw_meb_2024.dbc,0,0x54b,Parkhilfe_04,PH_Verschmutzungsmeldung,12,4,True,False,1.0,0.0,,859,0,0,0,False
vw_meb_2024.dbc,0,0x551,WFS_01,WFS_Betrieb_Lesespule,21,1,True,False,1.0,0.0,,58356,0,0,0,False
vw_meb_2024.dbc,0,0x551,WFS_01,WFS_ELV_authorisiert,19,1,True,False,1.0,0.0,,58356,0,0,0,False
vw_meb_2024.dbc,0,0x551,WFS_01,WFS_Fahrerhinweise,34,2,True,False,1.0,0.0,,58356,0,0,0,False
vw_meb_2024.dbc,0,0x551,WFS_01,WFS_ID_Geb_autorisiert,5,1,True,False,1.0,0.0,,58356,0,0,0,False
vw_meb_2024.dbc,0,0x551,WFS_01,WFS_ID_Geb_autorisiert_in_Kl15,6,1,True,False,1.0,0.0,,58356,0,0,0,False
vw_meb_2024.dbc,0,0x551,WFS_01,WFS_ID_Geb_steckt,7,1,True,False,1.0,0.0,,58356,0,0,0,False
vw_meb_2024.dbc,0,0x551,WFS_01,WFS_Klemmenfreigabe,22,1,True,False,1.0,0.0,,58356,0,0,0,False
vw_meb_2024.dbc,0,0x551,WFS_01,WFS_LF_Aktiv,20,1,True,False,1.0,0.0,,58356,0,0,0,False
vw_meb_2024.dbc,0,0x551,WFS_01,WFS_LZ,17,2,True,False,1.0,0.0,,58356,0,0,0,False
vw_meb_2024.dbc,0,0x551,WFS_01,WFS_Parken_Status,36,2,True,False,1.0,0.0,,58356,0,0,0,False
vw_meb_2024.dbc,0,0x551,WFS_01,WFS_Safe,16,1,True,False,1.0,0.0,,58356,0,58356,0,False
vw_meb_2024.dbc,0,0x551,WFS_01,WFS_Schluessel_Fahrberecht,0,4,True,False,1.0,0.0,,58356,0,0,0,False
vw_meb_2024.dbc,0,0x551,WFS_01,WFS_Schluessel_Ist,12,4,True,False,1.0,0.0,,58356,0,0,0,False
vw_meb_2024.dbc,0,0x551,WFS_01,WFS_Schluessel_Soll,8,4,True,False,1.0,0.0,,58356,0,0,0,False
vw_meb_2024.dbc,0,0x583,ZV_02,BCM_FH_Freigabe,12,1,True,False,1.0,0.0,,58573,0,0,0,False
vw_meb_2024.dbc,0,0x583,ZV_02,BCM_HSK_Freigabe,14,1,True,False,1.0,0.0,,58573,0,0,0,False
vw_meb_2024.dbc,0,0x583,ZV_02,BCM_Komfortfkt_Freigabe,13,1,True,False,1.0,0.0,,58573,0,0,0,False
vw_meb_2024.dbc,0,0x583,ZV_02,BCM_Tankklappensteller_Fehler,61,1,True,False,1.0,0.0,,58573,0,58573,0,False
vw_meb_2024.dbc,0,0x583,ZV_02,BCM_Verdeck_Freigabe,15,1,True,False,1.0,0.0,,58573,0,0,0,False
vw_meb_2024.dbc,0,0x583,ZV_02,DWA_aktiv,31,1,True,False,1.0,0.0,,58573,0,0,0,False
vw_meb_2024.dbc,0,0x583,ZV_02,FBS_Warn_Schluessel_Batt,47,1,True,False,1.0,0.0,,58573,0,0,0,False
vw_meb_2024.dbc,0,0x583,ZV_02,FFB_CarFinder,38,1,True,False,1.0,0.0,,58573,0,0,0,False
vw_meb_2024.dbc,0,0x583,ZV_02,FFB_Komfortoeffnen,39,1,True,False,1.0,0.0,,58573,0,0,0,False
vw_meb_2024.dbc,0,0x583,ZV_02,FFB_Komfortschliessen,40,1,True,False,1.0,0.0,,58573,0,0,0,False
vw_meb_2024.dbc,0,0x583,ZV_02,HBFS_gesafet,53,1,True,False,1.0,0.0,,58573,0,0,0,False
vw_meb_2024.dbc,0,0x583,ZV_02,HBFS_verriegelt,52,1,True,False,1.0,0.0,,58573,0,0,0,False
vw_meb_2024.dbc,0,0x583,ZV_02,HD_Hauptraste,32,1,True,False,1.0,0.0,,58573,0,0,0,False
vw_meb_2024.dbc,0,0x583,ZV_02,HD_Vorraste,33,1,True,False,1.0,0.0,,58573,0,0,0,False
vw_meb_2024.dbc,0,0x583,ZV_02,HFS_gesafet,51,1,True,False,1.0,0.0,,58573,0,0,0,False
vw_meb_2024.dbc,0,0x583,ZV_02,HFS_verriegelt,50,1,True,False,1.0,0.0,,58573,0,0,0,False
vw_meb_2024.dbc,0,0x583,ZV_02,IRUE_Taster_Fkts_LED,55,1,True,False,1.0,0.0,,58573,0,0,0,False
vw_meb_2024.dbc,0,0x583,ZV_02,IRUE_aktiv,30,1,True,False,1.0,0.0,,58573,0,0,0,False
vw_meb_2024.dbc,0,0x583,ZV_02,ZV_BT_offen,25,1,True,False,1.0,0.0,,58573,0,0,0,False
vw_meb_2024.dbc,0,0x583,ZV_02,ZV_Einzeltuerentriegelung,22,1,True,False,1.0,0.0,,58573,0,0,0,False
vw_meb_2024.dbc,0,0x583,ZV_02,ZV_FT_offen,24,1,True,False,1.0,0.0,,58573,0,0,0,False
vw_meb_2024.dbc,0,0x583,ZV_02,ZV_HBFS_offen,27,1,True,False,1.0,0.0,,58573,0,0,0,False
vw_meb_2024.dbc,0,0x583,ZV_02,ZV_HD_offen,28,1,True,False,1.0,0.0,,58573,0,0,0,False
vw_meb_2024.dbc,0,0x583,ZV_02,ZV_HFS_offen,26,1,True,False,1.0,0.0,,58573,0,0,0,False
vw_meb_2024.dbc,0,0x583,ZV_02,ZV_HS_offen,29,1,True,False,1.0,0.0,,58573,0,0,0,False
vw_meb_2024.dbc,0,0x583,ZV_02,ZV_Heckeinzelentriegelung,23,1,True,False,1.0,0.0,,58573,0,0,0,False
vw_meb_2024.dbc,0,0x583,ZV_02,ZV_Oeffnungsmodus,48,2,True,False,1.0,0.0,,58573,0,0,0,False
vw_meb_2024.dbc,0,0x583,ZV_02,ZV_Rollo_auf,57,1,True,False,1.0,0.0,,58573,0,0,0,False
vw_meb_2024.dbc,0,0x583,ZV_02,ZV_Rollo_zu,58,1,True,False,1.0,0.0,,58573,0,0,0,False
vw_meb_2024.dbc,0,0x583,ZV_02,ZV_SAD_auf,59,1,True,False,1.0,0.0,,58573,0,0,0,False
vw_meb_2024.dbc,0,0x583,ZV_02,ZV_SAD_zu,60,1,True,False,1.0,0.0,,58573,0,0,0,False
vw_meb_2024.dbc,0,0x583,ZV_02,ZV_SafeFunktion_aktiv,46,1,True,False,1.0,0.0,,58573,0,0,0,False
vw_meb_2024.dbc,0,0x583,ZV_02,ZV_Schluessel_Zugang,42,4,True,False,1.0,0.0,,58573,0,0,0,False
vw_meb_2024.dbc,0,0x583,ZV_02,ZV_Tankklappe_offen,56,1,True,False,1.0,0.0,,58573,0,0,0,False
vw_meb_2024.dbc,0,0x583,ZV_02,ZV_gesafet_extern_ist,20,1,True,False,1.0,0.0,,58573,0,0,0,False
vw_meb_2024.dbc,0,0x583,ZV_02,ZV_gesafet_extern_soll,21,1,True,False,1.0,0.0,,58573,0,0,0,False
vw_meb_2024.dbc,0,0x583,ZV_02,ZV_ist_Zustand_verfuegbar,54,1,True,False,1.0,0.0,,58573,0,0,0,False
vw_meb_2024.dbc,0,0x583,ZV_02,ZV_verriegelt_extern_ist,17,1,True,False,1.0,0.0,,58573,0,0,0,False
vw_meb_2024.dbc,0,0x583,ZV_02,ZV_verriegelt_extern_soll,19,1,True,False,1.0,0.0,,58573,0,0,0,False
vw_meb_2024.dbc,0,0x583,ZV_02,ZV_verriegelt_intern_ist,16,1,True,False,1.0,0.0,,58573,0,0,0,False
vw_meb_2024.dbc,0,0x583,ZV_02,ZV_verriegelt_intern_soll,18,1,True,False,1.0,0.0,,58573,0,0,0,False
vw_meb_2024.dbc,0,0x583,ZV_02,ZV_verriegelt_soll,62,2,True,False,1.0,0.0,,58573,0,0,0,False
vw_meb_2024.dbc,0,0x585,Systeminfo_01,GW_KD_Fehler,13,1,True,False,1.0,0.0,,12261,0,12261,0,False
vw_meb_2024.dbc,0,0x585,Systeminfo_01,SI_BUS_01,16,1,True,False,1.0,0.0,,12261,0,0,0,False
vw_meb_2024.dbc,0,0x585,Systeminfo_01,SI_BUS_02,17,1,True,False,1.0,0.0,,12261,0,0,0,False
vw_meb_2024.dbc,0,0x585,Systeminfo_01,SI_BUS_03,18,1,True,False,1.0,0.0,,12261,0,0,0,False
vw_meb_2024.dbc,0,0x585,Systeminfo_01,SI_BUS_04,19,1,True,False,1.0,0.0,,12261,0,0,0,False
vw_meb_2024.dbc,0,0x585,Systeminfo_01,SI_BUS_05,20,1,True,False,1.0,0.0,,12261,0,0,0,False
vw_meb_2024.dbc,0,0x585,Systeminfo_01,SI_BUS_06,21,1,True,False,1.0,0.0,,12261,0,0,0,False
vw_meb_2024.dbc,0,0x585,Systeminfo_01,SI_BUS_07,22,1,True,False,1.0,0.0,,12261,0,0,0,False
vw_meb_2024.dbc,0,0x585,Systeminfo_01,SI_BUS_08,23,1,True,False,1.0,0.0,,12261,0,0,0,False
vw_meb_2024.dbc,0,0x585,Systeminfo_01,SI_BUS_09,24,1,True,False,1.0,0.0,,12261,0,0,0,False
vw_meb_2024.dbc,0,0x585,Systeminfo_01,SI_BUS_10,25,1,True,False,1.0,0.0,,12261,0,0,0,False
vw_meb_2024.dbc,0,0x585,Systeminfo_01,SI_BUS_11,26,1,True,False,1.0,0.0,,12261,0,0,0,False
vw_meb_2024.dbc,0,0x585,Systeminfo_01,SI_BUS_12,27,1,True,False,1.0,0.0,,12261,0,0,0,False
vw_meb_2024.dbc,0,0x585,Systeminfo_01,SI_BUS_13,28,1,True,False,1.0,0.0,,12261,0,0,0,False
vw_meb_2024.dbc,0,0x585,Systeminfo_01,SI_BUS_14,29,1,True,False,1.0,0.0,,12261,0,0,0,False
vw_meb_2024.dbc,0,0x585,Systeminfo_01,SI_BUS_15,30,1,True,False,1.0,0.0,,12261,0,0,0,False
vw_meb_2024.dbc,0,0x585,Systeminfo_01,SI_Bus_Identifikation,32,8,True,False,1.0,0.0,,12261,0,0,0,False
vw_meb_2024.dbc,0,0x585,Systeminfo_01,SI_CAB,40,24,True,False,1.0,0.0,,12261,0,0,0,False
vw_meb_2024.dbc,0,0x585,Systeminfo_01,SI_Diagnose_Aktiv,7,1,True,False,1.0,0.0,,12261,0,0,0,False
vw_meb_2024.dbc,0,0x585,Systeminfo_01,SI_NWDF,10,1,True,False,1.0,0.0,,12261,0,0,0,False
vw_meb_2024.dbc,0,0x585,Systeminfo_01,SI_NWDF_gueltig,11,1,True,False,1.0,0.0,,12261,0,0,0,False
vw_meb_2024.dbc,0,0x585,Systeminfo_01,SI_QRS_Mode,8,1,True,False,1.0,0.0,,12261,0,0,0,False
vw_meb_2024.dbc,0,0x585,Systeminfo_01,SI_Sammel_SG_Fehler,0,6,True,False,1.0,0.0,,12261,0,0,200,False
vw_meb_2024.dbc,0,0x585,Systeminfo_01,SI_Sammelfehler,12,1,True,False,1.0,0.0,,12261,0,12261,0,False
vw_meb_2024.dbc,0,0x585,Systeminfo_01,SI_T_Mode,9,1,True,False,1.0,0.0,,12261,0,0,0,False
vw_meb_2024.dbc,0,0x585,Systeminfo_01,SI_T_Schutz,14,1,True,False,1.0,0.0,,12261,0,0,0,False
vw_meb_2024.dbc,0,0x5a0,RLS_01,LS_Helligkeit_FW,8,10,True,False,6.0,0.0,Unit_Lux,58316,0,0,0,False
vw_meb_2024.dbc,0,0x5a0,RLS_01,LS_Helligkeit_IR,0,8,True,False,400.0,0.0,Unit_Lux,58316,0,0,0,False
vw_meb_2024.dbc,0,0x5a0,RLS_01,LS_Verbau,23,1,True,False,1.0,0.0,,58316,0,0,0,False
vw_meb_2024.dbc,0,0x5a0,RLS_01,LS_defekt,22,1,True,False,1.0,0.0,,58316,0,0,0,False
vw_meb_2024.dbc,0,0x5a0,RLS_01,RLS_Vorfeldhelligkeit_Boost,35,4,True,False,1.0,0.0,,58316,0,0,0,False
vw_meb_2024.dbc,0,0x5a0,RLS_01,RS_Regenmenge,24,4,True,False,10.0,0.0,Unit_PerCent,58316,0,0,181,False
vw_meb_2024.dbc,0,0x5a0,RLS_01,RS_Verbau,29,1,True,False,1.0,0.0,,58316,0,0,0,False
vw_meb_2024.dbc,0,0x5a0,RLS_01,RS_Verglasung_schliessen,30,1,True,False,1.0,0.0,,58316,0,0,0,False
vw_meb_2024.dbc,0,0x5a0,RLS_01,RS_Wischergeschwindigkeit,32,3,True,False,1.0,0.0,,58316,0,0,0,False
vw_meb_2024.dbc,0,0x5a0,RLS_01,RS_defekt,31,1,True,False,1.0,0.0,,58316,0,0,0,False
vw_meb_2024.dbc,0,0x5a7,TM_01,TM_Door_Lock,49,1,True,False,1.0,0.0,,11665,0,11665,0,False
vw_meb_2024.dbc,0,0x5a7,TM_01,TM_Door_Unlock,50,1,True,False,1.0,0.0,,11665,0,11665,0,False
vw_meb_2024.dbc,0,0x5a7,TM_01,TM_Nur_Hupen,48,1,True,False,1.0,0.0,,11665,0,0,0,False
vw_meb_2024.dbc,0,0x5a7,TM_01,TM_Panik_Alarm,52,1,True,False,1.0,0.0,,11665,0,11665,0,False
vw_meb_2024.dbc,0,0x5a7,TM_01,TM_Spiegel_Anklappen,47,1,True,False,1.0,0.0,,11665,0,11665,0,False
vw_meb_2024.dbc,0,0x5a7,TM_01,TM_Warnblinken,51,1,True,False,1.0,0.0,,11665,0,11665,0,False
vw_meb_2024.dbc,0,0x5a7,TM_01,TM_ZV_Signatur,53,11,True,False,1.0,0.0,Unit_None,11665,0,11665,11665,False
vw_meb_2024.dbc,0,0x5f0,Dimmung_01,DI_Display_Nachtdesign,15,1,True,False,1.0,0.0,,58334,0,0,0,False
vw_meb_2024.dbc,0,0x5f0,Dimmung_01,DI_Fotosensor,24,16,True,False,1.0,0.0,,58334,0,0,0,False
vw_meb_2024.dbc,0,0x5f0,Dimmung_01,DI_KL_58xd,0,8,True,False,1.0,0.0,,58334,0,0,0,False
vw_meb_2024.dbc,0,0x5f0,Dimmung_01,DI_KL_58xs,8,7,True,False,1.0,0.0,Unit_PerCent,58334,0,0,0,False
vw_meb_2024.dbc,0,0x5f0,Dimmung_01,DI_KL_58xt,16,7,True,False,1.0,0.0,Unit_PerCent,58334,0,0,0,False
vw_meb_2024.dbc,0,0x5f4,Innenlicht_11,AMB_Charisma_FahrPr,49,4,True,False,1.0,0.0,,23346,0,0,0,False
vw_meb_2024.dbc,0,0x5f4,Innenlicht_11,AMB_Charisma_Status,53,2,True,False,1.0,0.0,,23346,0,23346,0,False
vw_meb_2024.dbc,0,0x5f4,Innenlicht_11,BCM1_DI_Rampe_Innenlicht,40,1,True,False,1.0,0.0,,23346,0,0,0,False
vw_meb_2024.dbc,0,0x5f4,Innenlicht_11,BCM1_DI_Rampe_Leselicht,41,1,True,False,1.0,0.0,,23346,0,0,0,False
vw_meb_2024.dbc,0,0x5f4,Innenlicht_11,BCM1_Innenlicht_H,42,1,True,False,1.0,0.0,,23346,0,0,0,False
vw_meb_2024.dbc,0,0x5f4,Innenlicht_11,BCM1_Innenlicht_V,43,1,True,False,1.0,0.0,,23346,0,0,0,False
vw_meb_2024.dbc,0,0x5f4,Innenlicht_11,BCM1_Innenlicht_gedimmt_H,37,1,True,False,1.0,0.0,,23346,0,0,0,False
vw_meb_2024.dbc,0,0x5f4,Innenlicht_11,BCM1_Innenlicht_gedimmt_V,36,1,True,False,1.0,0.0,,23346,0,0,0,False
vw_meb_2024.dbc,0,0x5f4,Innenlicht_11,BCM1_Leselicht_Anf_hl,44,1,True,False,1.0,0.0,,23346,0,0,0,False
vw_meb_2024.dbc,0,0x5f4,Innenlicht_11,BCM1_Leselicht_Anf_hr,45,1,True,False,1.0,0.0,,23346,0,0,0,False
vw_meb_2024.dbc,0,0x5f4,Innenlicht_11,BCM1_Leselicht_Anf_vl,46,1,True,False,1.0,0.0,,23346,0,0,0,False
vw_meb_2024.dbc,0,0x5f4,Innenlicht_11,BCM1_Leselicht_Anf_vr,47,1,True,False,1.0,0.0,,23346,0,0,0,False
vw_meb_2024.dbc,0,0x5f4,Innenlicht_11,BCM1_Leuchten_Aus,48,1,True,False,1.0,0.0,,23346,0,0,0,False
vw_meb_2024.dbc,0,0x5f4,Innenlicht_11,IL_Bel_BFS_Ausstieg,33,1,True,False,1.0,0.0,,23346,0,0,0,False
vw_meb_2024.dbc,0,0x5f4,Innenlicht_11,IL_Bel_FS_Ausstieg,32,1,True,False,1.0,0.0,,23346,0,0,0,False
vw_meb_2024.dbc,0,0x5f4,Innenlicht_11,IL_Bel_HBFS_Ausstieg,35,1,True,False,1.0,0.0,,23346,0,0,0,False
vw_meb_2024.dbc,0,0x5f4,Innenlicht_11,IL_Bel_HFS_Ausstieg,34,1,True,False,1.0,0.0,,23346,0,0,0,False
vw_meb_2024.dbc,0,0x5f4,Innenlicht_11,IL_Dimmung_H_Tuerkontur,8,8,True,False,1.0,0.0,Unit_PerCent,23346,0,0,0,False
vw_meb_2024.dbc,0,0x5f4,Innenlicht_11,IL_Dimmung_Lautspr,56,8,True,False,1.0,0.0,Unit_PerCent,23346,0,0,0,False
vw_meb_2024.dbc,0,0x5f4,Innenlicht_11,IL_Dimmung_Tuerinnengriff,16,8,True,False,1.0,0.0,Unit_PerCent,23346,0,0,0,False
vw_meb_2024.dbc,0,0x5f4,Innenlicht_11,IL_Dimmung_Umfeldbel,24,8,True,False,1.0,0.0,Unit_PerCent,23346,0,0,0,False
vw_meb_2024.dbc,0,0x5f4,Innenlicht_11,IL_Dimmung_V_Tuerkontur,0,8,True,False,1.0,0.0,Unit_PerCent,23346,0,0,0,False
vw_meb_2024.dbc,0,0x5f4,Innenlicht_11,IL_Innenlicht_aktiv,38,1,True,False,1.0,0.0,,23346,0,0,0,False
vw_meb_2024.dbc,0,0x5f4,Innenlicht_11,IL_Klemme_30G_aktiv,39,1,True,False,1.0,0.0,,23346,0,0,0,False
vw_meb_2024.dbc,0,0x641,Motor_Code_01,MO_Abgastyp_EOBD,57,1,True,False,1.0,0.0,,11652,0,0,0,False
vw_meb_2024.dbc,0,0x641,Motor_Code_01,MO_Abgastyp_OBD,58,1,True,False,1.0,0.0,,11652,0,0,0,False
vw_meb_2024.dbc,0,0x641,Motor_Code_01,MO_Ansaugsystem,47,1,True,False,1.0,0.0,,11652,0,0,0,False
vw_meb_2024.dbc,0,0x641,Motor_Code_01,MO_Anzahl_Zyl,32,4,True,False,1.0,0.0,,11652,0,0,0,False
vw_meb_2024.dbc,0,0x641,Motor_Code_01,MO_Code,16,8,True,False,1.0,0.0,,11652,0,0,0,False
vw_meb_2024.dbc,0,0x641,Motor_Code_01,MO_DPF_verbaut,59,1,True,False,1.0,0.0,,11652,0,0,0,False
vw_meb_2024.dbc,0,0x641,Motor_Code_01,MO_Einspritzart,63,1,True,False,1.0,0.0,,11652,0,0,0,False
vw_meb_2024.dbc,0,0x641,Motor_Code_01,MO_Faktor_Momente_02,12,2,True,False,1.0,0.0,,11652,0,0,0,False
vw_meb_2024.dbc,0,0x641,Motor_Code_01,MO_Getriebe_Code,24,6,True,False,1.0,0.0,,11652,0,11652,0,False
vw_meb_2024.dbc,0,0x641,Motor_Code_01,MO_Hubraum,40,7,True,False,0.1,0.0,Unit_Liter,11652,0,0,0,False
vw_meb_2024.dbc,0,0x641,Motor_Code_01,MO_Hybridfahrzeug,14,2,True,False,1.0,0.0,,11652,0,0,0,False
vw_meb_2024.dbc,0,0x641,Motor_Code_01,MO_Kraftstoffart,36,4,True,False,1.0,0.0,,11652,0,0,0,False
vw_meb_2024.dbc,0,0x641,Motor_Code_01,MO_Leistung,48,9,True,False,1.0,0.0,Unit_KiloWatt,11652,0,0,0,False
vw_meb_2024.dbc,0,0x641,Motor_Code_01,MO_StartStopp_Codiert,30,1,True,False,1.0,0.0,,11652,0,0,0,False
vw_meb_2024.dbc,0,0x641,Motor_Code_01,Motor_Code_01_BZ,8,4,True,False,1.0,0.0,,11652,0,0,0,False
vw_meb_2024.dbc,0,0x641,Motor_Code_01,Motor_Code_01_CRC,0,8,True,False,1.0,0.0,,11652,0,0,0,False
vw_meb_2024.dbc,0,0x641,Motor_Code_01,TSK_Codierung,60,3,True,False,1.0,0.0,,11652,0,0,0,False
vw_meb_2024.dbc,0,0x643,Einheiten_01,KBI_Einheit_Datum,0,2,True,False,1.0,0.0,,11661,0,0,0,False
vw_meb_2024.dbc,0,0x643,Einheiten_01,KBI_Einheit_Druck,2,2,True,False,1.0,0.0,,11661,0,0,0,False
vw_meb_2024.dbc,0,0x643,Einheiten_01,KBI_Einheit_Masse,28,2,True,False,1.0,0.0,,11661,0,0,0,False
vw_meb_2024.dbc,0,0x643,Einheiten_01,KBI_Einheit_Sprache,16,8,True,False,1.0,0.0,,11661,0,0,0,False
vw_meb_2024.dbc,0,0x643,Einheiten_01,KBI_Einheit_Streckenanz,4,1,True,False,1.0,0.0,,11661,0,0,0,False
vw_meb_2024.dbc,0,0x643,Einheiten_01,KBI_Einheit_Temp,6,1,True,False,1.0,0.0,,11661,0,0,0,False
vw_meb_2024.dbc,0,0x643,Einheiten_01,KBI_Einheit_Uhrzeit,7,1,True,False,1.0,0.0,,11661,0,0,0,False
vw_meb_2024.dbc,0,0x643,Einheiten_01,KBI_Einheit_Verbrauch,8,2,True,False,1.0,0.0,,11661,0,0,0,False
vw_meb_2024.dbc,0,0x643,Einheiten_01,KBI_Einheit_Verbrauch_Gas,24,4,True,False,1.0,0.0,,11661,0,0,0,False
vw_meb_2024.dbc,0,0x643,Einheiten_01,KBI_Einheit_Verbrauch_elektr,12,3,True,False,1.0,0.0,,11661,0,0,0,False
vw_meb_2024.dbc,0,0x643,Einheiten_01,KBI_Einheit_Volumen,10,2,True,False,1.0,0.0,,11661,0,0,0,False
vw_meb_2024.dbc,0,0x643,Einheiten_01,KBI_MFA_v_Einheit_02,5,1,True,False,1.0,0.0,,11661,0,0,0,False
vw_meb_2024.dbc,0,0x656,ELV_01,ELV_01_BZ,8,4,True,False,1.0,0.0,,19313,0,0,0,False
vw_meb_2024.dbc,0,0x656,ELV_01,ELV_01_CRC,0,8,True,False,1.0,0.0,,19313,0,0,0,False
vw_meb_2024.dbc,0,0x656,ELV_01,ELV_01_Sendestatus,15,1,True,False,1.0,0.0,,19313,0,0,0,False
vw_meb_2024.dbc,0,0x656,ELV_01,ELV_Abbruch_Anf_Klemmenfreigabe,23,1,True,False,1.0,0.0,,19313,0,0,0,False
vw_meb_2024.dbc,0,0x656,ELV_01,ELV_Anf_Klemme_15,13,1,True,False,1.0,0.0,,19313,0,0,0,False
vw_meb_2024.dbc,0,0x656,ELV_01,ELV_Anf_Klemme_50,14,1,True,False,1.0,0.0,,19313,0,0,0,False
vw_meb_2024.dbc,0,0x656,ELV_01,ELV_Anf_Klemme_S,12,1,True,False,1.0,0.0,,19313,0,0,0,False
vw_meb_2024.dbc,0,0x656,ELV_01,ELV_Anlernmodus,20,1,True,False,1.0,0.0,,19313,0,0,0,False
vw_meb_2024.dbc,0,0x656,ELV_01,ELV_Entriegelt,17,1,True,False,1.0,0.0,,19313,0,0,0,False
vw_meb_2024.dbc,0,0x656,ELV_01,ELV_Klemmenfreigabe,22,1,True,False,1.0,0.0,,19313,0,0,0,False
vw_meb_2024.dbc,0,0x656,ELV_01,ELV_LED_Gelb,25,1,True,False,1.0,0.0,,19313,0,0,0,False
vw_meb_2024.dbc,0,0x656,ELV_01,ELV_LED_Rot,24,1,True,False,1.0,0.0,,19313,0,0,0,False
vw_meb_2024.dbc,0,0x656,ELV_01,ELV_Lebenszustand,19,1,True,False,1.0,0.0,,19313,0,0,0,False
vw_meb_2024.dbc,0,0x656,ELV_01,ELV_P_verriegelt,35,1,True,False,1.0,0.0,,19313,0,0,0,False
vw_meb_2024.dbc,0,0x656,ELV_01,ELV_Txt_Bremse,34,1,True,False,1.0,0.0,,19313,0,0,0,False
vw_meb_2024.dbc,0,0x656,ELV_01,ELV_Txt_Defekt,30,1,True,False,1.0,0.0,,19313,0,0,0,False
vw_meb_2024.dbc,0,0x656,ELV_01,ELV_Txt_Kupplung,33,1,True,False,1.0,0.0,,19313,0,0,0,False
vw_meb_2024.dbc,0,0x656,ELV_01,ELV_Txt_Lkg_Bewegen,28,1,True,False,1.0,0.0,,19313,0,0,0,False
vw_meb_2024.dbc,0,0x656,ELV_01,ELV_Txt_PN_Gang,32,1,True,False,1.0,0.0,,19313,0,0,0,False
vw_meb_2024.dbc,0,0x656,ELV_01,ELV_Txt_P_Gang,31,1,True,False,1.0,0.0,,19313,0,0,0,False
vw_meb_2024.dbc,0,0x656,ELV_01,ELV_Txt_Panikabschaltung,27,1,True,False,1.0,0.0,,19313,0,0,0,False
vw_meb_2024.dbc,0,0x656,ELV_01,ELV_Txt_Werkstatt,29,1,True,False,1.0,0.0,,19313,0,0,0,False
vw_meb_2024.dbc,0,0x656,ELV_01,ELV_Verriegelt,16,1,True,False,1.0,0.0,,19313,0,0,0,False
vw_meb_2024.dbc,0,0x656,ELV_01,ELV_ZAT_betaetigt,18,1,True,False,1.0,0.0,,19313,0,0,0,False
vw_meb_2024.dbc,0,0x658,Licht_vorne_01,BCM1_Licht_Dunkelheit_aktiv,49,1,True,False,1.0,0.0,,13046,0,0,0,False
vw_meb_2024.dbc,0,0x658,Licht_vorne_01,BCM1_Linksverkehr,48,1,True,False,1.0,0.0,,13046,0,0,0,False
vw_meb_2024.dbc,0,0x658,Licht_vorne_01,LV_AFL_aktiv_Anzeige,18,1,True,False,1.0,0.0,,13046,0,0,0,False
vw_meb_2024.dbc,0,0x658,Licht_vorne_01,LV_AFL_defekt,19,1,True,False,1.0,0.0,,13046,0,0,0,False
vw_meb_2024.dbc,0,0x658,Licht_vorne_01,LV_Abbiegelicht_li_def,46,1,True,False,1.0,0.0,,13046,0,0,0,False
vw_meb_2024.dbc,0,0x658,Licht_vorne_01,LV_Abbiegelicht_re_def,47,1,True,False,1.0,0.0,,13046,0,0,0,False
vw_meb_2024.dbc,0,0x658,Licht_vorne_01,LV_Abblend_Fernlicht_li_def,41,1,True,False,1.0,0.0,,13046,0,0,0,False
vw_meb_2024.dbc,0,0x658,Licht_vorne_01,LV_Abblend_Fernlicht_re_def,45,1,True,False,1.0,0.0,,13046,0,0,0,False
vw_meb_2024.dbc,0,0x658,Licht_vorne_01,LV_Abblendlicht_Anzeige,13,1,True,False,1.0,0.0,,13046,0,0,0,False
vw_meb_2024.dbc,0,0x658,Licht_vorne_01,LV_Abblendlicht_TFL_li_def,38,1,True,False,1.0,0.0,,13046,0,0,0,False
vw_meb_2024.dbc,0,0x658,Licht_vorne_01,LV_Abblendlicht_TFL_re_def,42,1,True,False,1.0,0.0,,13046,0,0,0,False
vw_meb_2024.dbc,0,0x658,Licht_vorne_01,LV_Abblendlicht_li_def,22,1,True,False,1.0,0.0,,13046,0,0,0,False
vw_meb_2024.dbc,0,0x658,Licht_vorne_01,LV_Abblendlicht_re_def,32,1,True,False,1.0,0.0,,13046,0,0,0,False
vw_meb_2024.dbc,0,0x658,Licht_vorne_01,LV_Aussenlicht_def,37,1,True,False,1.0,0.0,,13046,0,0,0,False
vw_meb_2024.dbc,0,0x658,Licht_vorne_01,LV_Blinker_VL_aktiv,52,1,True,False,1.0,0.0,,13046,0,0,0,False
vw_meb_2024.dbc,0,0x658,Licht_vorne_01,LV_Blinker_VR_aktiv,53,1,True,False,1.0,0.0,,13046,0,0,0,False
vw_meb_2024.dbc,0,0x658,Licht_vorne_01,LV_Blinker_li_def,20,1,True,False,1.0,0.0,,13046,0,0,0,False
vw_meb_2024.dbc,0,0x658,Licht_vorne_01,LV_Blinker_re_def,30,1,True,False,1.0,0.0,,13046,0,0,0,False
vw_meb_2024.dbc,0,0x658,Licht_vorne_01,LV_Blk_li_Seite_def,25,1,True,False,1.0,0.0,,13046,0,0,0,False
vw_meb_2024.dbc,0,0x658,Licht_vorne_01,LV_Blk_re_Seite_def,35,1,True,False,1.0,0.0,,13046,0,0,0,False
vw_meb_2024.dbc,0,0x658,Licht_vorne_01,LV_FLA_Sensor_blockiert,29,1,True,False,1.0,0.0,,13046,0,0,0,False
vw_meb_2024.dbc,0,0x658,Licht_vorne_01,LV_FLA_aktiv_Anzeige,27,1,True,False,1.0,0.0,,13046,0,0,0,False
vw_meb_2024.dbc,0,0x658,Licht_vorne_01,LV_FLA_defekt,28,1,True,False,1.0,0.0,,13046,0,0,0,False
vw_meb_2024.dbc,0,0x658,Licht_vorne_01,LV_Fernlicht_Anzeige,14,1,True,False,1.0,0.0,,13046,0,0,0,False
vw_meb_2024.dbc,0,0x658,Licht_vorne_01,LV_Fernlicht_li_def,23,1,True,False,1.0,0.0,,13046,0,0,0,False
vw_meb_2024.dbc,0,0x658,Licht_vorne_01,LV_Fernlicht_re_def,33,1,True,False,1.0,0.0,,13046,0,0,0,False
vw_meb_2024.dbc,0,0x658,Licht_vorne_01,LV_LED_Scheinwerfer_li_def,50,1,True,False,1.0,0.0,,13046,0,0,0,False
vw_meb_2024.dbc,0,0x658,Licht_vorne_01,LV_LED_Scheinwerfer_re_def,51,1,True,False,1.0,0.0,,13046,0,0,0,False
vw_meb_2024.dbc,0,0x658,Licht_vorne_01,LV_MXB_Status_Anzeige,54,2,True,False,1.0,0.0,,13046,0,0,0,False
vw_meb_2024.dbc,0,0x658,Licht_vorne_01,LV_Nebellicht_Anzeige,15,1,True,False,1.0,0.0,,13046,0,0,0,False
vw_meb_2024.dbc,0,0x658,Licht_vorne_01,LV_Nebellicht_TFL_li_def,39,1,True,False,1.0,0.0,,13046,0,0,0,False
vw_meb_2024.dbc,0,0x658,Licht_vorne_01,LV_Nebellicht_TFL_re_def,43,1,True,False,1.0,0.0,,13046,0,0,0,False
vw_meb_2024.dbc,0,0x658,Licht_vorne_01,LV_Nebellicht_li_def,24,1,True,False,1.0,0.0,,13046,0,0,0,False
vw_meb_2024.dbc,0,0x658,Licht_vorne_01,LV_Nebellicht_re_def,34,1,True,False,1.0,0.0,,13046,0,0,0,False
vw_meb_2024.dbc,0,0x658,Licht_vorne_01,LV_Nebelschlusslicht_Anzeige,16,1,True,False,1.0,0.0,,13046,0,0,0,False
vw_meb_2024.dbc,0,0x658,Licht_vorne_01,LV_Standlicht_Anzeige,12,1,True,False,1.0,0.0,,13046,0,0,0,False
vw_meb_2024.dbc,0,0x658,Licht_vorne_01,LV_Standlicht_TFL_li_def,40,1,True,False,1.0,0.0,,13046,0,0,0,False
vw_meb_2024.dbc,0,0x658,Licht_vorne_01,LV_Standlicht_TFL_re_def,44,1,True,False,1.0,0.0,,13046,0,0,0,False
vw_meb_2024.dbc,0,0x658,Licht_vorne_01,LV_Standlicht_li_def,21,1,True,False,1.0,0.0,,13046,0,0,0,False
vw_meb_2024.dbc,0,0x658,Licht_vorne_01,LV_Standlicht_re_def,31,1,True,False,1.0,0.0,,13046,0,0,0,False
vw_meb_2024.dbc,0,0x658,Licht_vorne_01,LV_Tagfahrlicht_Anzeige,17,1,True,False,1.0,0.0,,13046,0,0,0,False
vw_meb_2024.dbc,0,0x658,Licht_vorne_01,LV_Tagfahrlicht_li_def,26,1,True,False,1.0,0.0,,13046,0,0,0,False
vw_meb_2024.dbc,0,0x658,Licht_vorne_01,LV_Tagfahrlicht_re_def,36,1,True,False,1.0,0.0,,13046,0,0,0,False
vw_meb_2024.dbc,0,0x658,Licht_vorne_01,Licht_Vorne_01_BZ,8,4,True,False,1.0,0.0,,13046,0,0,0,False
vw_meb_2024.dbc,0,0x658,Licht_vorne_01,Licht_Vorne_01_CRC,0,8,True,False,1.0,0.0,,13046,0,0,0,False
vw_meb_2024.dbc,0,0x65d,ESP_20,BR_QBit_Reifenumfang,51,1,True,False,1.0,0.0,,11668,0,0,0,False
vw_meb_2024.dbc,0,0x65d,ESP_20,BR_Reifenumfang,52,12,True,False,1.0,0.0,Unit_MilliMeter,11668,0,0,0,False
vw_meb_2024.dbc,0,0x65d,ESP_20,BR_Systemart,12,2,True,False,1.0,0.0,,11668,0,0,0,False
vw_meb_2024.dbc,0,0x65d,ESP_20,ESP_20_BZ,8,4,True,False,1.0,0.0,,11668,0,0,0,False
vw_meb_2024.dbc,0,0x65d,ESP_20,ESP_20_CRC,0,8,True,False,1.0,0.0,,11668,0,0,0,False
vw_meb_2024.dbc,0,0x65d,ESP_20,ESP_Charisma_FahrPr,24,4,True,False,1.0,0.0,,11668,0,0,0,False
vw_meb_2024.dbc,0,0x65d,ESP_20,ESP_Charisma_Status,28,2,True,False,1.0,0.0,,11668,0,413,0,False
vw_meb_2024.dbc,0,0x65d,ESP_20,ESP_Dachrelingsensor,42,2,True,False,1.0,0.0,,11668,0,0,0,False
vw_meb_2024.dbc,0,0x65d,ESP_20,ESP_SpannungsAnf_02,14,2,True,False,1.0,0.0,,11668,0,0,0,False
vw_meb_2024.dbc,0,0x65d,ESP_20,ESP_Stoppverbot_Anz_01,34,1,True,False,1.0,0.0,,11668,0,0,0,False
vw_meb_2024.dbc,0,0x65d,ESP_20,ESP_Stoppverbot_Anz_02,35,1,True,False,1.0,0.0,,11668,0,0,0,False
vw_meb_2024.dbc,0,0x65d,ESP_20,ESP_Stoppverbot_Anz_03,36,1,True,False,1.0,0.0,,11668,0,0,0,False
vw_meb_2024.dbc,0,0x65d,ESP_20,ESP_Stoppverbot_Anz_04,37,1,True,False,1.0,0.0,,11668,0,0,0,False
vw_meb_2024.dbc,0,0x65d,ESP_20,ESP_Stoppverbot_Anz_05,38,1,True,False,1.0,0.0,,11668,0,0,0,False
vw_meb_2024.dbc,0,0x65d,ESP_20,ESP_Stoppverbot_Anz_06,39,1,True,False,1.0,0.0,,11668,0,0,0,False
vw_meb_2024.dbc,0,0x65d,ESP_20,ESP_Stoppverbot_Anz_07,40,1,True,False,1.0,0.0,,11668,0,0,0,False
vw_meb_2024.dbc,0,0x65d,ESP_20,ESP_Stoppverbot_Anz_08,44,1,True,False,1.0,0.0,,11668,0,0,0,False
vw_meb_2024.dbc,0,0x65d,ESP_20,ESP_Stoppverbot_Anz_Std,41,1,True,False,1.0,0.0,,11668,0,0,0,False
vw_meb_2024.dbc,0,0x65d,ESP_20,ESP_Wiederstart_Anz_01,30,1,True,False,1.0,0.0,,11668,0,0,0,False
vw_meb_2024.dbc,0,0x65d,ESP_20,ESP_Wiederstart_Anz_02,31,1,True,False,1.0,0.0,,11668,0,0,0,False
vw_meb_2024.dbc,0,0x65d,ESP_20,ESP_Wiederstart_Anz_03,32,1,True,False,1.0,0.0,,11668,0,0,0,False
vw_meb_2024.dbc,0,0x65d,ESP_20,ESP_Wiederstart_Anz_04,33,1,True,False,1.0,0.0,,11668,0,0,0,False
vw_meb_2024.dbc,0,0x65d,ESP_20,ESP_Zaehnezahl,16,8,True,False,1.0,0.0,,11668,0,0,0,False
vw_meb_2024.dbc,0,0x65d,ESP_20,HDC_Charisma_FahrPr,45,4,True,False,1.0,0.0,,11668,0,0,0,False
vw_meb_2024.dbc,0,0x65d,ESP_20,HDC_Charisma_Status,49,2,True,False,1.0,0.0,,11668,0,11668,0,False
vw_meb_2024.dbc,0,0x65f,Motor_16,MO_Anzeige_Kaltleuchte,30,1,True,False,1.0,0.0,,23313,0,0,0,False
vw_meb_2024.dbc,0,0x65f,Motor_16,MO_DPF_reg,16,1,True,False,1.0,0.0,,23313,0,0,0,False
vw_meb_2024.dbc,0,0x65f,Motor_16,MO_Energieinhalt_BMS,36,12,True,False,25.0,0.0,Unit_WattHour,23313,0,14,14,True
vw_meb_2024.dbc,0,0x65f,Motor_16,MO_Heizstrom_EKAT,17,7,True,False,1.0,0.0,Unit_Amper,23313,0,0,0,False
vw_meb_2024.dbc,0,0x65f,Motor_16,MO_Heizstrom_SCR,24,6,True,False,1.0,0.0,Unit_Amper,23313,0,0,0,False
vw_meb_2024.dbc,0,0x65f,Motor_16,MO_P_Generator_ungefiltert_Anf,31,1,True,False,1.0,0.0,,23313,0,0,0,False
vw_meb_2024.dbc,0,0x65f,Motor_16,MO_SpannungsAnf_02,14,2,True,False,1.0,0.0,,23313,0,0,0,False
vw_meb_2024.dbc,0,0x65f,Motor_16,TSK_Fahrzeugmasse_02,48,8,True,False,32.0,0.0,Unit_KiloGram,23313,0,0,0,False
vw_meb_2024.dbc,0,0x65f,Motor_16,TSK_Getriebeinfo,34,2,True,False,1.0,0.0,,23313,0,0,0,False
vw_meb_2024.dbc,0,0x65f,Motor_16,TSK_Grundmasse,0,8,True,False,32.0,0.0,Unit_KiloGram,23313,0,0,0,False
vw_meb_2024.dbc,0,0x65f,Motor_16,TSK_QBit_Fahrzeugmasse,13,1,True,False,1.0,0.0,,23313,0,3209,0,False
vw_meb_2024.dbc,0,0x65f,Motor_16,TSK_QBit_Steigung,12,1,True,False,1.0,0.0,,23313,0,789,0,False
vw_meb_2024.dbc,0,0x65f,Motor_16,TSK_Steigung_02,56,8,True,False,0.8,-101.6,Unit_PerCent,23313,0,788,788,False
vw_meb_2024.dbc,0,0x668,Klima_12,FSH_Taster,5,1,True,False,1.0,0.0,,58534,0,0,0,False
vw_meb_2024.dbc,0,0x668,Klima_12,HSH_Taster,3,2,True,False,1.0,0.0,,58534,0,0,0,False
vw_meb_2024.dbc,0,0x668,Klima_12,KL_Beschlagsgefahr,7,1,True,False,1.0,0.0,,58534,0,0,0,False
vw_meb_2024.dbc,0,0x668,Klima_12,KL_Geblspng_Fond_Soll,32,8,True,False,0.05,1.45,Unit_Volt,58534,0,0,58534,False
vw_meb_2024.dbc,0,0x668,Klima_12,KL_Geblspng_Soll,24,8,True,False,0.05,1.45,Unit_Volt,58534,0,0,1541,False
vw_meb_2024.dbc,0,0x668,Klima_12,KL_I_Geblaese,40,8,True,False,0.25,0.0,Unit_Amper,58534,0,660,660,False
vw_meb_2024.dbc,0,0x668,Klima_12,KL_Kompressorstrom_soll,48,10,True,False,1.0,0.0,,58534,0,7,7,False
vw_meb_2024.dbc,0,0x668,Klima_12,KL_LRH_Stufe,1,2,True,False,1.0,0.0,,58534,0,0,0,False
vw_meb_2024.dbc,0,0x668,Klima_12,KL_LRH_Taster,0,1,True,False,1.0,0.0,,58534,0,0,0,False
vw_meb_2024.dbc,0,0x668,Klima_12,KL_PTC_Verbauinfo,62,2,True,False,1.0,0.0,,58534,0,0,0,False
vw_meb_2024.dbc,0,0x668,Klima_12,KL_SIH_Soll_li,8,3,True,False,1.0,0.0,,58534,0,0,0,False
vw_meb_2024.dbc,0,0x668,Klima_12,KL_SIH_Soll_re,11,3,True,False,1.0,0.0,,58534,0,0,0,False
vw_meb_2024.dbc,0,0x668,Klima_12,KL_SIL_Soll_li,16,3,True,False,1.0,0.0,,58534,0,0,0,False
vw_meb_2024.dbc,0,0x668,Klima_12,KL_SIL_Soll_re,19,3,True,False,1.0,0.0,,58534,0,0,0,False
vw_meb_2024.dbc,0,0x668,Klima_12,KL_Umluftklappe_Status,58,4,True,False,1.0,0.0,,58534,0,7,0,False
vw_meb_2024.dbc,0,0x668,Klima_12,KL_Zuheizer_Freigabe,6,1,True,False,1.0,0.0,,58534,0,0,0,False
vw_meb_2024.dbc,0,0x668,Klima_12,KRH_Soll_li,14,2,True,False,1.0,0.0,,58534,0,0,0,False
vw_meb_2024.dbc,0,0x668,Klima_12,KRH_Soll_re,22,2,True,False,1.0,0.0,,58534,0,0,0,False
vw_meb_2024.dbc,0,0x670,Motor_18,MO1_Freigabe_Info_WFS,12,1,True,False,1.0,0.0,,23313,0,0,0,False
vw_meb_2024.dbc,0,0x670,Motor_18,MO1_Freigabe_Verfallsinfo_WFS,42,1,True,False,1.0,0.0,,23313,0,0,0,False
vw_meb_2024.dbc,0,0x670,Motor_18,MO1_Sperr_Info_WFS,11,1,True,False,1.0,0.0,,23313,0,0,0,False
vw_meb_2024.dbc,0,0x670,Motor_18,MO_ANC_Kennfeld_Anf,6,2,True,False,1.0,0.0,,23313,0,0,0,False
vw_meb_2024.dbc,0,0x670,Motor_18,MO_Abstellzeit,32,8,True,False,8.0,0.0,Unit_Minut,23313,0,23313,23313,False
vw_meb_2024.dbc,0,0x670,Motor_18,MO_Abstellzeit_Status,40,2,True,False,1.0,0.0,,23313,0,0,0,False
vw_meb_2024.dbc,0,0x670,Motor_18,MO_Anzahl_Abgesch_Zyl,47,3,True,False,1.0,0.0,,23313,0,0,0,False
vw_meb_2024.dbc,0,0x670,Motor_18,MO_Bremslicht_Reku,8,1,True,False,1.0,0.0,,23313,0,0,0,False
vw_meb_2024.dbc,0,0x670,Motor_18,MO_Drehzahl_Warnung,55,1,True,False,1.0,0.0,,23313,0,0,0,False
vw_meb_2024.dbc,0,0x670,Motor_18,MO_EPCL,13,3,True,False,1.0,0.0,,23313,0,0,0,False
vw_meb_2024.dbc,0,0x670,Motor_18,MO_Ethanol_BS_Texte,52,3,True,False,1.0,0.0,,23313,0,0,0,False
vw_meb_2024.dbc,0,0x670,Motor_18,MO_Fahrzeugtyp,20,3,True,False,1.0,0.0,,23313,0,0,0,False
vw_meb_2024.dbc,0,0x670,Motor_18,MO_Fehler_Zylabsch,45,2,True,False,1.0,0.0,,23313,0,23313,0,False
vw_meb_2024.dbc,0,0x670,Motor_18,MO_Hybrid_StartStopp_LED,43,2,True,False,1.0,0.0,,23313,0,0,0,False
vw_meb_2024.dbc,0,0x670,Motor_18,MO_NMAX_Schaltanzeige,23,9,True,False,25.0,0.0,Unit_MinutInver,23313,0,0,0,False
vw_meb_2024.dbc,0,0x670,Motor_18,MO_StartStopp_PopUp,9,2,True,False,1.0,0.0,,23313,0,23313,0,False
vw_meb_2024.dbc,0,0x670,Motor_18,MO_Zylabsch_Texte,50,2,True,False,1.0,0.0,,23313,0,0,0,False
vw_meb_2024.dbc,0,0x670,Motor_18,MO_Zylabsch_Texte_02,16,4,True,False,1.0,0.0,,23313,0,0,0,False
vw_meb_2024.dbc,0,0x670,Motor_18,MO_max_Ladedruck,0,6,True,False,0.1,0.0,Unit_Bar,23313,0,0,0,False
vw_meb_2024.dbc,0,0x670,Motor_18,MO_obere_Drehzahlgrenze,56,8,True,False,50.0,0.0,Unit_MinutInver,23313,0,23313,23313,False
vw_meb_2024.dbc,0,0x6ae,Spiegel_01,SP_ARA_Status,22,1,True,False,1.0,0.0,,11690,0,0,0,False
vw_meb_2024.dbc,0,0x6ae,Spiegel_01,SP_Auswahl_li,20,1,True,False,1.0,0.0,,11690,0,0,0,False
vw_meb_2024.dbc,0,0x6ae,Spiegel_01,SP_Auswahl_re,21,1,True,False,1.0,0.0,,11690,0,0,0,False
vw_meb_2024.dbc,0,0x6ae,Spiegel_01,SP_BT_links,6,1,True,False,1.0,0.0,,11690,0,0,0,False
vw_meb_2024.dbc,0,0x6ae,Spiegel_01,SP_BT_oben,4,1,True,False,1.0,0.0,,11690,0,0,0,False
vw_meb_2024.dbc,0,0x6ae,Spiegel_01,SP_BT_rechts,7,1,True,False,1.0,0.0,,11690,0,0,0,False
vw_meb_2024.dbc,0,0x6ae,Spiegel_01,SP_BT_unten,5,1,True,False,1.0,0.0,,11690,0,0,0,False
vw_meb_2024.dbc,0,0x6ae,Spiegel_01,SP_FT_links,2,1,True,False,1.0,0.0,,11690,0,0,0,False
vw_meb_2024.dbc,0,0x6ae,Spiegel_01,SP_FT_oben,0,1,True,False,1.0,0.0,,11690,0,0,0,False
vw_meb_2024.dbc,0,0x6ae,Spiegel_01,SP_FT_rechts,3,1,True,False,1.0,0.0,,11690,0,0,0,False
vw_meb_2024.dbc,0,0x6ae,Spiegel_01,SP_FT_unten,1,1,True,False,1.0,0.0,,11690,0,0,0,False
vw_meb_2024.dbc,0,0x6ae,Spiegel_01,SP_Hzg_Taster,12,1,True,False,1.0,0.0,,11690,0,0,0,False
vw_meb_2024.dbc,0,0x6ae,Spiegel_01,SP_S_Klappen,23,1,True,False,1.0,0.0,,11690,0,0,0,False
vw_meb_2024.dbc,0,0x6ae,Spiegel_01,SP_S_links,18,1,True,False,1.0,0.0,,11690,0,0,0,False
vw_meb_2024.dbc,0,0x6ae,Spiegel_01,SP_S_oben,16,1,True,False,1.0,0.0,,11690,0,0,0,False
vw_meb_2024.dbc,0,0x6ae,Spiegel_01,SP_S_rechts,19,1,True,False,1.0,0.0,,11690,0,0,0,False
vw_meb_2024.dbc,0,0x6ae,Spiegel_01,SP_S_unten,17,1,True,False,1.0,0.0,,11690,0,0,0,False
vw_meb_2024.dbc,0,0x6ae,Spiegel_01,SP_Verstellschalter_Fehler,24,1,True,False,1.0,0.0,,11690,0,11690,0,False
vw_meb_2024.dbc,0,0x6ae,Spiegel_01,SP_abklappen,8,1,True,False,1.0,0.0,,11690,0,0,0,False
vw_meb_2024.dbc,0,0x6ae,Spiegel_01,SP_anklappen,9,1,True,False,1.0,0.0,,11690,0,0,0,False
vw_meb_2024.dbc,0,0x6ae,Spiegel_01,SP_normieren,10,1,True,False,1.0,0.0,,11690,0,0,0,False
vw_meb_2024.dbc,0,0x6af,Rear_View_01,RV_Calib_Fehler,12,1,True,False,1.0,0.0,,419,0,0,0,False
vw_meb_2024.dbc,0,0x6af,Rear_View_01,RV_Dark_Screen,1,1,True,False,1.0,0.0,,419,0,0,0,False
vw_meb_2024.dbc,0,0x6af,Rear_View_01,RV_Farbe,32,7,True,False,1.0,0.0,Unit_PerCent,419,0,0,0,False
vw_meb_2024.dbc,0,0x6af,Rear_View_01,RV_GL_LWS_Fehler,15,1,True,False,1.0,0.0,,419,0,0,0,False
vw_meb_2024.dbc,0,0x6af,Rear_View_01,RV_GL_Trailer_connect,13,1,True,False,1.0,0.0,,419,0,0,0,False
vw_meb_2024.dbc,0,0x6af,Rear_View_01,RV_GL_Trunk_open,14,1,True,False,1.0,0.0,,419,0,0,0,False
vw_meb_2024.dbc,0,0x6af,Rear_View_01,RV_GL_side,4,2,True,False,1.0,0.0,,419,0,0,0,False
vw_meb_2024.dbc,0,0x6af,Rear_View_01,RV_HMI_Mode,2,2,True,False,1.0,0.0,,419,0,0,0,False
vw_meb_2024.dbc,0,0x6af,Rear_View_01,RV_Helligkeit,16,7,True,False,1.0,0.0,Unit_PerCent,419,0,0,0,False
vw_meb_2024.dbc,0,0x6af,Rear_View_01,RV_Kontrast,24,7,True,False,1.0,0.0,Unit_PerCent,419,0,0,0,False
vw_meb_2024.dbc,0,0x6af,Rear_View_01,RV_Menu_Item,9,2,True,False,1.0,0.0,,419,0,0,0,False
vw_meb_2024.dbc,0,0x6af,Rear_View_01,RV_Reinigung_Anf,7,1,True,False,1.0,0.0,,419,0,0,0,False
vw_meb_2024.dbc,0,0x6af,Rear_View_01,RV_Settings_enabled,8,1,True,False,1.0,0.0,,419,0,0,0,False
vw_meb_2024.dbc,0,0x6af,Rear_View_01,RV_System_aktiv,6,1,True,False,1.0,0.0,,419,0,0,0,False
vw_meb_2024.dbc,0,0x6af,Rear_View_01,RV_Video_on,0,1,True,False,1.0,0.0,,419,0,0,0,False
vw_meb_2024.dbc,0,0x6af,Rear_View_01,SV_Video_on,11,1,True,False,1.0,0.0,,419,0,0,0,False
vw_meb_2024.dbc,0,0x6af,Rear_View_01,ZFAS_Umfeldbeleuchtung_Anf,23,1,True,False,1.0,0.0,,419,0,0,0,False
vw_meb_2024.dbc,0,0x6b2,Diagnose_01,DGN_Verlernzaehler,0,8,True,False,1.0,0.0,,11662,0,0,0,False
vw_meb_2024.dbc,0,0x6b2,Diagnose_01,KBI_Kilometerstand,8,20,True,False,1.0,0.0,Unit_KiloMeter,11662,0,0,0,True
vw_meb_2024.dbc,0,0x6b2,Diagnose_01,Kombi_02_alt,62,1,True,False,1.0,0.0,,11662,0,0,0,False
vw_meb_2024.dbc,0,0x6b2,Diagnose_01,UH_Jahr,28,7,True,False,1.0,2000.0,Unit_Year,11662,0,0,0,False
vw_meb_2024.dbc,0,0x6b2,Diagnose_01,UH_Minute,49,6,True,False,1.0,0.0,Unit_Minut,11662,0,0,0,False
vw_meb_2024.dbc,0,0x6b2,Diagnose_01,UH_Monat,35,4,True,False,1.0,0.0,Unit_Month,11662,0,0,0,False
vw_meb_2024.dbc,0,0x6b2,Diagnose_01,UH_Sekunde,55,6,True,False,1.0,0.0,Unit_Secon,11662,0,0,0,False
vw_meb_2024.dbc,0,0x6b2,Diagnose_01,UH_Stunde,44,5,True,False,1.0,0.0,Unit_Hours,11662,0,0,0,False
vw_meb_2024.dbc,0,0x6b2,Diagnose_01,UH_Tag,39,5,True,False,1.0,0.0,Unit_Day,11662,0,0,0,False
vw_meb_2024.dbc,0,0x6b2,Diagnose_01,Uhrzeit_01_alt,63,1,True,False,1.0,0.0,,11662,0,0,0,False
vw_meb_2024.dbc,0,0x6b4,VIN_01,KS_Geheimnis_1,8,8,True,False,1.0,0.0,,29157,0,0,0,False
vw_meb_2024.dbc,0,0x6b4,VIN_01,KS_Geheimnis_2,16,8,True,False,1.0,0.0,,29157,0,0,0,False
vw_meb_2024.dbc,0,0x6b4,VIN_01,KS_Geheimnis_3,24,8,True,False,1.0,0.0,,29157,0,0,0,False
vw_meb_2024.dbc,0,0x6b4,VIN_01,KS_Geheimnis_4,32,8,True,False,1.0,0.0,,29157,0,0,0,False
vw_meb_2024.dbc,0,0x6b4,VIN_01,VIN_01_MUX,0,2,True,False,1.0,0.0,,58323,0,0,0,False
vw_meb_2024.dbc,0,0x6b4,VIN_01,VIN_1,40,8,True,False,1.0,0.0,,29157,0,0,0,False
vw_meb_2024.dbc,0,0x6b4,VIN_01,VIN_10,56,8,True,False,1.0,0.0,,14585,0,0,0,False
vw_meb_2024.dbc,0,0x6b4,VIN_01,VIN_11,8,8,True,False,1.0,0.0,,14581,0,0,0,False
vw_meb_2024.dbc,0,0x6b4,VIN_01,VIN_12,16,8,True,False,1.0,0.0,,14581,0,0,0,False
vw_meb_2024.dbc,0,0x6b4,VIN_01,VIN_13,24,8,True,False,1.0,0.0,,14581,0,0,0,False
vw_meb_2024.dbc,0,0x6b4,VIN_01,VIN_14,32,8,True,False,1.0,0.0,,14581,0,0,0,False
vw_meb_2024.dbc,0,0x6b4,VIN_01,VIN_15,40,8,True,False,1.0,0.0,,14581,0,0,0,False
vw_meb_2024.dbc,0,0x6b4,VIN_01,VIN_16,48,8,True,False,1.0,0.0,,14581,0,0,0,False
vw_meb_2024.dbc,0,0x6b4,VIN_01,VIN_17,56,8,True,False,1.0,0.0,,14581,0,0,0,False
vw_meb_2024.dbc,0,0x6b4,VIN_01,VIN_2,48,8,True,False,1.0,0.0,,29157,0,0,0,False
vw_meb_2024.dbc,0,0x6b4,VIN_01,VIN_3,56,8,True,False,1.0,0.0,,29157,0,0,0,False
vw_meb_2024.dbc,0,0x6b4,VIN_01,VIN_4,8,8,True,False,1.0,0.0,,14585,0,0,0,False
vw_meb_2024.dbc,0,0x6b4,VIN_01,VIN_5,16,8,True,False,1.0,0.0,,14585,0,0,0,False
vw_meb_2024.dbc,0,0x6b4,VIN_01,VIN_6,24,8,True,False,1.0,0.0,,14585,0,0,0,False
vw_meb_2024.dbc,0,0x6b4,VIN_01,VIN_7,32,8,True,False,1.0,0.0,,14585,0,0,0,False
vw_meb_2024.dbc,0,0x6b4,VIN_01,VIN_8,40,8,True,False,1.0,0.0,,14585,0,0,0,False
vw_meb_2024.dbc,0,0x6b4,VIN_01,VIN_9,48,8,True,False,1.0,0.0,,14585,0,0,0,False
vw_meb_2024.dbc,0,0x86,LWI_01,CHECKSUM,0,8,True,False,1.0,0.0,,2332216,0,0,0,False
vw_meb_2024.dbc,0,0x86,LWI_01,COUNTER,8,4,True,False,1.0,0.0,,2332216,0,0,0,False
vw_meb_2024.dbc,0,0x86,LWI_01,LWI_Lenkradw_Geschw,31,9,True,False,5.0,0.0,Unit_DegreOfArcPerSecon,2332216,0,0,0,False
vw_meb_2024.dbc,0,0x86,LWI_01,LWI_Lenkradwinkel,16,13,True,False,0.0843,0.0,Unit_DegreOfArc,2332216,0,0,0,True
vw_meb_2024.dbc,0,0x86,LWI_01,LWI_MFL_Abschaltung,14,1,True,False,1.0,0.0,,2332216,0,0,0,False
vw_meb_2024.dbc,0,0x86,LWI_01,LWI_QBit_Lenkradwinkel,15,1,True,False,1.0,0.0,,2332216,0,0,0,False
vw_meb_2024.dbc,0,0x86,LWI_01,LWI_QBit_Sub_Daten,13,1,True,False,1.0,0.0,,2332216,0,0,0,False
vw_meb_2024.dbc,0,0x86,LWI_01,LWI_Sensorstatus,12,1,True,False,1.0,0.0,,2332216,0,0,0,False
vw_meb_2024.dbc,0,0x86,LWI_01,LWI_Sub_Daten,40,16,True,False,1.0,0.0,,2332216,0,0,0,False
vw_meb_2024.dbc,0,0x86,LWI_01,LWI_VZ_Lenkradw_Geschw,30,1,True,False,1.0,0.0,,2332216,0,0,0,False
vw_meb_2024.dbc,0,0x86,LWI_01,LWI_VZ_Lenkradwinkel,29,1,True,False,1.0,0.0,,2332216,0,0,0,False
vw_meb_2024.dbc,0,0x9f,LH_EPS_03,CHECKSUM,0,8,True,False,1.0,0.0,,1166293,0,0,0,False
vw_meb_2024.dbc,0,0x9f,LH_EPS_03,COUNTER,8,4,True,False,1.0,0.0,,1166293,0,0,0,False
vw_meb_2024.dbc,0,0x9f,LH_EPS_03,EPS_BLW_QBit,30,1,True,False,1.0,0.0,,1166293,0,0,0,False
vw_meb_2024.dbc,0,0x9f,LH_EPS_03,EPS_Berechneter_LW,16,12,True,False,0.15,0.0,Unit_DegreOfArc,1166293,0,0,186,True
vw_meb_2024.dbc,0,0x9f,LH_EPS_03,EPS_DSR_Status,12,4,True,False,1.0,0.0,,1166293,0,0,0,False
vw_meb_2024.dbc,0,0x9f,LH_EPS_03,EPS_HCA_Status,32,4,True,False,1.0,0.0,,1166293,0,372,0,False
vw_meb_2024.dbc,0,0x9f,LH_EPS_03,EPS_Lenkmoment,40,10,True,False,1.0,0.0,Unit_centiNewtoMeter,1166293,0,0,809653,True
vw_meb_2024.dbc,0,0x9f,LH_EPS_03,EPS_Lenkmoment_QBit,54,1,True,False,1.0,0.0,,1166293,0,0,0,False
vw_meb_2024.dbc,0,0x9f,LH_EPS_03,EPS_Lenkungstyp,60,4,True,False,1.0,0.0,,1166293,0,0,0,False
vw_meb_2024.dbc,0,0x9f,LH_EPS_03,EPS_VZ_BLW,31,1,True,False,1.0,0.0,,1166293,0,0,0,False
vw_meb_2024.dbc,0,0x9f,LH_EPS_03,EPS_VZ_Lenkmoment,55,1,True,False,1.0,0.0,,1166293,0,0,0,False
vw_meb_2024.dbc,0,0xad,Getriebe_11,CHECKSUM,0,8,True,False,1.0,0.0,,1165901,0,0,0,False
vw_meb_2024.dbc,0,0xad,Getriebe_11,COUNTER,8,4,True,False,1.0,0.0,,1165901,0,0,0,False
vw_meb_2024.dbc,0,0xad,Getriebe_11,GE_Fahrstufe,42,4,True,False,1.0,0.0,,1165901,0,151,0,False
vw_meb_2024.dbc,0,0xad,Getriebe_11,GE_Freig_MMom_Vorhalt,58,1,True,False,1.0,0.0,,1165901,0,0,0,False
vw_meb_2024.dbc,0,0xad,Getriebe_11,GE_MMom_Soll_02,12,10,True,False,1.0,-509.0,,1165901,0,0,0,False
vw_meb_2024.dbc,0,0xad,Getriebe_11,GE_MMom_Status,56,2,True,False,1.0,0.0,,1165901,0,0,0,False
vw_meb_2024.dbc,0,0xad,Getriebe_11,GE_MMom_Status_02,50,3,True,False,1.0,0.0,,1165901,0,0,0,False
vw_meb_2024.dbc,0,0xad,Getriebe_11,GE_MMom_Vorhalt_02,22,10,True,False,1.0,-509.0,,1165901,0,0,0,False
vw_meb_2024.dbc,0,0xad,Getriebe_11,GE_Schaltablauf,47,2,True,False,1.0,0.0,,1165901,0,0,0,False
vw_meb_2024.dbc,0,0xad,Getriebe_11,GE_Status_Kraftschluss,53,3,True,False,1.0,0.0,,1165901,0,0,0,False
vw_meb_2024.dbc,0,0xad,Getriebe_11,GE_Uefkt,32,10,True,False,0.1,0.0,,1165901,0,0,0,False
vw_meb_2024.dbc,0,0xad,Getriebe_11,GE_Uefkt_unplausibel,49,1,True,False,1.0,0.0,,1165901,0,0,0,False
vw_meb_2024.dbc,0,0xad,Getriebe_11,GE_Verbot_Ausblendung,59,1,True,False,1.0,0.0,,1165901,0,0,0,False
vw_meb_2024.dbc,0,0xad,Getriebe_11,GE_Zielgang,60,4,True,False,1.0,0.0,,1165901,0,0,0,False
vw_meb_2024.dbc,0,0xad,Getriebe_11,GE_reserv_Fahrstufe,46,1,True,False,1.0,0.0,,1165901,0,0,0,False
vw_meb_2024.dbc,0,0xb8,EM1_HYB_13,EM1_AR_aktiv,14,1,True,False,1.0,0.0,,23326,0,23326,0,False
vw_meb_2024.dbc,0,0xb8,EM1_HYB_13,EM1_Abregelung_Temperatur,36,1,True,False,1.0,0.0,,23326,0,23326,0,False
vw_meb_2024.dbc,0,0xb8,EM1_HYB_13,EM1_AnlernenElMotor_Anf,43,1,True,False,1.0,0.0,,23326,0,0,0,False
vw_meb_2024.dbc,0,0xb8,EM1_HYB_13,EM1_Eta_Sys,15,9,True,False,0.2,0.0,Unit_PerCent,23326,0,7,7,False
vw_meb_2024.dbc,0,0xb8,EM1_HYB_13,EM1_Fehler_ElAntriebFreilauf_Anf,35,1,True,False,1.0,0.0,,23326,0,23326,0,False
vw_meb_2024.dbc,0,0xb8,EM1_HYB_13,EM1_Freigabe_Info_WFS,12,1,True,False,1.0,0.0,,23326,0,0,0,False
vw_meb_2024.dbc,0,0xb8,EM1_HYB_13,EM1_Freigabe_Verfallsinfo_WFS,55,1,True,False,1.0,0.0,,23326,0,0,0,False
vw_meb_2024.dbc,0,0xb8,EM1_HYB_13,EM1_HV_betriebsbereit,58,1,True,False,1.0,0.0,,23326,0,23326,0,False
vw_meb_2024.dbc,0,0xb8,EM1_HYB_13,EM1_IstStrom,24,11,True,False,1.0,-1023.0,Unit_Amper,23326,0,7,7,False
vw_meb_2024.dbc,0,0xb8,EM1_HYB_13,EM1_Moment_HVVerbraucher,44,10,True,False,1.0,-511.0,Unit_NewtoMeter,23326,0,7,7,False
vw_meb_2024.dbc,0,0xb8,EM1_HYB_13,EM1_Parken_WFS_Status,56,2,True,False,1.0,0.0,,23326,0,0,0,False
vw_meb_2024.dbc,0,0xb8,EM1_HYB_13,EM1_Sperr_Info_WFS,13,1,True,False,1.0,0.0,,23326,0,0,0,False
vw_meb_2024.dbc,0,0xc0,EM1_01,Schubbetrieb,79,1,False,False,1.0,0.0,,1165924,0,0,0,False
vw_meb_2024.dbc,0,0xdb,AWV_03,AEB_Active,65,1,True,False,1.0,0.0,,443,0,0,0,False
vw_meb_2024.dbc,0,0xdb,AWV_03,Accel_SET_ME_1023,66,10,True,False,1.0,0.0,,443,0,0,0,False
vw_meb_2024.dbc,0,0xdb,AWV_03,Active,64,1,True,False,1.0,0.0,,443,0,0,0,False
vw_meb_2024.dbc,0,0xdb,AWV_03,CHECKSUM,0,8,True,False,1.0,0.0,,443,0,0,0,False
vw_meb_2024.dbc,0,0xdb,AWV_03,COUNTER,8,4,True,False,1.0,0.0,,443,0,0,0,False
vw_meb_2024.dbc,0,0xdb,AWV_03,FCW_Active,76,1,True,False,1.0,0.0,,443,0,0,0,False
vw_meb_2024.dbc,0,0xdb,AWV_03,SET_ME_126,17,7,True,False,1.0,0.0,,443,0,0,0,False
vw_meb_2024.dbc,0,0xdb,AWV_03,SET_ME_15,100,4,True,False,1.0,0.0,,443,0,0,0,False
vw_meb_2024.dbc,0,0xdb,AWV_03,SET_ME_2,128,4,True,False,1.0,0.0,,443,0,0,0,False
vw_meb_2024.dbc,0,0xdb,AWV_03,SET_ME_30,27,5,True,False,1.0,0.0,,443,0,0,0,False
vw_meb_2024.dbc,0,0xdb,AWV_03,Speed_SET_ME_254,40,8,True,False,1.0,0.0,,443,0,0,0,False
vw_meb_2024.dbc,0,0xdb,AWV_03,Timer_2_SET_ME_255,80,8,True,False,1.0,0.0,,443,0,0,0,False
vw_meb_2024.dbc,0,0xdb,AWV_03,Timer_3_SET_ME_126,93,7,True,False,1.0,0.0,,443,0,0,0,False
vw_meb_2024.dbc,0,0xdb,AWV_03,Timer_SET_ME_254,32,8,True,False,1.0,0.0,,443,0,0,0,False
vw_meb_2024.dbc,0,0xdb,AWV_03,Unknown_1,12,1,True,False,1.0,0.0,,443,0,0,0,False
vw_meb_2024.dbc,0,0xdb,AWV_03,Unknown_2,13,3,True,False,1.0,0.0,,443,0,0,0,False
vw_meb_2024.dbc,0,0xdb,AWV_03,Unknown_3,25,2,True,False,1.0,0.0,,443,0,0,0,False
vw_meb_2024.dbc,0,0xfc,ESC_51,AEB_Breaking_01,24,8,True,False,1.0,0.0,,1166229,1166229,0,0,False
vw_meb_2024.dbc,0,0xfc,ESC_51,AEB_Breaking_02,32,8,True,False,1.0,0.0,,1166229,1166229,0,0,False
vw_meb_2024.dbc,0,0xfc,ESC_51,Accelerator_Higher_Speed,40,1,False,False,1.0,0.0,,1166229,1166229,0,0,False
vw_meb_2024.dbc,0,0xfc,ESC_51,Brake_Pressure,42,9,True,False,0.195,0.0,Unit_Percent,1166229,1166229,0,0,False
vw_meb_2024.dbc,0,0xfc,ESC_51,CHECKSUM,0,8,True,False,1.0,0.0,,1166229,1166229,0,0,False
vw_meb_2024.dbc,0,0xfc,ESC_51,COUNTER,8,4,True,False,1.0,0.0,,1166229,1166229,0,0,False
vw_meb_2024.dbc,0,0xfc,ESC_51,ESC_v_Signal,328,13,True,False,0.052,-107.016,,1166229,1166229,0,969944,True
vw_meb_2024.dbc,0,0xfc,ESC_51,HL_Brake_Pressure,152,8,True,False,1.0,0.0,,1166229,1166229,0,72,False
vw_meb_2024.dbc,0,0xfc,ESC_51,HL_Radgeschw,64,16,True,False,0.0075,0.0,Unit_KilometerPerHour,1166229,1166229,0,0,True
vw_meb_2024.dbc,0,0xfc,ESC_51,HR_Brake_Pressure,160,8,True,False,1.0,0.0,,1166229,1166229,0,72,False
vw_meb_2024.dbc,0,0xfc,ESC_51,HR_Radgeschw,80,16,True,False,0.0075,0.0,Unit_KilometerPerHour,1166229,1166229,0,0,True
vw_meb_2024.dbc,0,0xfc,ESC_51,NEW_SIGNAL_1,52,8,True,False,1.0,0.0,,1166229,1166229,0,1166026,False
vw_meb_2024.dbc,0,0xfc,ESC_51,NEW_SIGNAL_2,14,6,True,False,1.0,0.0,,1166229,1166229,0,30438,False
vw_meb_2024.dbc,0,0xfc,ESC_51,NEW_SIGNAL_3,128,4,True,False,1.0,0.0,,1166229,1166229,0,0,False
vw_meb_2024.dbc,0,0xfc,ESC_51,NEW_SIGNAL_4,342,13,True,False,1.0,0.0,,1166229,1166229,0,1165545,True
vw_meb_2024.dbc,0,0xfc,ESC_51,Steering_Wheel_CCW,192,8,True,False,1.67,0.0,,1166229,1166229,0,4616,False
vw_meb_2024.dbc,0,0xfc,ESC_51,Steering_Wheel_CW,184,8,True,False,1.67,0.0,,1166229,1166229,0,1778,False
vw_meb_2024.dbc,0,0xfc,ESC_51,VL_Brake_Pressure,168,8,True,False,1.0,0.0,,1166229,1166229,0,72,False
vw_meb_2024.dbc,0,0xfc,ESC_51,VL_Radgeschw,96,16,True,False,0.0075,0.0,Unit_KilometerPerHour,1166229,1166229,0,0,True
vw_meb_2024.dbc,0,0xfc,ESC_51,VR_Brake_Pressure,176,8,True,False,1.0,0.0,,1166229,1166229,0,72,False
vw_meb_2024.dbc,0,0xfc,ESC_51,VR_Radgeschw,112,16,True,False,0.0075,0.0,Unit_KilometerPerHour,1166229,1166229,0,0,True
vw_meb_2024.dbc,0,0xfd,ESP_21,ABS_Bremsung,56,1,True,False,1.0,0.0,,583116,0,0,0,False
vw_meb_2024.dbc,0,0xfd,ESP_21,ASR_Anf,57,1,True,False,1.0,0.0,,583116,0,0,0,False
vw_meb_2024.dbc,0,0xfd,ESP_21,ASR_Schalteingriff,51,2,True,False,1.0,0.0,,583116,0,0,0,False
vw_meb_2024.dbc,0,0xfd,ESP_21,ASR_Tastung_passiv,48,1,True,False,1.0,0.0,,583116,0,0,0,False
vw_meb_2024.dbc,0,0xfd,ESP_21,BR_Eingriffsmoment,12,10,True,False,1.0,-509.0,,583116,0,0,0,False
vw_meb_2024.dbc,0,0xfd,ESP_21,CHECKSUM,0,8,True,False,1.0,0.0,,583116,0,0,0,False
vw_meb_2024.dbc,0,0xfd,ESP_21,COUNTER,8,4,True,False,1.0,0.0,,583116,0,0,0,False
vw_meb_2024.dbc,0,0xfd,ESP_21,EBV_Eingriff,59,1,True,False,1.0,0.0,,583116,0,0,0,False
vw_meb_2024.dbc,0,0xfd,ESP_21,EDS_Eingriff,60,1,True,False,1.0,0.0,,583116,0,0,0,False
vw_meb_2024.dbc,0,0xfd,ESP_21,ESC_Neutralschaltung,63,1,True,False,1.0,0.0,,583116,0,0,0,False
vw_meb_2024.dbc,0,0xfd,ESP_21,ESC_v_Signal_Qualifier_High_Low,24,3,True,False,1.0,0.0,,583116,0,0,0,False
vw_meb_2024.dbc,0,0xfd,ESP_21,ESP_ASP,62,1,True,False,1.0,0.0,,583116,0,0,0,False
vw_meb_2024.dbc,0,0xfd,ESP_21,ESP_Diagnose,23,1,True,False,1.0,0.0,,583116,0,0,0,False
vw_meb_2024.dbc,0,0xfd,ESP_21,ESP_Eingriff,61,1,True,False,1.0,0.0,,583116,0,0,0,False
vw_meb_2024.dbc,0,0xfd,ESP_21,ESP_QBit_v_Signal,55,1,True,False,1.0,0.0,,583116,0,18,0,False
vw_meb_2024.dbc,0,0xfd,ESP_21,ESP_Systemstatus,50,1,True,False,1.0,0.0,,583116,0,0,0,False
vw_meb_2024.dbc,0,0xfd,ESP_21,ESP_Tastung_passiv,49,1,True,False,1.0,0.0,,583116,0,0,0,False
vw_meb_2024.dbc,0,0xfd,ESP_21,ESP_Vorsteuerung,28,1,True,False,1.0,0.0,,583116,0,0,0,False
vw_meb_2024.dbc,0,0xfd,ESP_21,ESP_v_Signal,32,16,True,False,0.01,0.0,Unit_KiloMeterPerHour,583116,0,18,18,True
vw_meb_2024.dbc,0,0xfd,ESP_21,MSR_Anf,58,1,True,False,1.0,0.0,,583116,0,0,0,False
vw_meb_2024.dbc,0,0xfd,ESP_21,OBD_QBit_Schlechtweg,31,1,True,False,1.0,0.0,,583116,0,583116,0,False
vw_meb_2024.dbc,0,0xfd,ESP_21,OBD_Schlechtweg,30,1,True,False,1.0,0.0,,583116,0,0,0,False
vw_meb_2024.dbc,1,0x102,ESC_50,Brake_01,90,1,False,False,1.0,0.0,,642303,0,0,0,False
vw_meb_2024.dbc,1,0x102,ESC_50,Brake_02,125,1,False,False,1.0,0.0,,642303,0,0,0,False
vw_meb_2024.dbc,1,0x102,ESC_50,Brake_Power,80,8,True,False,1.0,-100.0,,642303,0,0,112,False
vw_meb_2024.dbc,1,0x102,ESC_50,Brake_Power_02,226,8,True,False,1.0,-100.0,,642303,0,0,1981,False
vw_meb_2024.dbc,1,0x102,ESC_50,CHECKSUM,0,8,True,False,1.0,0.0,,642303,0,0,0,False
vw_meb_2024.dbc,1,0x102,ESC_50,COUNTER,8,4,True,False,1.0,0.0,,642303,0,0,0,False
vw_meb_2024.dbc,1,0x102,ESC_50,EPB_Status,317,3,True,False,1.0,0.0,,642303,0,0,0,False
vw_meb_2024.dbc,1,0x102,ESC_50,Lateral_Accel,16,8,True,False,0.15,-18.9,Unit_MeterPerSquareSecond,642303,0,0,200161,False
vw_meb_2024.dbc,1,0x102,ESC_50,Longitudinal_Accel,24,10,True,False,0.03125,-16.0,Unit_MeterPerSquareSecond,642303,0,0,390635,False
vw_meb_2024.dbc,1,0x102,ESC_50,Longitudinal_Speed,181,10,True,False,0.25,0.0,Unit_KilometerPerHour,642303,0,0,170,True
vw_meb_2024.dbc,1,0x102,ESC_50,Motion_State,171,2,False,False,1.0,0.0,,642303,0,0,139687,False
vw_meb_2024.dbc,1,0x102,ESC_50,NEW_SIGNAL_1,248,4,True,False,1.0,0.0,,642303,0,0,0,False
vw_meb_2024.dbc,1,0x102,ESC_50,NEW_SIGNAL_2,236,9,True,False,1.0,0.0,,642303,0,0,642303,True
vw_meb_2024.dbc,1,0x102,ESC_50,NEW_SIGNAL_3,180,1,False,False,1.0,0.0,,642303,0,0,0,False
vw_meb_2024.dbc,1,0x102,ESC_50,Regen_Braking,123,1,True,False,1.0,0.0,,642303,0,0,0,False
vw_meb_2024.dbc,1,0x102,ESC_50,Yaw_Rate,40,14,True,False,0.01,0.0,Unit_DegreePerSecond,642303,0,0,0,True
vw_meb_2024.dbc,1,0x102,ESC_50,Yaw_Rate_Sign,54,1,False,False,1.0,0.0,,642303,0,0,0,False
vw_meb_2024.dbc,1,0x105,VMM_01,Brake,53,7,True,False,1.0,0.0,,642310,0,0,144560,False
vw_meb_2024.dbc,1,0x105,VMM_01,CNT,8,4,True,False,1.0,0.0,,642310,0,0,0,False
vw_meb_2024.dbc,1,0x105,VMM_01,CRC,0,8,True,False,1.0,0.0,,642310,0,0,0,False
vw_meb_2024.dbc,1,0x105,VMM_01,NEW_SIGNAL_1,40,2,True,False,1.0,0.0,,642310,0,0,0,False
vw_meb_2024.dbc,1,0x105,VMM_01,NEW_SIGNAL_3,32,1,False,False,1.0,0.0,,642310,0,0,0,False
vw_meb_2024.dbc,1,0x105,VMM_01,NEW_SIGNAL_4,20,1,False,False,1.0,0.0,,642310,0,0,0,False
vw_meb_2024.dbc,1,0x105,VMM_01,NEW_SIGNAL_5,13,1,False,False,1.0,0.0,,642310,0,0,0,False
vw_meb_2024.dbc,1,0x10b,Motor_51,Accel_Low_Pressed_Support,21,1,True,False,1.0,0.0,,677858,677858,0,0,False
vw_meb_2024.dbc,1,0x10b,Motor_51,Accel_Pedal_Pressure,12,9,True,False,0.4,0.0,,677858,677858,0,0,False
vw_meb_2024.dbc,1,0x10b,Motor_51,CHECKSUM,0,8,True,False,1.0,0.0,,677858,677858,0,0,False
vw_meb_2024.dbc,1,0x10b,Motor_51,COUNTER,8,4,True,False,1.0,0.0,,677858,677858,0,0,False
vw_meb_2024.dbc,1,0x10b,Motor_51,TSK_Limiter_ausgewaehlt,95,1,True,False,1.0,0.0,,677858,677858,0,0,False
vw_meb_2024.dbc,1,0x10b,Motor_51,TSK_Status,88,3,True,False,1.0,0.0,,677858,677858,36,0,False
vw_meb_2024.dbc,1,0x116,ESP_10,ESP_10_BZ,8,4,True,False,1.0,0.0,,642318,0,0,0,False
vw_meb_2024.dbc,1,0x116,ESP_10,ESP_10_CRC,0,8,True,False,1.0,0.0,,642318,0,0,0,False
vw_meb_2024.dbc,1,0x116,ESP_10,ESP_HL_Fahrtrichtung,60,2,True,False,1.0,0.0,,642318,0,30,0,False
vw_meb_2024.dbc,1,0x116,ESP_10,ESP_HR_Fahrtrichtung,62,2,True,False,1.0,0.0,,642318,0,30,0,False
vw_meb_2024.dbc,1,0x116,ESP_10,ESP_QBit_Wegimpuls_HL,14,1,True,False,1.0,0.0,,642318,0,30,0,False
vw_meb_2024.dbc,1,0x116,ESP_10,ESP_QBit_Wegimpuls_HR,15,1,True,False,1.0,0.0,,642318,0,30,0,False
vw_meb_2024.dbc,1,0x116,ESP_10,ESP_QBit_Wegimpuls_VL,12,1,True,False,1.0,0.0,,642318,0,30,0,False
vw_meb_2024.dbc,1,0x116,ESP_10,ESP_QBit_Wegimpuls_VR,13,1,True,False,1.0,0.0,,642318,0,30,0,False
vw_meb_2024.dbc,1,0x116,ESP_10,ESP_VL_Fahrtrichtung,56,2,True,False,1.0,0.0,,642318,0,30,0,False
vw_meb_2024.dbc,1,0x116,ESP_10,ESP_VR_Fahrtrichtung,58,2,True,False,1.0,0.0,,642318,0,30,0,False
vw_meb_2024.dbc,1,0x116,ESP_10,ESP_Wegimpuls_HL,36,10,True,False,1.0,0.0,,642318,0,30,30,True
vw_meb_2024.dbc,1,0x116,ESP_10,ESP_Wegimpuls_HR,46,10,True,False,1.0,0.0,,642318,0,30,30,True
vw_meb_2024.dbc,1,0x116,ESP_10,ESP_Wegimpuls_VL,16,10,True,False,1.0,0.0,,642318,0,30,30,True
vw_meb_2024.dbc,1,0x116,ESP_10,ESP_Wegimpuls_VR,26,10,True,False,1.0,0.0,,642318,0,30,30,True
vw_meb_2024.dbc,1,0x12b,GRA_ACC_01,CHECKSUM,0,8,True,False,1.0,0.0,,445947,0,0,0,False
vw_meb_2024.dbc,1,0x12b,GRA_ACC_01,COUNTER,8,4,True,False,1.0,0.0,,445947,0,0,0,False
vw_meb_2024.dbc,1,0x12b,GRA_ACC_01,GRA_Abbrechen,13,1,True,False,1.0,0.0,,445947,0,0,0,False
vw_meb_2024.dbc,1,0x12b,GRA_ACC_01,GRA_ButtonTypeInfo,27,3,True,False,1.0,0.0,,445947,0,0,0,False
vw_meb_2024.dbc,1,0x12b,GRA_ACC_01,GRA_Codierung,22,2,True,False,1.0,0.0,,445947,0,0,0,False
vw_meb_2024.dbc,1,0x12b,GRA_ACC_01,GRA_Fehler,24,1,True,False,1.0,0.0,,445947,0,445947,0,False
vw_meb_2024.dbc,1,0x12b,GRA_ACC_01,GRA_Hauptschalter,12,1,True,False,1.0,0.0,,445947,0,0,0,False
vw_meb_2024.dbc,1,0x12b,GRA_ACC_01,GRA_LIM_Taste_verfuegbar,25,1,True,False,1.0,0.0,,445947,0,0,0,False
vw_meb_2024.dbc,1,0x12b,GRA_ACC_01,GRA_Limiter,15,1,True,False,1.0,0.0,,445947,0,0,0,False
vw_meb_2024.dbc,1,0x12b,GRA_ACC_01,GRA_Tip_Hoch,17,1,True,False,1.0,0.0,,445947,0,0,0,False
vw_meb_2024.dbc,1,0x12b,GRA_ACC_01,GRA_Tip_Runter,18,1,True,False,1.0,0.0,,445947,0,0,0,False
vw_meb_2024.dbc,1,0x12b,GRA_ACC_01,GRA_Tip_Setzen,16,1,True,False,1.0,0.0,,445947,0,0,0,False
vw_meb_2024.dbc,1,0x12b,GRA_ACC_01,GRA_Tip_Stufe_2,26,1,True,False,1.0,0.0,,445947,0,0,0,False
vw_meb_2024.dbc,1,0x12b,GRA_ACC_01,GRA_Tip_Wiederaufnahme,19,1,True,False,1.0,0.0,,445947,0,0,0,False
vw_meb_2024.dbc,1,0x12b,GRA_ACC_01,GRA_TravelAssist,30,1,True,False,1.0,0.0,,445947,0,0,0,False
vw_meb_2024.dbc,1,0x12b,GRA_ACC_01,GRA_Typ_Hauptschalter,14,1,True,False,1.0,0.0,,445947,0,0,0,False
vw_meb_2024.dbc,1,0x12b,GRA_ACC_01,GRA_Verstellung_Zeitluecke,20,2,True,False,1.0,0.0,,445947,0,0,0,False
vw_meb_2024.dbc,1,0x12b,GRA_ACC_01,GRA_reserveByte4,31,1,True,False,1.0,0.0,,445947,0,0,0,False
vw_meb_2024.dbc,1,0x12b,GRA_ACC_01,GRA_reserveByte5,32,8,True,False,1.0,0.0,,445947,0,0,0,False
vw_meb_2024.dbc,1,0x12b,GRA_ACC_01,GRA_reserveByte6,40,8,True,False,1.0,0.0,,445947,0,0,0,False
vw_meb_2024.dbc,1,0x12b,GRA_ACC_01,GRA_reserveByte7,48,8,True,False,1.0,0.0,,445947,0,0,0,False
vw_meb_2024.dbc,1,0x12b,GRA_ACC_01,GRA_reserveByte8,56,8,True,False,1.0,0.0,,445947,0,0,0,False
vw_meb_2024.dbc,1,0x12dd54a7,VZE_04,Detected_01,8,1,False,False,1.0,0.0,,58305,0,0,0,False
vw_meb_2024.dbc,1,0x12dd54a7,VZE_04,Unknown_01,207,1,False,False,1.0,0.0,,58305,0,0,0,False
vw_meb_2024.dbc,1,0x12dd54a7,VZE_04,Unknown_02,167,4,True,False,1.0,0.0,,58305,0,0,0,False
vw_meb_2024.dbc,1,0x12dd54a7,VZE_04,VZE_Anzeigemodus,0,2,True,False,1.0,0.0,,58305,0,0,0,False
vw_meb_2024.dbc,1,0x12dd54a7,VZE_04,VZE_Anzeigeunterdrueck_Zeichen_1,50,1,True,False,1.0,0.0,,58305,0,0,0,False
vw_meb_2024.dbc,1,0x12dd54a7,VZE_04,VZE_Anzeigeunterdrueck_Zeichen_2,10,1,True,False,1.0,0.0,,58305,0,0,0,False
vw_meb_2024.dbc,1,0x12dd54a7,VZE_04,VZE_Anzeigeunterdrueck_Zeichen_3,9,1,True,False,1.0,0.0,,58305,0,0,0,False
vw_meb_2024.dbc,1,0x12dd54a7,VZE_04,VZE_Baustelle,110,1,False,False,1.0,0.0,,58305,0,0,0,False
vw_meb_2024.dbc,1,0x12dd54a7,VZE_04,VZE_Gong,63,1,True,False,1.0,0.0,,58305,0,0,0,False
vw_meb_2024.dbc,1,0x12dd54a7,VZE_04,VZE_Verkehrszeichen_1,11,8,True,False,5.0,0.0,,58305,0,0,58305,False
vw_meb_2024.dbc,1,0x12dd54a7,VZE_04,VZE_Verkehrszeichen_2,19,8,True,False,5.0,0.0,,58305,0,0,58305,False
vw_meb_2024.dbc,1,0x12dd54a7,VZE_04,VZE_Verkehrszeichen_3,27,8,True,False,5.0,0.0,,58305,0,0,58305,False
vw_meb_2024.dbc,1,0x12dd54a7,VZE_04,VZE_Verkehrszeichen_4,75,8,True,False,1.0,0.0,,58305,0,0,0,False
vw_meb_2024.dbc,1,0x12dd54a7,VZE_04,VZE_Verkehrszeichen_6,92,7,True,False,1.0,0.0,,58305,0,0,0,False
vw_meb_2024.dbc,1,0x12dd54a7,VZE_04,VZE_Warnung_Verkehrszeichen_1,35,1,True,False,1.0,0.0,,58305,0,58305,0,False
vw_meb_2024.dbc,1,0x12dd54a7,VZE_04,VZE_Warnung_Verkehrszeichen_2,36,1,True,False,1.0,0.0,,58305,0,58305,0,False
vw_meb_2024.dbc,1,0x12dd54a7,VZE_04,VZE_Warnung_Verkehrszeichen_3,37,1,True,False,1.0,0.0,,58305,0,58305,0,False
vw_meb_2024.dbc,1,0x12dd54a7,VZE_04,VZE_Zeichen_01_Gesetz,56,1,True,False,1.0,0.0,,58305,0,0,0,False
vw_meb_2024.dbc,1,0x12dd54a7,VZE_04,VZE_Zeichen_01_Kamera,54,1,True,False,1.0,0.0,,58305,0,0,0,False
vw_meb_2024.dbc,1,0x12dd54a7,VZE_04,VZE_Zeichen_01_KameraWied,51,1,True,False,1.0,0.0,,58305,0,0,0,False
vw_meb_2024.dbc,1,0x12dd54a7,VZE_04,VZE_Zeichen_01_Karte,55,1,True,False,1.0,0.0,,58305,0,0,0,False
vw_meb_2024.dbc,1,0x12dd54a7,VZE_04,VZE_Zeichen_02_Gesetz,59,1,True,False,1.0,0.0,,58305,0,0,0,False
vw_meb_2024.dbc,1,0x12dd54a7,VZE_04,VZE_Zeichen_02_Kamera,57,1,True,False,1.0,0.0,,58305,0,0,0,False
vw_meb_2024.dbc,1,0x12dd54a7,VZE_04,VZE_Zeichen_02_KameraWied,52,1,True,False,1.0,0.0,,58305,0,0,0,False
vw_meb_2024.dbc,1,0x12dd54a7,VZE_04,VZE_Zeichen_02_Karte,58,1,True,False,1.0,0.0,,58305,0,0,0,False
vw_meb_2024.dbc,1,0x12dd54a7,VZE_04,VZE_Zeichen_03_Gesetz,62,1,True,False,1.0,0.0,,58305,0,0,0,False
vw_meb_2024.dbc,1,0x12dd54a7,VZE_04,VZE_Zeichen_03_Kamera,60,1,True,False,1.0,0.0,,58305,0,0,0,False
vw_meb_2024.dbc,1,0x12dd54a7,VZE_04,VZE_Zeichen_03_KameraWied,53,1,True,False,1.0,0.0,,58305,0,0,0,False
vw_meb_2024.dbc,1,0x12dd54a7,VZE_04,VZE_Zeichen_03_Karte,61,1,True,False,1.0,0.0,,58305,0,0,0,False
vw_meb_2024.dbc,1,0x12dd54a7,VZE_04,VZE_Zusatzschild_1,38,4,True,False,1.0,0.0,,58305,0,58305,58305,False
vw_meb_2024.dbc,1,0x12dd54a7,VZE_04,VZE_Zusatzschild_2,42,4,True,False,1.0,0.0,,58305,0,58305,58305,False
vw_meb_2024.dbc,1,0x12dd54a7,VZE_04,VZE_Zusatzschild_3,46,4,True,False,1.0,0.0,,58305,0,58305,58305,False
vw_meb_2024.dbc,1,0x12dd54a7,VZE_04,Zeichen_Unknown,129,4,True,False,1.0,0.0,,58305,0,0,0,False
vw_meb_2024.dbc,1,0x12dd54a7,VZE_04,Zeichen_Unknown_Entfernung,140,6,True,False,1.0,0.0,,58305,0,0,0,False
vw_meb_2024.dbc,1,0x12dd54a7,VZE_04,Zusatzschild_Unknown,147,2,True,False,1.0,0.0,,58305,0,0,0,False
vw_meb_2024.dbc,1,0x12dd54d0,Charging_Dynamics,Max_Charge_Current,25,13,True,False,0.2,0.0,A,135207,0,0,0,True
vw_meb_2024.dbc,1,0x12dd54d0,Charging_Dynamics,Max_Charge_Power,51,13,True,False,0.1,0.0,kW,135207,0,0,0,True
vw_meb_2024.dbc,1,0x12dd553d,HVL_01,CHK,8,4,True,False,1.0,0.0,,135587,0,0,0,False
vw_meb_2024.dbc,1,0x12dd553d,HVL_01,CRC,0,8,True,False,1.0,0.0,,135587,0,0,0,False
vw_meb_2024.dbc,1,0x139,VMM_02,AEB_Active,31,1,False,False,1.0,0.0,,642318,0,0,0,False
vw_meb_2024.dbc,1,0x139,VMM_02,Brake_Pressed_1,16,1,False,False,1.0,0.0,,642318,0,0,0,False
vw_meb_2024.dbc,1,0x139,VMM_02,Brake_Pressed_2,27,1,False,False,1.0,0.0,,642318,0,0,0,False
vw_meb_2024.dbc,1,0x139,VMM_02,Brake_Pressed_3,48,1,False,False,1.0,0.0,,642318,0,0,0,False
vw_meb_2024.dbc,1,0x139,VMM_02,Brake_Pressure,76,11,True,False,1.0,0.0,,642318,0,0,5775,True
vw_meb_2024.dbc,1,0x139,VMM_02,CHECKSUM,0,8,True,False,1.0,0.0,,642318,0,0,0,False
vw_meb_2024.dbc,1,0x139,VMM_02,COUNTER,8,4,True,False,1.0,0.0,,642318,0,0,0,False
vw_meb_2024.dbc,1,0x139,VMM_02,ESP_Hold,35,1,False,False,1.0,0.0,,642318,0,0,0,False
vw_meb_2024.dbc,1,0x139,VMM_02,FCW_Reaction_1,12,1,False,False,1.0,0.0,,642318,0,0,0,False
vw_meb_2024.dbc,1,0x139,VMM_02,FCW_Reaction_2,56,1,True,False,1.0,0.0,,642318,0,0,0,False
vw_meb_2024.dbc,1,0x139,VMM_02,FCW_Reaction_3,88,5,True,False,1.0,0.0,,642318,0,0,0,False
vw_meb_2024.dbc,1,0x139,VMM_02,Long_Control_Inhibit,52,2,True,False,1.0,0.0,,642318,0,0,0,False
vw_meb_2024.dbc,1,0x13f,PreCrash_02,PreCrash_02_BZ,8,4,True,False,1.0,0.0,,67795,0,0,0,False
vw_meb_2024.dbc,1,0x13f,PreCrash_02,PreCrash_02_CRC,0,8,True,False,1.0,0.0,,67795,0,0,0,False
vw_meb_2024.dbc,1,0x13f,PreCrash_02,PreCrash_Anforderung_AFR,26,3,True,False,1.0,0.0,,67795,0,67795,0,False
vw_meb_2024.dbc,1,0x13f,PreCrash_02,PreCrash_BFS_KSV_verfahren,47,4,True,False,1.0,0.0,,67795,0,0,0,False
vw_meb_2024.dbc,1,0x13f,PreCrash_02,PreCrash_BFS_Pneumatik_ansteuern,32,1,True,False,1.0,0.0,,67795,0,0,0,False
vw_meb_2024.dbc,1,0x13f,PreCrash_02,PreCrash_BFS_Sitzlehne_verfahren,37,3,True,False,1.0,0.0,,67795,0,0,0,False
vw_meb_2024.dbc,1,0x13f,PreCrash_02,PreCrash_Blinken,20,3,True,False,1.0,0.0,,67795,0,0,0,False
vw_meb_2024.dbc,1,0x13f,PreCrash_02,PreCrash_Charisma_FahrPr,12,4,True,False,1.0,0.0,,67795,0,0,0,False
vw_meb_2024.dbc,1,0x13f,PreCrash_02,PreCrash_Charisma_Status,16,2,True,False,1.0,0.0,,67795,0,67795,0,False
vw_meb_2024.dbc,1,0x13f,PreCrash_02,PreCrash_FS_KSV_verfahren,43,4,True,False,1.0,0.0,,67795,0,0,0,False
vw_meb_2024.dbc,1,0x13f,PreCrash_02,PreCrash_FS_Pneumatik_ansteuern,31,1,True,False,1.0,0.0,,67795,0,0,0,False
vw_meb_2024.dbc,1,0x13f,PreCrash_02,PreCrash_FS_Sitzlehne_verfahren,34,3,True,False,1.0,0.0,,67795,0,0,0,False
vw_meb_2024.dbc,1,0x13f,PreCrash_02,PreCrash_Fenster_schliessen,19,1,True,False,1.0,0.0,,67795,0,0,0,False
vw_meb_2024.dbc,1,0x13f,PreCrash_02,PreCrash_Fo_KSV_verfahren,51,4,True,False,1.0,0.0,,67795,0,0,0,False
vw_meb_2024.dbc,1,0x13f,PreCrash_02,PreCrash_Fo_Pneumatik_ansteuern,33,1,True,False,1.0,0.0,,67795,0,0,0,False
vw_meb_2024.dbc,1,0x13f,PreCrash_02,PreCrash_Fo_Sitzlehne_verfahren,40,3,True,False,1.0,0.0,,67795,0,0,0,False
vw_meb_2024.dbc,1,0x13f,PreCrash_02,PreCrash_Schiebedach_schliessen,18,1,True,False,1.0,0.0,,67795,0,0,0,False
vw_meb_2024.dbc,1,0x13f,PreCrash_02,PreCrash_Tueren_Verriegeln,24,1,True,False,1.0,0.0,,67795,0,0,0,False
vw_meb_2024.dbc,1,0x13f,PreCrash_02,SC_PreCrash_LED,29,2,True,False,1.0,0.0,,67795,0,0,0,False
vw_meb_2024.dbc,1,0x13f,PreCrash_02,SC_PreCrash_Texte,60,4,True,False,1.0,0.0,,67795,0,0,0,False
vw_meb_2024.dbc,1,0x13f,PreCrash_02,SC_PreCrash_Warnung,56,4,True,False,1.0,0.0,,67795,0,0,0,False
vw_meb_2024.dbc,1,0x13f,PreCrash_02,SC_PreSense_FCWP,23,1,True,False,1.0,0.0,,67795,0,0,0,False
vw_meb_2024.dbc,1,0x14c,Motor_54,Accelerator_Pressure,175,8,False,False,0.4,-14.8,Unit_Percent,135758,0,0,0,False
vw_meb_2024.dbc,1,0x14c,Motor_54,CHECKSUM,0,8,True,False,1.0,0.0,,135758,0,0,0,False
vw_meb_2024.dbc,1,0x14c,Motor_54,COUNTER,8,4,True,False,1.0,0.0,,135758,0,0,0,False
vw_meb_2024.dbc,1,0x14c,Motor_54,Engine_On,77,1,True,False,1.0,0.0,,135758,0,0,0,False
vw_meb_2024.dbc,1,0x14d,ACC_18,ACC_AKTIV_regelt,90,1,False,False,1.0,0.0,,582750,0,0,0,False
vw_meb_2024.dbc,1,0x14d,ACC_18,ACC_Anfahren,56,1,True,False,1.0,0.0,,582750,0,0,0,False
vw_meb_2024.dbc,1,0x14d,ACC_18,ACC_Anforderung_HMS,77,3,True,False,1.0,0.0,,582750,0,0,0,False
vw_meb_2024.dbc,1,0x14d,ACC_18,ACC_Anhalten,57,1,True,False,1.0,0.0,,582750,0,0,0,False
vw_meb_2024.dbc,1,0x14d,ACC_18,ACC_Anhalteweg,64,11,True,False,0.01,0.0,,582750,0,0,0,False
vw_meb_2024.dbc,1,0x14d,ACC_18,ACC_DynErhoehung,14,1,True,False,1.0,0.0,,582750,0,0,0,False
vw_meb_2024.dbc,1,0x14d,ACC_18,ACC_Freilaufstrategie_TSK,15,1,True,False,1.0,0.0,,582750,0,0,0,False
vw_meb_2024.dbc,1,0x14d,ACC_18,ACC_Minimale_Bremsung,63,1,True,False,1.0,0.0,,582750,0,0,0,False
vw_meb_2024.dbc,1,0x14d,ACC_18,ACC_Sollbeschleunigung_02,24,11,True,False,0.005,-7.22,Unit_MeterPerSeconSquar,582750,0,0,212963,True
vw_meb_2024.dbc,1,0x14d,ACC_18,ACC_StartStopp_Info,22,2,True,False,1.0,0.0,,582750,0,0,0,False
vw_meb_2024.dbc,1,0x14d,ACC_18,ACC_Status_ACC,60,3,True,False,1.0,0.0,,582750,0,19046,0,False
vw_meb_2024.dbc,1,0x14d,ACC_18,ACC_Typ,58,2,True,False,1.0,0.0,,582750,0,0,0,False
vw_meb_2024.dbc,1,0x14d,ACC_18,ACC_limitierte_Anfahrdyn,12,1,True,False,1.0,0.0,,582750,0,0,0,False
vw_meb_2024.dbc,1,0x14d,ACC_18,ACC_nachtr_Stopp_Anf,13,1,True,False,1.0,0.0,,582750,0,0,0,False
vw_meb_2024.dbc,1,0x14d,ACC_18,ACC_neg_Sollbeschl_Grad_02,40,8,True,False,0.05,0.0,Unit_MeterPerCubicSecon,582750,0,0,0,False
vw_meb_2024.dbc,1,0x14d,ACC_18,ACC_pos_Sollbeschl_Grad_02,48,8,True,False,0.05,0.0,Unit_MeterPerCubicSecon,582750,0,0,0,False
vw_meb_2024.dbc,1,0x14d,ACC_18,ACC_zul_Regelabw_oben,35,5,True,False,0.0625,0.0,Unit_MeterPerSeconSquar,582750,0,0,0,False
vw_meb_2024.dbc,1,0x14d,ACC_18,ACC_zul_Regelabw_unten,16,6,True,False,0.024,0.0,Unit_MeterPerSeconSquar,582750,0,0,0,False
vw_meb_2024.dbc,1,0x14d,ACC_18,Accel_Boost,248,6,True,False,1.0,0.0,,582750,0,0,1722,False
vw_meb_2024.dbc,1,0x14d,ACC_18,CHECKSUM,0,8,True,False,1.0,0.0,,582750,0,0,0,False
vw_meb_2024.dbc,1,0x14d,ACC_18,COUNTER,8,4,True,False,1.0,0.0,,582750,0,0,0,False
vw_meb_2024.dbc,1,0x14d,ACC_18,Reversing,254,1,False,False,1.0,0.0,,582750,0,0,0,False
vw_meb_2024.dbc,1,0x14d,ACC_18,SET_ME_0X1,92,1,False,False,1.0,0.0,,582750,0,0,0,False
vw_meb_2024.dbc,1,0x14d,ACC_18,SET_ME_0X9,232,4,True,False,1.0,0.0,,582750,0,0,0,False
vw_meb_2024.dbc,1,0x14d,ACC_18,SET_ME_0XFE,80,8,True,False,1.0,0.0,,582750,0,0,0,False
vw_meb_2024.dbc,1,0x14d,ACC_18,SET_ME_0x2FE,98,10,True,False,1.0,0.0,,582750,0,0,0,False
vw_meb_2024.dbc,1,0x14d,ACC_18,Speed,236,12,True,False,0.1,0.0,,582750,0,0,493625,True
vw_meb_2024.dbc,1,0x153,MSG_HYB_30,MO_ErwGrenzen_Anf,13,1,True,False,1.0,0.0,,67777,0,0,0,False
vw_meb_2024.dbc,1,0x153,MSG_HYB_30,MO_Fehler_Notentladung_Anf,14,1,True,False,1.0,0.0,,67777,0,67777,0,False
vw_meb_2024.dbc,1,0x153,MSG_HYB_30,MO_HVEM_Eskalation,12,1,True,False,1.0,0.0,,67777,0,0,0,False
vw_meb_2024.dbc,1,0x153,MSG_HYB_30,MO_HVEM_MaxLeistung,15,9,True,False,50.0,0.0,Unit_Watt,67777,0,0,0,False
vw_meb_2024.dbc,1,0x153,MSG_HYB_30,MO_HVK_AntriebFehlerstatus,37,3,True,False,1.0,0.0,,67777,0,67777,0,False
vw_meb_2024.dbc,1,0x153,MSG_HYB_30,MO_HVK_AntriebZustand,41,3,True,False,1.0,0.0,,67777,0,67777,0,False
vw_meb_2024.dbc,1,0x153,MSG_HYB_30,MO_HVK_EmFehlerstatus,44,3,True,False,1.0,0.0,,67777,0,67777,0,False
vw_meb_2024.dbc,1,0x153,MSG_HYB_30,MO_HVK_EmIstzustand,24,8,True,False,1.0,0.0,,67777,0,67777,0,False
vw_meb_2024.dbc,1,0x153,MSG_HYB_30,MO_MVK_AntriebFehlerstatus,47,3,True,False,1.0,0.0,,67777,0,67777,0,False
vw_meb_2024.dbc,1,0x153,MSG_HYB_30,MO_MVK_AntriebZustand,50,3,True,False,1.0,0.0,,67777,0,67777,0,False
vw_meb_2024.dbc,1,0x153,MSG_HYB_30,MO_MVK_Bordnetz_Anf,40,1,True,False,1.0,0.0,,67777,0,0,0,False
vw_meb_2024.dbc,1,0x153,MSG_HYB_30,MO_MVK_EmFehlerstatus,53,3,True,False,1.0,0.0,,67777,0,67777,0,False
vw_meb_2024.dbc,1,0x153,MSG_HYB_30,MO_MVK_EmIstzustand,56,8,True,False,1.0,0.0,,67777,0,67777,0,False
vw_meb_2024.dbc,1,0x153,MSG_HYB_30,MSG_HYB_30_BZ,8,4,True,False,1.0,0.0,,67777,0,0,0,False
vw_meb_2024.dbc,1,0x153,MSG_HYB_30,MSG_HYB_30_CRC,0,8,True,False,1.0,0.0,,67777,0,0,0,False
vw_meb_2024.dbc,1,0x16a954a6,Battery_Temperatures,Battery_Max_Temp,24,8,True,False,0.5,-40.0,degC,67604,0,0,0,False
vw_meb_2024.dbc,1,0x16a954a6,Battery_Temperatures,Battery_Min_Temp,32,8,True,False,0.5,-40.0,degC,67604,0,0,0,False
vw_meb_2024.dbc,1,0x16a954ad,MEB_AWV_01,AWV_Enabled,15,1,False,False,1.0,0.0,,59023,0,0,0,False
vw_meb_2024.dbc,1,0x16a954ad,MEB_AWV_01,AWV_Init,17,1,False,False,1.0,0.0,,59023,0,0,0,False
vw_meb_2024.dbc,1,0x16a954ad,MEB_AWV_01,Distance_Warning,12,1,False,False,1.0,0.0,,59023,0,0,0,False
vw_meb_2024.dbc,1,0x16a954ad,MEB_AWV_01,FCW_Display,13,1,False,False,1.0,0.0,,59023,0,0,0,False
vw_meb_2024.dbc,1,0x16a954ad,MEB_AWV_01,FCW_Sound,22,2,True,False,1.0,0.0,,59023,0,0,0,False
vw_meb_2024.dbc,1,0x16a954ad,MEB_AWV_01,SET_ME_1,28,1,False,False,1.0,0.0,,59023,0,0,0,False
vw_meb_2024.dbc,1,0x16a954ad,MEB_AWV_01,SET_ME_511,33,9,True,False,1.0,0.0,,59023,0,0,59023,False
vw_meb_2024.dbc,1,0x16a954ad,MEB_AWV_01,Target,56,8,True,False,1.0,0.0,,59023,0,0,0,False
vw_meb_2024.dbc,1,0x1a4,EA_01,CHECKSUM,0,8,True,False,1.0,0.0,,23296,0,0,0,False
vw_meb_2024.dbc,1,0x1a4,EA_01,COUNTER,8,4,True,False,1.0,0.0,,23296,0,0,0,False
vw_meb_2024.dbc,1,0x1a4,EA_01,EA_Anforderung_HMS,48,3,True,False,1.0,0.0,,23296,0,0,0,False
vw_meb_2024.dbc,1,0x1a4,EA_01,EA_Funktionsstatus,40,4,True,False,1.0,0.0,,23296,0,769,0,False
vw_meb_2024.dbc,1,0x1a4,EA_01,EA_Gurtstraffer_Anf,44,2,True,False,1.0,0.0,,23296,0,0,0,False
vw_meb_2024.dbc,1,0x1a4,EA_01,EA_Parken_beibehalten_HMS,12,2,True,False,1.0,0.0,,23296,0,769,0,False
vw_meb_2024.dbc,1,0x1a4,EA_01,EA_Sollbeschleunigung,53,11,True,False,0.005,-7.22,Unit_MeterPerSeconSquar,23296,0,0,23296,False
vw_meb_2024.dbc,1,0x1a4,EA_01,EA_Warnruckprofil,28,3,True,False,1.0,0.0,,23296,0,0,0,False
vw_meb_2024.dbc,1,0x1a4,EA_01,EA_eCall_Anf,31,2,True,False,1.0,0.0,,23296,0,0,0,False
vw_meb_2024.dbc,1,0x1a555541,EML_02,CHK,8,4,True,False,1.0,0.0,,67793,0,0,0,False
vw_meb_2024.dbc,1,0x1a555541,EML_02,CRC,0,8,True,False,1.0,0.0,,67793,0,0,0,False
vw_meb_2024.dbc,1,0x1a5555b2,Charging_Optimization,Temperature_Status_Charge,15,3,True,False,1.0,0.0,,27037,0,11,0,False
vw_meb_2024.dbc,1,0x206,Parken_01,AEB_Active,16,1,False,False,1.0,0.0,,582760,0,0,0,False
vw_meb_2024.dbc,1,0x206,Parken_01,CHK,0,8,True,False,1.0,0.0,,582760,0,0,0,False
vw_meb_2024.dbc,1,0x206,Parken_01,CNT,8,4,True,False,1.0,0.0,,582760,0,0,0,False
vw_meb_2024.dbc,1,0x24f,Strukturen_01,Distance_Status,13,2,True,False,1.0,0.0,,291380,0,0,0,False
vw_meb_2024.dbc,1,0x24f,Strukturen_01,Left_Lane_01_Lat_Distance,108,10,True,False,0.065,-33.28,Unit_Meter,291380,0,0,0,True
vw_meb_2024.dbc,1,0x24f,Strukturen_01,Left_Lane_01_Long_Distance,96,12,True,False,0.0625,-3.75,Unit_Meter,291380,0,0,261322,True
vw_meb_2024.dbc,1,0x24f,Strukturen_01,Left_Lane_01_ObjectID,22,6,True,False,1.0,0.0,Unit_ObjectID,291380,0,0,0,False
vw_meb_2024.dbc,1,0x24f,Strukturen_01,Left_Lane_01_Rel_Velo,118,10,True,False,0.25,-128.0,Unit_MeterPerSecond,291380,0,0,0,False
vw_meb_2024.dbc,1,0x24f,Strukturen_01,Left_Lane_02_Lat_Distance,204,10,True,False,0.065,-33.28,Unit_Meter,291380,0,0,0,True
vw_meb_2024.dbc,1,0x24f,Strukturen_01,Left_Lane_02_Long_Distance,192,12,True,False,0.0625,-3.75,Unit_Meter,291380,0,0,283402,True
vw_meb_2024.dbc,1,0x24f,Strukturen_01,Left_Lane_02_ObjectID,40,6,True,False,1.0,0.0,Unit_ObjectID,291380,0,0,0,False
vw_meb_2024.dbc,1,0x24f,Strukturen_01,Left_Lane_02_Rel_Velo,214,10,True,False,0.25,-128.0,Unit_MeterPerSecond,291380,0,0,0,False
vw_meb_2024.dbc,1,0x24f,Strukturen_01,Right_Lane_01_Lat_Distance,140,10,True,False,0.065,-33.28,Unit_Meter,291380,0,0,0,True
vw_meb_2024.dbc,1,0x24f,Strukturen_01,Right_Lane_01_Long_Distance,128,12,True,False,0.0625,-3.75,Unit_Meter,291380,0,0,194722,True
vw_meb_2024.dbc,1,0x24f,Strukturen_01,Right_Lane_01_ObjectID,28,6,True,False,1.0,0.0,Unit_ObjectID,291380,0,0,0,False
vw_meb_2024.dbc,1,0x24f,Strukturen_01,Right_Lane_01_Rel_Velo,150,10,True,False,0.25,-128.0,Unit_MeterPerSecond,291380,0,0,0,False
vw_meb_2024.dbc,1,0x24f,Strukturen_01,Right_Lane_02_Lat_Distance,236,10,True,False,0.065,-33.28,Unit_Meter,291380,0,0,0,True
vw_meb_2024.dbc,1,0x24f,Strukturen_01,Right_Lane_02_Long_Distance,224,12,True,False,0.0625,-3.75,Unit_Meter,291380,0,0,263557,True
vw_meb_2024.dbc,1,0x24f,Strukturen_01,Right_Lane_02_ObjectID,46,6,True,False,1.0,0.0,Unit_ObjectID,291380,0,0,0,False
vw_meb_2024.dbc,1,0x24f,Strukturen_01,Right_Lane_02_Rel_Velo,246,10,True,False,0.25,-128.0,Unit_MeterPerSecond,291380,0,0,0,False
vw_meb_2024.dbc,1,0x24f,Strukturen_01,Same_Lane_01_Lat_Distance,76,10,True,False,0.065,-33.28,Unit_Meter,291380,0,0,0,True
vw_meb_2024.dbc,1,0x24f,Strukturen_01,Same_Lane_01_Long_Distance,64,12,True,False,0.0625,-3.75,Unit_Meter,291380,0,0,182347,True
vw_meb_2024.dbc,1,0x24f,Strukturen_01,Same_Lane_01_ObjectID,16,6,True,False,1.0,0.0,Unit_ObjectID,291380,0,0,0,False
vw_meb_2024.dbc,1,0x24f,Strukturen_01,Same_Lane_01_Rel_Velo,86,10,True,False,0.25,-128.0,Unit_MeterPerSecond,291380,0,0,0,False
vw_meb_2024.dbc,1,0x24f,Strukturen_01,Same_Lane_01_Unknown_01,256,8,True,False,1.0,-128.0,,291380,0,0,216986,False
vw_meb_2024.dbc,1,0x24f,Strukturen_01,Same_Lane_01_Unknown_02,264,6,True,False,1.0,-15.0,,291380,0,0,262455,False
vw_meb_2024.dbc,1,0x24f,Strukturen_01,Same_Lane_01_Unknown_03,270,6,True,False,1.0,0.0,,291380,0,0,0,False
vw_meb_2024.dbc,1,0x24f,Strukturen_01,Same_Lane_01_Unknown_04,277,6,True,False,1.0,0.0,,291380,0,0,133,False
vw_meb_2024.dbc,1,0x24f,Strukturen_01,Same_Lane_01_Unknown_05,284,6,True,False,1.0,0.0,,291380,0,0,67881,False
vw_meb_2024.dbc,1,0x24f,Strukturen_01,Same_Lane_02_Lat_Distance,172,10,True,False,0.065,-33.28,Unit_Meter,291380,0,0,0,True
vw_meb_2024.dbc,1,0x24f,Strukturen_01,Same_Lane_02_Long_Distance,160,12,True,False,0.0625,-3.75,Unit_Meter,291380,0,0,276274,True
vw_meb_2024.dbc,1,0x24f,Strukturen_01,Same_Lane_02_ObjectID,34,6,True,False,1.0,0.0,Unit_ObjectID,291380,0,0,0,False
vw_meb_2024.dbc,1,0x24f,Strukturen_01,Same_Lane_02_Rel_Velo,182,10,True,False,0.25,-128.0,Unit_MeterPerSecond,291380,0,0,0,False
vw_meb_2024.dbc,1,0x24f,Strukturen_01,Unknown_01,12,1,False,False,1.0,0.0,,291380,0,0,0,False
vw_meb_2024.dbc,1,0x24f,Strukturen_01,Unknown_02,52,2,True,False,1.0,0.0,,291380,0,0,0,False
vw_meb_2024.dbc,1,0x24f,Strukturen_01,Unknown_03,54,10,True,False,1.0,0.0,,291380,0,0,165287,False
vw_meb_2024.dbc,1,0x2c2,Motor_41,MO_ADR_Status,19,2,True,False,1.0,0.0,,27216,0,0,0,False
vw_meb_2024.dbc,1,0x2c2,Motor_41,MO_AGA_Sound_Texte,21,2,True,False,1.0,0.0,,27216,0,0,0,False
vw_meb_2024.dbc,1,0x2c2,Motor_41,MO_Anz_Kuehlerluefter,47,3,True,False,1.0,0.0,,27216,0,0,0,False
vw_meb_2024.dbc,1,0x2c2,Motor_41,MO_Anzeige_FMAus_Text,23,1,True,False,1.0,0.0,,27216,0,0,0,False
vw_meb_2024.dbc,1,0x2c2,Motor_41,MO_Anzeige_StSt_Symbol,16,3,True,False,1.0,0.0,,27216,0,0,0,False
vw_meb_2024.dbc,1,0x2c2,Motor_41,MO_Anzeige_StSt_Text,12,4,True,False,1.0,0.0,,27216,0,0,0,False
vw_meb_2024.dbc,1,0x2c2,Motor_41,MO_Avus_Motorschutz,30,2,True,False,1.0,0.0,,27216,0,0,0,False
vw_meb_2024.dbc,1,0x2c2,Motor_41,MO_Fehler_MSpG,24,1,True,False,1.0,0.0,,27216,0,0,0,False
vw_meb_2024.dbc,1,0x2c2,Motor_41,MO_OelMessung_Dauer,52,4,True,False,15.0,15.0,Unit_Secon,27216,0,0,0,False
vw_meb_2024.dbc,1,0x2c2,Motor_41,MO_Red_Fahrleistung,38,3,True,False,1.0,0.0,,27216,0,0,0,False
vw_meb_2024.dbc,1,0x2c2,Motor_41,MO_Rekuperationsstufe,32,3,True,False,1.0,0.0,,27216,0,0,0,False
vw_meb_2024.dbc,1,0x2c2,Motor_41,MO_im_Leerlauf,50,1,True,False,1.0,0.0,,27216,0,0,0,False
vw_meb_2024.dbc,1,0x2c2,Motor_41,PEA_Texte,25,3,True,False,1.0,0.0,,27216,0,0,0,False
vw_meb_2024.dbc,1,0x2c2,Motor_41,TSK_Einheit_vMax_FahrerInfo,35,1,True,False,1.0,0.0,,27216,0,0,0,False
vw_meb_2024.dbc,1,0x2c2,Motor_41,TSK_Status_vMax_FahrerInfo,36,2,True,False,1.0,0.0,,27216,0,0,0,False
vw_meb_2024.dbc,1,0x2c2,Motor_41,TSK_Ueberstimmt_vMax_FahrerInfo,28,2,True,False,1.0,0.0,,27216,0,0,0,False
vw_meb_2024.dbc,1,0x2c2,Motor_41,TSK_vMax_FahrerInfo,56,8,True,False,1.0,15.0,,27216,0,27216,27216,False
vw_meb_2024.dbc,1,0x2c2,Motor_41,WIV_Enable_Oeldr_Motor,51,1,True,False,1.0,0.0,,27216,0,0,0,False
vw_meb_2024.dbc,1,0x31b,ESP_24,ABS_Lampe,13,1,True,False,1.0,0.0,,256920,0,0,0,False
vw_meb_2024.dbc,1,0x31b,ESP_24,BK_Lampe_02,14,2,True,False,1.0,0.0,,256920,0,0,0,False
vw_meb_2024.dbc,1,0x31b,ESP_24,ESP_BKV_Warnung,63,1,True,False,1.0,0.0,,256920,0,0,0,False
vw_meb_2024.dbc,1,0x31b,ESP_24,ESP_Fehlerstatus_Wegimp,51,1,True,False,1.0,0.0,,256920,0,0,0,False
vw_meb_2024.dbc,1,0x31b,ESP_24,ESP_HDC_Geschw_Farbe,54,1,True,False,1.0,0.0,,256920,0,0,0,False
vw_meb_2024.dbc,1,0x31b,ESP_24,ESP_HDC_Regelgeschw,56,7,True,False,0.32,0.0,Unit_KiloMeterPerHour,256920,0,256920,256920,False
vw_meb_2024.dbc,1,0x31b,ESP_24,ESP_Lampe,12,1,True,False,1.0,0.0,,256920,0,0,0,False
vw_meb_2024.dbc,1,0x31b,ESP_24,ESP_Meldungen,37,3,True,False,1.0,0.0,,256920,0,0,0,False
vw_meb_2024.dbc,1,0x31b,ESP_24,ESP_Off_Lampe,55,1,True,False,1.0,0.0,,256920,0,0,0,False
vw_meb_2024.dbc,1,0x31b,ESP_24,ESP_QBit_Wegimp_VA,53,1,True,False,1.0,0.0,,256920,0,10,0,False
vw_meb_2024.dbc,1,0x31b,ESP_24,ESP_Textanzeigen_03,32,5,True,False,1.0,0.0,,256920,0,0,0,False
vw_meb_2024.dbc,1,0x31b,ESP_24,ESP_Wegimp_Ueberlauf,52,1,True,False,1.0,0.0,,256920,0,0,0,False
vw_meb_2024.dbc,1,0x31b,ESP_24,ESP_Wegimp_VA,40,11,True,False,1.0,0.0,,256920,0,0,0,True
vw_meb_2024.dbc,1,0x31b,ESP_24,ESP_m_Raddrehz,17,15,True,False,0.002,0.0,Unit_Hertz,256920,0,10,10,True
vw_meb_2024.dbc,1,0x31b,ESP_24,TC_Lampe,16,1,True,False,1.0,0.0,,256920,0,0,0,False
vw_meb_2024.dbc,1,0x331,MFL_01,MFL_Dummy_0_Signal_1,40,8,True,False,1.0,0.0,,26760,0,0,0,False
vw_meb_2024.dbc,1,0x331,MFL_01,MFL_Dummy_0_Signal_2,52,1,True,False,1.0,0.0,,26760,0,0,0,False
vw_meb_2024.dbc,1,0x331,MFL_01,MFL_Dummy_0_Signal_3,53,1,True,False,1.0,0.0,,26760,0,0,0,False
vw_meb_2024.dbc,1,0x331,MFL_01,MFL_ECU_Err,62,1,True,False,1.0,0.0,,26760,0,0,0,False
vw_meb_2024.dbc,1,0x331,MFL_01,MFL_Eventcode_1,24,4,True,False,1.0,0.0,,26760,0,0,0,False
vw_meb_2024.dbc,1,0x331,MFL_01,MFL_Eventcode_2,28,4,True,False,1.0,0.0,,26760,0,0,0,False
vw_meb_2024.dbc,1,0x331,MFL_01,MFL_LR_HZG_Err,55,1,True,False,1.0,0.0,,26760,0,0,0,False
vw_meb_2024.dbc,1,0x331,MFL_01,MFL_LR_HZG_Status,54,1,True,False,1.0,0.0,,26760,0,0,0,False
vw_meb_2024.dbc,1,0x331,MFL_01,MFL_Lokalaktiv,5,1,True,False,1.0,0.0,,26760,0,0,0,False
vw_meb_2024.dbc,1,0x331,MFL_01,MFL_M_Taste,6,1,True,False,1.0,0.0,,26760,0,0,0,False
vw_meb_2024.dbc,1,0x331,MFL_01,MFL_Marke,32,4,True,False,1.0,0.0,,26760,0,0,0,False
vw_meb_2024.dbc,1,0x331,MFL_01,MFL_Paddle_Verbau,7,1,True,False,1.0,0.0,,26760,0,0,0,False
vw_meb_2024.dbc,1,0x331,MFL_01,MFL_Response_Err,63,1,True,False,1.0,0.0,,26760,0,0,0,False
vw_meb_2024.dbc,1,0x331,MFL_01,MFL_SatModul_links_Err,50,1,True,False,1.0,0.0,,26760,0,26760,0,False
vw_meb_2024.dbc,1,0x331,MFL_01,MFL_SatModul_rechts_Err,51,1,True,False,1.0,0.0,,26760,0,26760,0,False
vw_meb_2024.dbc,1,0x331,MFL_01,MFL_Signalhorn,56,1,True,False,1.0,0.0,,26760,0,0,0,False
vw_meb_2024.dbc,1,0x331,MFL_01,MFL_Signalhorn_Err,57,1,True,False,1.0,0.0,,26760,0,0,0,False
vw_meb_2024.dbc,1,0x331,MFL_01,MFL_Taste_links_Err,60,1,True,False,1.0,0.0,,26760,0,0,0,False
vw_meb_2024.dbc,1,0x331,MFL_01,MFL_Taste_rechts_Err,61,1,True,False,1.0,0.0,,26760,0,0,0,False
vw_meb_2024.dbc,1,0x331,MFL_01,MFL_Tastencode_1,8,8,True,False,1.0,0.0,,26760,0,0,0,False
vw_meb_2024.dbc,1,0x331,MFL_01,MFL_Tastencode_2,16,8,True,False,1.0,0.0,,26760,0,0,0,False
vw_meb_2024.dbc,1,0x331,MFL_01,MFL_Tip_Down,48,1,True,False,1.0,0.0,,26760,0,0,0,False
vw_meb_2024.dbc,1,0x331,MFL_01,MFL_Tip_Up,49,1,True,False,1.0,0.0,,26760,0,0,0,False
vw_meb_2024.dbc,1,0x331,MFL_01,MFL_Tip_links_Err,58,1,True,False,1.0,0.0,,26760,0,0,0,False
vw_meb_2024.dbc,1,0x331,MFL_01,MFL_Tip_rechts_Err,59,1,True,False,1.0,0.0,,26760,0,0,0,False
vw_meb_2024.dbc,1,0x331,MFL_01,MFL_Toggle,4,1,True,False,1.0,0.0,,26760,0,0,0,False
vw_meb_2024.dbc,1,0x331,MFL_01,MFL_Variante,36,4,True,False,1.0,0.0,,26760,0,0,0,False
vw_meb_2024.dbc,1,0x331,MFL_01,MFL_Zaehler,0,4,True,False,1.0,0.0,,26760,0,0,0,False
vw_meb_2024.dbc,1,0x365,NVEM_05,BEM_Anf_KL,29,1,True,False,1.0,0.0,,271170,0,0,0,False
vw_meb_2024.dbc,1,0x365,NVEM_05,BEM_Batt_Ab,38,1,True,False,1.0,0.0,,271170,0,0,0,False
vw_meb_2024.dbc,1,0x365,NVEM_05,BEM_DFM,32,5,True,False,3.225,0.025,,271170,0,0,0,False
vw_meb_2024.dbc,1,0x365,NVEM_05,BEM_HYB_DC_uMinLV,56,8,True,False,0.1,0.0,Unit_Volt,271170,0,271170,271170,False
vw_meb_2024.dbc,1,0x365,NVEM_05,BEM_HYB_DC_uSollLV,50,6,True,False,0.1,10.6,Unit_Volt,271170,0,0,0,False
vw_meb_2024.dbc,1,0x365,NVEM_05,BEM_Hybrid_Info,44,2,True,False,1.0,0.0,,271170,0,0,0,False
vw_meb_2024.dbc,1,0x365,NVEM_05,BEM_P_Generator,16,8,True,False,50.0,0.0,Unit_Watt,271170,0,0,0,False
vw_meb_2024.dbc,1,0x365,NVEM_05,BEM_StartStopp_Info,30,2,True,False,1.0,0.0,,271170,0,0,0,False
vw_meb_2024.dbc,1,0x365,NVEM_05,BEM_n_LLA,24,2,True,False,1.0,0.0,,271170,0,0,0,False
vw_meb_2024.dbc,1,0x365,NVEM_05,NVEM_05_BZ,8,4,True,False,1.0,0.0,,271170,0,0,0,False
vw_meb_2024.dbc,1,0x365,NVEM_05,NVEM_05_CRC,0,8,True,False,1.0,0.0,,271170,0,0,0,False
vw_meb_2024.dbc,1,0x365,NVEM_05,NVEM_Freilauf_Info,48,2,True,False,1.0,0.0,,271170,0,0,0,False
vw_meb_2024.dbc,1,0x365,NVEM_05,NVEM_P_Generator_Status,15,1,True,False,1.0,0.0,,271170,0,0,0,False
vw_meb_2024.dbc,1,0x365,NVEM_05,NVEM_Pilot_Info,12,2,True,False,1.0,0.0,,271170,0,271170,0,False
vw_meb_2024.dbc,1,0x365,NVEM_05,NVEM_Red_KL,46,2,True,False,1.0,0.0,,271170,0,271170,0,False
vw_meb_2024.dbc,1,0x366,Blinkmodi_02,BM_Autobahn,34,1,True,False,1.0,0.0,,21334,0,0,0,False
vw_meb_2024.dbc,1,0x366,Blinkmodi_02,BM_Crash,16,1,True,False,1.0,0.0,,21334,0,0,0,False
vw_meb_2024.dbc,1,0x366,Blinkmodi_02,BM_DWA_Alarm,15,1,True,False,1.0,0.0,,21334,0,0,0,False
vw_meb_2024.dbc,1,0x366,Blinkmodi_02,BM_DWA_ein,14,1,True,False,1.0,0.0,,21334,0,0,0,False
vw_meb_2024.dbc,1,0x366,Blinkmodi_02,BM_GDO,19,1,True,False,1.0,0.0,,21334,0,0,0,False
vw_meb_2024.dbc,1,0x366,Blinkmodi_02,BM_HD_Oeffnung_angelernt,33,1,True,False,1.0,0.0,,21334,0,0,0,False
vw_meb_2024.dbc,1,0x366,Blinkmodi_02,BM_NBA_Status,30,2,True,False,1.0,0.0,,21334,0,0,0,False
vw_meb_2024.dbc,1,0x366,Blinkmodi_02,BM_NBA_n_codiert_n_aktiv,29,1,True,False,1.0,0.0,,21334,0,21334,0,False
vw_meb_2024.dbc,1,0x366,Blinkmodi_02,BM_Not_Bremsung,18,1,True,False,1.0,0.0,,21334,0,0,0,False
vw_meb_2024.dbc,1,0x366,Blinkmodi_02,BM_Panik,17,1,True,False,1.0,0.0,,21334,0,0,0,False
vw_meb_2024.dbc,1,0x366,Blinkmodi_02,BM_PiloPa,44,1,True,False,1.0,0.0,,21334,0,0,0,False
vw_meb_2024.dbc,1,0x366,Blinkmodi_02,BM_Recas,36,1,True,False,1.0,0.0,,21334,0,0,0,False
vw_meb_2024.dbc,1,0x366,Blinkmodi_02,BM_Rollenmodus_Blinken,35,1,True,False,1.0,0.0,,21334,0,0,0,False
vw_meb_2024.dbc,1,0x366,Blinkmodi_02,BM_Taxi_Notalarm,21,1,True,False,1.0,0.0,,21334,0,0,0,False
vw_meb_2024.dbc,1,0x366,Blinkmodi_02,BM_Telematik,22,1,True,False,1.0,0.0,,21334,0,0,0,False
vw_meb_2024.dbc,1,0x366,Blinkmodi_02,BM_Telematik_Abbruchgrund,38,6,True,False,1.0,0.0,,21334,0,21334,0,False
vw_meb_2024.dbc,1,0x366,Blinkmodi_02,BM_WBT_Beleuchtung,32,1,True,False,1.0,0.0,,21334,0,0,0,False
vw_meb_2024.dbc,1,0x366,Blinkmodi_02,BM_Warnblinken,20,1,True,False,1.0,0.0,,21334,0,0,0,False
vw_meb_2024.dbc,1,0x366,Blinkmodi_02,BM_Wischblinken,37,1,True,False,1.0,0.0,,21334,0,0,0,False
vw_meb_2024.dbc,1,0x366,Blinkmodi_02,BM_ZV_auf,12,1,True,False,1.0,0.0,,21334,0,0,0,False
vw_meb_2024.dbc,1,0x366,Blinkmodi_02,BM_ZV_zu,13,1,True,False,1.0,0.0,,21334,0,0,0,False
vw_meb_2024.dbc,1,0x366,Blinkmodi_02,BM_links,23,1,True,False,1.0,0.0,,21334,0,0,0,False
vw_meb_2024.dbc,1,0x366,Blinkmodi_02,BM_rechts,24,1,True,False,1.0,0.0,,21334,0,0,0,False
vw_meb_2024.dbc,1,0x366,Blinkmodi_02,Blinken_li_Fzg_Takt,25,1,True,False,1.0,0.0,,21334,0,0,0,False
vw_meb_2024.dbc,1,0x366,Blinkmodi_02,Blinken_li_Kombi_Takt,27,1,True,False,1.0,0.0,,21334,0,0,0,False
vw_meb_2024.dbc,1,0x366,Blinkmodi_02,Blinken_re_Fzg_Takt,26,1,True,False,1.0,0.0,,21334,0,0,0,False
vw_meb_2024.dbc,1,0x366,Blinkmodi_02,Blinken_re_Kombi_Takt,28,1,True,False,1.0,0.0,,21334,0,0,0,False
vw_meb_2024.dbc,1,0x366,Blinkmodi_02,DWA_Alarmquelle,59,5,True,False,1.0,0.0,,21334,0,0,0,False
vw_meb_2024.dbc,1,0x366,Blinkmodi_02,Unknown_01,45,2,True,False,1.0,0.0,,21334,0,0,0,False
vw_meb_2024.dbc,1,0x378,GNSS_04,GNSS_Nachrichtenpaket_ID4,0,2,True,False,1.0,0.0,Unit_Bit,13422,0,0,0,False
vw_meb_2024.dbc,1,0x378,GNSS_04,GNSS_Ortung_Hoehe,32,12,True,False,2.0,-500.0,Unit_Meter,13422,0,0,0,True
vw_meb_2024.dbc,1,0x378,GNSS_04,GNSS_Ortung_Zeit_in_GPSWoche,2,30,True,False,1.0,0.0,Unit_MilliSecon,13422,0,0,9,True
vw_meb_2024.dbc,1,0x37b,GNSS_05,GNSS_Empfaenger_Status,32,1,True,False,1.0,0.0,,13422,0,0,0,False
vw_meb_2024.dbc,1,0x37b,GNSS_05,GNSS_Empfangbare_Satelliten,35,5,True,False,1.0,0.0,Unit_None,13422,0,10,12937,False
vw_meb_2024.dbc,1,0x37b,GNSS_05,GNSS_GLONASS_in_Nutzung,34,1,True,False,1.0,0.0,,13422,0,0,0,False
vw_meb_2024.dbc,1,0x37b,GNSS_05,GNSS_GPS_in_Nutzung,33,1,True,False,1.0,0.0,,13422,0,0,0,False
vw_meb_2024.dbc,1,0x37b,GNSS_05,GNSS_Genutzte_Satelliten,45,5,True,False,1.0,0.0,Unit_None,13422,0,522,522,False
vw_meb_2024.dbc,1,0x37b,GNSS_05,GNSS_Nachrichtenpaket_ID5,50,2,True,False,1.0,0.0,Unit_Bit,13422,0,0,0,False
vw_meb_2024.dbc,1,0x37b,GNSS_05,GNSS_Sichtbare_Satelliten,40,5,True,False,1.0,0.0,Unit_None,13422,0,71,9362,False
vw_meb_2024.dbc,1,0x37b,GNSS_05,GNSS_UTC_Zeit,0,32,True,False,1.0,0.0,Unit_Secon,13422,0,9,9,True
vw_meb_2024.dbc,1,0x394,WBA_03,GE_Sollgang,40,4,True,False,1.0,0.0,,84763,0,0,0,False
vw_meb_2024.dbc,1,0x394,WBA_03,GE_Stoppverbot_Anz_01,56,1,True,False,1.0,0.0,,84763,0,0,0,False
vw_meb_2024.dbc,1,0x394,WBA_03,GE_Stoppverbot_Anz_02,57,1,True,False,1.0,0.0,,84763,0,0,0,False
vw_meb_2024.dbc,1,0x394,WBA_03,GE_Stoppverbot_Anz_03,58,1,True,False,1.0,0.0,,84763,0,0,0,False
vw_meb_2024.dbc,1,0x394,WBA_03,GE_Stoppverbot_Anz_04,59,1,True,False,1.0,0.0,,84763,0,0,0,False
vw_meb_2024.dbc,1,0x394,WBA_03,GE_Stoppverbot_Anz_05,60,1,True,False,1.0,0.0,,84763,0,0,0,False
vw_meb_2024.dbc,1,0x394,WBA_03,GE_Stoppverbot_Anz_06,61,1,True,False,1.0,0.0,,84763,0,0,0,False
vw_meb_2024.dbc,1,0x394,WBA_03,GE_Stoppverbot_Anz_07,62,1,True,False,1.0,0.0,,84763,0,0,0,False
vw_meb_2024.dbc,1,0x394,WBA_03,GE_Stoppverbot_Anz_Std,63,1,True,False,1.0,0.0,,84763,0,0,0,False
vw_meb_2024.dbc,1,0x394,WBA_03,GE_Tipschaltempf_verfuegbar,44,1,True,False,1.0,0.0,,84763,0,0,0,False
vw_meb_2024.dbc,1,0x394,WBA_03,GE_Wiederstart_Anz_Std,55,1,True,False,1.0,0.0,,84763,0,0,0,False
vw_meb_2024.dbc,1,0x394,WBA_03,WBA_03_BZ,8,4,True,False,1.0,0.0,,84763,0,0,0,False
vw_meb_2024.dbc,1,0x394,WBA_03,WBA_03_CRC,0,8,True,False,1.0,0.0,,84763,0,0,0,False
vw_meb_2024.dbc,1,0x394,WBA_03,WBA_Blinken,54,1,True,False,1.0,0.0,,84763,0,0,0,False
vw_meb_2024.dbc,1,0x394,WBA_03,WBA_Fahrstufe_02,12,4,True,False,1.0,0.0,,84763,0,0,0,False
vw_meb_2024.dbc,1,0x394,WBA_03,WBA_GE_Texte,28,3,True,False,1.0,0.0,,84763,0,0,0,False
vw_meb_2024.dbc,1,0x394,WBA_03,WBA_GE_Texte_02,45,3,True,False,1.0,0.0,,84763,0,0,0,False
vw_meb_2024.dbc,1,0x394,WBA_03,WBA_GE_Texte_03,48,4,True,False,1.0,0.0,,84763,0,84763,0,False
vw_meb_2024.dbc,1,0x394,WBA_03,WBA_GE_Warnung_02,20,4,True,False,1.0,0.0,,84763,0,0,0,False
vw_meb_2024.dbc,1,0x394,WBA_03,WBA_GE_Zusatzwarnungen,37,3,True,False,1.0,0.0,,84763,0,0,0,False
vw_meb_2024.dbc,1,0x394,WBA_03,WBA_Schaltschema,32,5,True,False,1.0,0.0,,84763,0,0,0,False
vw_meb_2024.dbc,1,0x394,WBA_03,WBA_Segeln_aktiv,31,1,True,False,1.0,0.0,,84763,0,0,0,False
vw_meb_2024.dbc,1,0x394,WBA_03,WBA_ZielFahrstufe,16,4,True,False,1.0,0.0,,84763,0,0,0,False
vw_meb_2024.dbc,1,0x394,WBA_03,WBA_eing_Gang_02,24,4,True,False,1.0,0.0,,84763,0,0,0,False
vw_meb_2024.dbc,1,0x3b5,Klima_11,KL_AC_Schalter,2,1,True,False,1.0,0.0,,135215,0,0,0,False
vw_meb_2024.dbc,1,0x3b5,Klima_11,KL_Anf_KL,40,8,True,False,0.4,0.0,Unit_PerCent,135215,0,0,0,False
vw_meb_2024.dbc,1,0x3b5,Klima_11,KL_Ausstattung_Klima,51,3,True,False,1.0,0.0,,135215,0,0,0,False
vw_meb_2024.dbc,1,0x3b5,Klima_11,KL_Charisma_FahrPr,16,4,True,False,1.0,0.0,,135215,0,0,0,False
vw_meb_2024.dbc,1,0x3b5,Klima_11,KL_Charisma_Status,20,2,True,False,1.0,0.0,,135215,0,19837,0,False
vw_meb_2024.dbc,1,0x3b5,Klima_11,KL_Drehz_Anh,0,1,True,False,1.0,0.0,,135215,0,0,0,False
vw_meb_2024.dbc,1,0x3b5,Klima_11,KL_Freilauf_Info,38,2,True,False,1.0,0.0,,135215,0,0,0,False
vw_meb_2024.dbc,1,0x3b5,Klima_11,KL_Komp_Moment_alt,3,1,True,False,1.0,0.0,,135215,0,0,0,False
vw_meb_2024.dbc,1,0x3b5,Klima_11,KL_Kompressorkupplung_linear,8,8,True,False,20.0,0.0,Unit_MilliAmper,135215,0,135215,135215,False
vw_meb_2024.dbc,1,0x3b5,Klima_11,KL_Last_Kompr,24,8,True,False,0.25,0.0,Unit_NewtoMeter,135215,0,0,0,False
vw_meb_2024.dbc,1,0x3b5,Klima_11,KL_Spannungs_Anf,32,2,True,False,1.0,0.0,,135215,0,0,0,False
vw_meb_2024.dbc,1,0x3b5,Klima_11,KL_StartStopp_Info,36,2,True,False,1.0,0.0,,135215,0,0,0,False
vw_meb_2024.dbc,1,0x3b5,Klima_11,KL_T_Charge,23,1,True,False,1.0,0.0,,135215,0,0,0,False
vw_meb_2024.dbc,1,0x3b5,Klima_11,KL_Thermomanagement,34,2,True,False,1.0,0.0,,135215,0,0,0,False
vw_meb_2024.dbc,1,0x3b5,Klima_11,KL_Variante_Standheizung,54,2,True,False,1.0,0.0,,135215,0,0,0,False
vw_meb_2024.dbc,1,0x3b5,Klima_11,KL_Vorwarn_Komp_ein,1,1,True,False,1.0,0.0,,135215,0,17763,0,False
vw_meb_2024.dbc,1,0x3b5,Klima_11,KL_Vorwarn_Zuheizer_ein,6,1,True,False,1.0,0.0,,135215,0,0,0,False
vw_meb_2024.dbc,1,0x3b5,Klima_11,KL_Zustand,7,1,True,False,1.0,0.0,,135215,0,0,0,False
vw_meb_2024.dbc,1,0x3b5,Klima_11,KL_el_Zuheizer_Stufe,48,3,True,False,1.0,0.0,,135215,0,0,0,False
vw_meb_2024.dbc,1,0x3b5,Klima_11,KL_nachtr_Stopp_Anf,22,1,True,False,1.0,0.0,,135215,0,0,0,False
vw_meb_2024.dbc,1,0x3be,Motor_14,CHECKSUM,0,8,True,False,1.0,0.0,,135651,0,0,0,False
vw_meb_2024.dbc,1,0x3be,Motor_14,COUNTER,8,4,True,False,1.0,0.0,,135651,0,0,0,False
vw_meb_2024.dbc,1,0x3be,Motor_14,MO_Aussp_Anlass,35,1,True,False,1.0,0.0,,135651,0,0,0,False
vw_meb_2024.dbc,1,0x3be,Motor_14,MO_BKV_Unterdruckwarnung,45,1,True,False,1.0,0.0,,135651,0,0,0,False
vw_meb_2024.dbc,1,0x3be,Motor_14,MO_BLS,30,1,True,False,1.0,0.0,,135651,0,0,0,False
vw_meb_2024.dbc,1,0x3be,Motor_14,MO_BMS_NV_Anf_stuetzen,58,1,True,False,1.0,0.0,,135651,0,0,0,False
vw_meb_2024.dbc,1,0x3be,Motor_14,MO_EKlKomLeiRed,42,2,True,False,1.0,0.0,,135651,0,0,0,False
vw_meb_2024.dbc,1,0x3be,Motor_14,MO_Ext_E_Fahrt_aktiv,27,1,True,False,1.0,0.0,,135651,0,0,0,False
vw_meb_2024.dbc,1,0x3be,Motor_14,MO_FMAus_Startvariante,56,2,True,False,1.0,0.0,,135651,0,0,0,False
vw_meb_2024.dbc,1,0x3be,Motor_14,MO_FMAus_aktiv,55,1,True,False,1.0,0.0,,135651,0,0,0,False
vw_meb_2024.dbc,1,0x3be,Motor_14,MO_Fahrer_bremst,28,1,True,False,1.0,0.0,,135651,0,0,0,False
vw_meb_2024.dbc,1,0x3be,Motor_14,MO_Freig_Anlass,36,1,True,False,1.0,0.0,,135651,0,0,0,False
vw_meb_2024.dbc,1,0x3be,Motor_14,MO_Freig_Reku,16,2,True,False,1.0,0.0,,135651,0,0,0,False
vw_meb_2024.dbc,1,0x3be,Motor_14,MO_Freigabe_Segeln,46,1,True,False,1.0,0.0,,135651,0,0,0,False
vw_meb_2024.dbc,1,0x3be,Motor_14,MO_Gangposition,20,4,True,False,1.0,0.0,,135651,0,0,0,False
vw_meb_2024.dbc,1,0x3be,Motor_14,MO_HYB_Fahrbereitschaft,26,1,True,False,1.0,0.0,,135651,0,0,0,False
vw_meb_2024.dbc,1,0x3be,Motor_14,MO_HYB_VM_aktiv,61,1,True,False,1.0,0.0,,135651,0,0,0,False
vw_meb_2024.dbc,1,0x3be,Motor_14,MO_Handshake_STH,44,1,True,False,1.0,0.0,,135651,0,0,0,False
vw_meb_2024.dbc,1,0x3be,Motor_14,MO_Interlock,38,1,True,False,1.0,0.0,,135651,0,0,0,False
vw_meb_2024.dbc,1,0x3be,Motor_14,MO_Kickdown,40,1,True,False,1.0,0.0,,135651,0,0,0,False
vw_meb_2024.dbc,1,0x3be,Motor_14,MO_Kl_50,19,1,True,False,1.0,0.0,,135651,0,0,0,False
vw_meb_2024.dbc,1,0x3be,Motor_14,MO_Kl_75,18,1,True,False,1.0,0.0,,135651,0,0,0,False
vw_meb_2024.dbc,1,0x3be,Motor_14,MO_Klima_Eingr,33,2,True,False,1.0,0.0,,135651,0,0,0,False
vw_meb_2024.dbc,1,0x3be,Motor_14,MO_KomFehler_ESP,32,1,True,False,1.0,0.0,,135651,0,135651,0,False
vw_meb_2024.dbc,1,0x3be,Motor_14,MO_Konsistenz_Bremsped,31,1,True,False,1.0,0.0,,135651,0,0,0,False
vw_meb_2024.dbc,1,0x3be,Motor_14,MO_Kuppl_schalter,37,1,True,False,1.0,0.0,,135651,0,0,0,False
vw_meb_2024.dbc,1,0x3be,Motor_14,MO_Motor_laeuft,39,1,True,False,1.0,0.0,,135651,0,0,0,False
vw_meb_2024.dbc,1,0x3be,Motor_14,MO_PTC_Status,47,3,True,False,1.0,0.0,,135651,0,0,0,False
vw_meb_2024.dbc,1,0x3be,Motor_14,MO_QBit_Fahrer_bremst,29,1,True,False,1.0,0.0,,135651,0,0,0,False
vw_meb_2024.dbc,1,0x3be,Motor_14,MO_QBit_Gangposition,50,1,True,False,1.0,0.0,,135651,0,135651,0,False
vw_meb_2024.dbc,1,0x3be,Motor_14,MO_QBit_KL_75,41,1,True,False,1.0,0.0,,135651,0,135651,0,False
vw_meb_2024.dbc,1,0x3be,Motor_14,MO_Remotestart_Betrieb,52,1,True,False,1.0,0.0,,135651,0,0,0,False
vw_meb_2024.dbc,1,0x3be,Motor_14,MO_Remotestart_moeglich,53,1,True,False,1.0,0.0,,135651,0,0,0,False
vw_meb_2024.dbc,1,0x3be,Motor_14,MO_Signalquelle_Gangposition,51,1,True,False,1.0,0.0,,135651,0,0,0,False
vw_meb_2024.dbc,1,0x3be,Motor_14,MO_StartStopp_Fahrerwunsch,24,2,True,False,1.0,0.0,,135651,0,135651,0,False
vw_meb_2024.dbc,1,0x3be,Motor_14,MO_StartStopp_Motorstopp,15,1,True,False,1.0,0.0,,135651,0,0,0,False
vw_meb_2024.dbc,1,0x3be,Motor_14,MO_StartStopp_Status,12,2,True,False,1.0,0.0,,135651,0,0,0,False
vw_meb_2024.dbc,1,0x3be,Motor_14,MO_StartStopp_Wiederstart,14,1,True,False,1.0,0.0,,135651,0,0,0,False
vw_meb_2024.dbc,1,0x3be,Motor_14,MO_StartVorauss_erfuellt,62,2,True,False,1.0,0.0,,135651,0,0,0,False
vw_meb_2024.dbc,1,0x3be,Motor_14,MO_Zylinderabschaltung,59,2,True,False,1.0,0.0,,135651,0,0,0,False
vw_meb_2024.dbc,1,0x3c0,Klemmen_Status_01,BCM_Ausparken_Betrieb,28,1,True,False,1.0,0.0,,135599,0,0,0,False
vw_meb_2024.dbc,1,0x3c0,Klemmen_Status_01,BCM_Remotestart_Betrieb,20,1,True,False,1.0,0.0,,135599,0,0,0,False
vw_meb_2024.dbc,1,0x3c0,Klemmen_Status_01,BCM_Remotestart_KL15_Anf,22,1,True,False,1.0,0.0,,135599,0,0,0,False
vw_meb_2024.dbc,1,0x3c0,Klemmen_Status_01,BCM_Remotestart_MO_Start,23,1,True,False,1.0,0.0,,135599,0,0,0,False
vw_meb_2024.dbc,1,0x3c0,Klemmen_Status_01,KST_Fahrerhinweis_1,26,1,True,False,1.0,0.0,,135599,0,0,0,False
vw_meb_2024.dbc,1,0x3c0,Klemmen_Status_01,KST_Fahrerhinweis_2,27,1,True,False,1.0,0.0,,135599,0,0,0,False
vw_meb_2024.dbc,1,0x3c0,Klemmen_Status_01,KST_Fahrerhinweis_4,29,1,True,False,1.0,0.0,,135599,0,0,0,False
vw_meb_2024.dbc,1,0x3c0,Klemmen_Status_01,KST_Fahrerhinweis_5,30,1,True,False,1.0,0.0,,135599,0,0,0,False
vw_meb_2024.dbc,1,0x3c0,Klemmen_Status_01,KST_Fahrerhinweis_6,31,1,True,False,1.0,0.0,,135599,0,0,0,False
vw_meb_2024.dbc,1,0x3c0,Klemmen_Status_01,KST_Warn_P1_ZST_def,24,1,True,False,1.0,0.0,,135599,0,0,0,False
vw_meb_2024.dbc,1,0x3c0,Klemmen_Status_01,KST_Warn_P2_ZST_def,25,1,True,False,1.0,0.0,,135599,0,0,0,False
vw_meb_2024.dbc,1,0x3c0,Klemmen_Status_01,Klemmen_Status_01_BZ,8,4,True,False,1.0,0.0,,135599,0,0,0,False
vw_meb_2024.dbc,1,0x3c0,Klemmen_Status_01,Klemmen_Status_01_CRC,0,8,True,False,1.0,0.0,,135599,0,0,0,False
vw_meb_2024.dbc,1,0x3c0,Klemmen_Status_01,RSt_Fahrerhinweise,12,4,True,False,1.0,0.0,,135599,0,135599,0,False
vw_meb_2024.dbc,1,0x3c0,Klemmen_Status_01,ZAS_Kl_15,17,1,True,False,1.0,0.0,,135599,0,0,0,False
vw_meb_2024.dbc,1,0x3c0,Klemmen_Status_01,ZAS_Kl_50_Startanforderung,19,1,True,False,1.0,0.0,,135599,0,0,0,False
vw_meb_2024.dbc,1,0x3c0,Klemmen_Status_01,ZAS_Kl_Infotainment,21,1,True,False,1.0,0.0,,135599,0,0,0,False
vw_meb_2024.dbc,1,0x3c0,Klemmen_Status_01,ZAS_Kl_S,16,1,True,False,1.0,0.0,,135599,0,0,0,False
vw_meb_2024.dbc,1,0x3c0,Klemmen_Status_01,ZAS_Kl_X,18,1,True,False,1.0,0.0,,135599,0,0,0,False
vw_meb_2024.dbc,1,0x3c7,Motor_26,MO_EFLEX_Lampe,8,2,True,False,1.0,0.0,,135566,0,0,0,False
vw_meb_2024.dbc,1,0x3c7,Motor_26,MO_E_Mode,61,3,True,False,1.0,0.0,,135566,0,0,0,False
vw_meb_2024.dbc,1,0x3c7,Motor_26,MO_E_Texte,36,4,True,False,1.0,0.0,,135566,0,0,0,False
vw_meb_2024.dbc,1,0x3c7,Motor_26,MO_E_Warnungen,28,4,True,False,1.0,0.0,,135566,0,0,0,False
vw_meb_2024.dbc,1,0x3c7,Motor_26,MO_Heissleuchte,50,1,True,False,1.0,0.0,,135566,0,0,0,False
vw_meb_2024.dbc,1,0x3c7,Motor_26,MO_ITM_Warnung_Pumpe,11,1,True,False,1.0,0.0,,135566,0,0,0,False
vw_meb_2024.dbc,1,0x3c7,Motor_26,MO_KJS_nicht_bereit,10,1,True,False,1.0,0.0,,135566,0,135566,0,False
vw_meb_2024.dbc,1,0x3c7,Motor_26,MO_Kuehlerluefter_1,1,7,True,False,1.0,0.0,Unit_PerCent,67789,0,348,348,False
vw_meb_2024.dbc,1,0x3c7,Motor_26,MO_Kuehlerluefter_2,1,7,True,False,1.0,0.0,Unit_PerCent,67777,0,67777,67777,False
vw_meb_2024.dbc,1,0x3c7,Motor_26,MO_Kuehlerluefter_MUX,0,1,True,False,1.0,0.0,,135566,0,0,0,False
vw_meb_2024.dbc,1,0x3c7,Motor_26,MO_OBD2_Lampe,49,1,True,False,1.0,0.0,,135566,0,0,0,False
vw_meb_2024.dbc,1,0x3c7,Motor_26,MO_Oelwarnung_max,23,1,True,False,1.0,0.0,,135566,0,0,0,False
vw_meb_2024.dbc,1,0x3c7,Motor_26,MO_Partikel_Lampe,51,1,True,False,1.0,0.0,,135566,0,0,0,False
vw_meb_2024.dbc,1,0x3c7,Motor_26,MO_RedFahrleistung_Lampe,52,1,True,False,1.0,0.0,,135566,0,0,0,False
vw_meb_2024.dbc,1,0x3c7,Motor_26,MO_Systemlampe,48,1,True,False,1.0,0.0,,135566,0,0,0,False
vw_meb_2024.dbc,1,0x3c7,Motor_26,MO_Tankdeckel_Lampe,57,1,True,False,1.0,0.0,,135566,0,0,0,False
vw_meb_2024.dbc,1,0x3c7,Motor_26,MO_Text_Motorstart,32,4,True,False,1.0,0.0,,135566,0,0,0,False
vw_meb_2024.dbc,1,0x3c7,Motor_26,MO_Text_Partikelfil_Reg,41,1,True,False,1.0,0.0,,135566,0,0,0,False
vw_meb_2024.dbc,1,0x3c7,Motor_26,MO_Text_Tankdeckelwarn,58,1,True,False,1.0,0.0,,135566,0,0,0,False
vw_meb_2024.dbc,1,0x3c7,Motor_26,MO_Vorglueh_Lampe,59,1,True,False,1.0,0.0,,135566,0,0,0,False
vw_meb_2024.dbc,1,0x3c7,Motor_26,MO_Zustand_HWP,20,2,True,False,1.0,0.0,,135566,0,0,0,False
vw_meb_2024.dbc,1,0x3c7,Motor_26,OLEV_Oelstand_nicht_vorhanden,42,1,True,False,1.0,0.0,,135566,0,0,0,False
vw_meb_2024.dbc,1,0x3c7,Motor_26,OLEV_Systemstoerung,22,1,True,False,1.0,0.0,,135566,0,0,0,False
vw_meb_2024.dbc,1,0x3c7,Motor_26,WIV_Anzeige_aktiv,12,1,True,False,1.0,0.0,,135566,0,0,0,False
vw_meb_2024.dbc,1,0x3c7,Motor_26,WIV_Oeldr_Warn_Motor,60,1,True,False,1.0,0.0,,135566,0,0,0,False
vw_meb_2024.dbc,1,0x3c7,Motor_26,WIV_Oeldyn_avl,40,1,True,False,1.0,0.0,,135566,0,0,0,False
vw_meb_2024.dbc,1,0x3c7,Motor_26,WIV_Oelmenge,43,5,True,False,125.0,0.0,Unit_MilliLiter,135566,0,0,0,False
vw_meb_2024.dbc,1,0x3c7,Motor_26,WIV_Oelmin_Warn,13,1,True,False,1.0,0.0,,135566,0,0,0,False
vw_meb_2024.dbc,1,0x3c7,Motor_26,WIV_Oelstand,16,4,True,False,12.5,0.0,Unit_PerCent,135566,0,0,0,False
vw_meb_2024.dbc,1,0x3c7,Motor_26,WIV_Oelstand_nicht_vorhanden,53,1,True,False,1.0,0.0,,135566,0,0,0,False
vw_meb_2024.dbc,1,0x3c7,Motor_26,WIV_Oelsystem_aktiv,24,1,True,False,1.0,0.0,,135566,0,0,0,False
vw_meb_2024.dbc,1,0x3c7,Motor_26,WIV_Schieflage,15,1,True,False,1.0,0.0,,135566,0,0,0,False
vw_meb_2024.dbc,1,0x3c7,Motor_26,WIV_Sensorfehler,14,1,True,False,1.0,0.0,,135566,0,0,0,False
vw_meb_2024.dbc,1,0x3c7,Motor_26,WIV_Ueberfuell_Warn,26,1,True,False,1.0,0.0,,135566,0,0,0,False
vw_meb_2024.dbc,1,0x3c7,Motor_26,WIV_Ueberfuell_deaktiv,55,1,True,False,1.0,0.0,,135566,0,0,0,False
vw_meb_2024.dbc,1,0x3c7,Motor_26,WIV_Unterfuell_Warn,56,1,True,False,1.0,0.0,,135566,0,0,0,False
vw_meb_2024.dbc,1,0x3c7,Motor_26,WIV_laufender_Motor,27,1,True,False,1.0,0.0,,135566,0,0,0,False
vw_meb_2024.dbc,1,0x3c7,Motor_26,WIV_nachfuellanzeige_ein,54,1,True,False,1.0,0.0,,135566,0,0,0,False
vw_meb_2024.dbc,1,0x3c7,Motor_26,WIV_nicht_betriebswarm,25,1,True,False,1.0,0.0,,135566,0,0,0,False
vw_meb_2024.dbc,1,0x3d4,SMLS_01,BH_Blinker_Fehler,46,1,True,False,1.0,0.0,,13289,0,13289,0,False
vw_meb_2024.dbc,1,0x3d4,SMLS_01,BH_Blinker_li,12,1,True,False,1.0,0.0,,13289,0,0,0,False
vw_meb_2024.dbc,1,0x3d4,SMLS_01,BH_Blinker_re,13,1,True,False,1.0,0.0,,13289,0,0,0,False
vw_meb_2024.dbc,1,0x3d4,SMLS_01,BH_Fernlicht,15,1,True,False,1.0,0.0,,13289,0,0,0,False
vw_meb_2024.dbc,1,0x3d4,SMLS_01,BH_Lichthupe,14,1,True,False,1.0,0.0,,13289,0,0,0,False
vw_meb_2024.dbc,1,0x3d4,SMLS_01,FAS_Taster,27,1,True,False,1.0,0.0,,13289,0,0,0,False
vw_meb_2024.dbc,1,0x3d4,SMLS_01,FAS_Taster_Fehler,28,1,True,False,1.0,0.0,,13289,0,13289,0,False
vw_meb_2024.dbc,1,0x3d4,SMLS_01,LRH_On_Off,30,2,True,False,1.0,0.0,,13289,0,0,0,False
vw_meb_2024.dbc,1,0x3d4,SMLS_01,LRH_aktiv,40,1,True,False,1.0,0.0,,13289,0,0,0,False
vw_meb_2024.dbc,1,0x3d4,SMLS_01,SMLS_01_BZ,8,4,True,False,1.0,0.0,,13289,0,0,0,False
vw_meb_2024.dbc,1,0x3d4,SMLS_01,SMLS_01_CRC,0,8,True,False,1.0,0.0,,13289,0,0,0,False
vw_meb_2024.dbc,1,0x3d4,SMLS_01,SMLS_Hupe,29,1,True,False,1.0,0.0,,13289,0,0,0,False
vw_meb_2024.dbc,1,0x3d4,SMLS_01,SMLS_PTT,47,1,True,False,1.0,0.0,,13289,0,0,0,False
vw_meb_2024.dbc,1,0x3d4,SMLS_01,SMLS_P_verriegelt_plausibel,43,1,True,False,1.0,0.0,,13289,0,0,0,False
vw_meb_2024.dbc,1,0x3d4,SMLS_01,WH_Frontwaschen,20,1,True,False,1.0,0.0,,13289,0,0,0,False
vw_meb_2024.dbc,1,0x3d4,SMLS_01,WH_Heckintervall,21,1,True,False,1.0,0.0,,13289,0,0,0,False
vw_meb_2024.dbc,1,0x3d4,SMLS_01,WH_Heckwaschen,22,1,True,False,1.0,0.0,,13289,0,0,0,False
vw_meb_2024.dbc,1,0x3d4,SMLS_01,WH_Intervall,17,1,True,False,1.0,0.0,,13289,0,0,0,False
vw_meb_2024.dbc,1,0x3d4,SMLS_01,WH_Intervallstufen,23,4,True,False,1.0,0.0,,13289,0,0,0,False
vw_meb_2024.dbc,1,0x3d4,SMLS_01,WH_SRA,44,1,True,False,1.0,0.0,,13289,0,0,0,False
vw_meb_2024.dbc,1,0x3d4,SMLS_01,WH_Tipwischen,16,1,True,False,1.0,0.0,,13289,0,0,0,False
vw_meb_2024.dbc,1,0x3d4,SMLS_01,WH_Tipwischen_lang,48,1,True,False,1.0,0.0,,13289,0,0,0,False
vw_meb_2024.dbc,1,0x3d4,SMLS_01,WH_WischerStufe1,18,1,True,False,1.0,0.0,,13289,0,0,0,False
vw_meb_2024.dbc,1,0x3d4,SMLS_01,WH_WischerStufe2,19,1,True,False,1.0,0.0,,13289,0,0,0,False
vw_meb_2024.dbc,1,0x3d4,SMLS_01,WH_Wischer_Fehler,45,1,True,False,1.0,0.0,,13289,0,13289,0,False
vw_meb_2024.dbc,1,0x3d6,Licht_hinten_01,BCM2_Bremsl_durch_ECD,5,1,True,False,1.0,0.0,,135586,0,0,0,False
vw_meb_2024.dbc,1,0x3d6,Licht_hinten_01,LH_3_Bremsl_def,49,1,True,False,1.0,0.0,,135586,0,0,0,False
vw_meb_2024.dbc,1,0x3d6,Licht_hinten_01,LH_Aussenlicht_def,7,1,True,False,1.0,0.0,,135586,0,0,0,False
vw_meb_2024.dbc,1,0x3d6,Licht_hinten_01,LH_Blinker_HL_akt,14,1,True,False,1.0,0.0,,135586,0,0,0,False
vw_meb_2024.dbc,1,0x3d6,Licht_hinten_01,LH_Blinker_HR_akt,15,1,True,False,1.0,0.0,,135586,0,0,0,False
vw_meb_2024.dbc,1,0x3d6,Licht_hinten_01,LH_Blinker_li_def,16,1,True,False,1.0,0.0,,135586,0,0,0,False
vw_meb_2024.dbc,1,0x3d6,Licht_hinten_01,LH_Blinker_re_def,32,1,True,False,1.0,0.0,,135586,0,0,0,False
vw_meb_2024.dbc,1,0x3d6,Licht_hinten_01,LH_Brems_Blk_li_def,27,1,True,False,1.0,0.0,,135586,0,0,0,False
vw_meb_2024.dbc,1,0x3d6,Licht_hinten_01,LH_Brems_Blk_re_def,43,1,True,False,1.0,0.0,,135586,0,0,0,False
vw_meb_2024.dbc,1,0x3d6,Licht_hinten_01,LH_Bremsl_li_def,17,1,True,False,1.0,0.0,,135586,0,0,0,False
vw_meb_2024.dbc,1,0x3d6,Licht_hinten_01,LH_Bremsl_li_ges_def,54,1,True,False,1.0,0.0,,135586,0,0,0,False
vw_meb_2024.dbc,1,0x3d6,Licht_hinten_01,LH_Bremsl_mi_def,53,1,True,False,1.0,0.0,,135586,0,0,0,False
vw_meb_2024.dbc,1,0x3d6,Licht_hinten_01,LH_Bremsl_re_def,33,1,True,False,1.0,0.0,,135586,0,0,0,False
vw_meb_2024.dbc,1,0x3d6,Licht_hinten_01,LH_Bremsl_re_ges_def,55,1,True,False,1.0,0.0,,135586,0,0,0,False
vw_meb_2024.dbc,1,0x3d6,Licht_hinten_01,LH_Bremslicht_H_aktiv,11,1,True,False,1.0,0.0,,135586,0,0,0,False
vw_meb_2024.dbc,1,0x3d6,Licht_hinten_01,LH_Diag_LED_li_def,30,1,True,False,1.0,0.0,,135586,0,0,0,False
vw_meb_2024.dbc,1,0x3d6,Licht_hinten_01,LH_Diag_LED_re_def,31,1,True,False,1.0,0.0,,135586,0,0,0,False
vw_meb_2024.dbc,1,0x3d6,Licht_hinten_01,LH_Diag_Status_li_def,29,1,True,False,1.0,0.0,,135586,0,0,0,False
vw_meb_2024.dbc,1,0x3d6,Licht_hinten_01,LH_Diag_Status_re_def,28,1,True,False,1.0,0.0,,135586,0,0,0,False
vw_meb_2024.dbc,1,0x3d6,Licht_hinten_01,LH_Kennzl_def,48,1,True,False,1.0,0.0,,135586,0,0,0,False
vw_meb_2024.dbc,1,0x3d6,Licht_hinten_01,LH_Nebel_li_def,20,1,True,False,1.0,0.0,,135586,0,0,0,False
vw_meb_2024.dbc,1,0x3d6,Licht_hinten_01,LH_Nebel_mi_def,50,1,True,False,1.0,0.0,,135586,0,0,0,False
vw_meb_2024.dbc,1,0x3d6,Licht_hinten_01,LH_Nebel_re_def,36,1,True,False,1.0,0.0,,135586,0,0,0,False
vw_meb_2024.dbc,1,0x3d6,Licht_hinten_01,LH_Nebelschluss_aktiv,12,1,True,False,1.0,0.0,,135586,0,0,0,False
vw_meb_2024.dbc,1,0x3d6,Licht_hinten_01,LH_Parklicht_HL_aktiv,9,1,True,False,1.0,0.0,,135586,0,0,0,False
vw_meb_2024.dbc,1,0x3d6,Licht_hinten_01,LH_Parklicht_HR_aktiv,10,1,True,False,1.0,0.0,,135586,0,0,0,False
vw_meb_2024.dbc,1,0x3d6,Licht_hinten_01,LH_Rueckf_li_def,19,1,True,False,1.0,0.0,,135586,0,0,0,False
vw_meb_2024.dbc,1,0x3d6,Licht_hinten_01,LH_Rueckf_mi_def,51,1,True,False,1.0,0.0,,135586,0,0,0,False
vw_meb_2024.dbc,1,0x3d6,Licht_hinten_01,LH_Rueckf_re_def,35,1,True,False,1.0,0.0,,135586,0,0,0,False
vw_meb_2024.dbc,1,0x3d6,Licht_hinten_01,LH_Rueckfahrlicht_aktiv,13,1,True,False,1.0,0.0,,135586,0,0,0,False
vw_meb_2024.dbc,1,0x3d6,Licht_hinten_01,LH_SL_BRL_BLK_li_def,26,1,True,False,1.0,0.0,,135586,0,0,0,False
vw_meb_2024.dbc,1,0x3d6,Licht_hinten_01,LH_SL_BRL_BLK_re_def,42,1,True,False,1.0,0.0,,135586,0,0,0,False
vw_meb_2024.dbc,1,0x3d6,Licht_hinten_01,LH_Schluss_Brems_Nebel_li_def,21,1,True,False,1.0,0.0,,135586,0,0,0,False
vw_meb_2024.dbc,1,0x3d6,Licht_hinten_01,LH_Schluss_Brems_Nebel_re_def,22,1,True,False,1.0,0.0,,135586,0,0,0,False
vw_meb_2024.dbc,1,0x3d6,Licht_hinten_01,LH_Schluss_Brems_li_def,24,1,True,False,1.0,0.0,,135586,0,0,0,False
vw_meb_2024.dbc,1,0x3d6,Licht_hinten_01,LH_Schluss_Brems_mi_def,37,1,True,False,1.0,0.0,,135586,0,0,0,False
vw_meb_2024.dbc,1,0x3d6,Licht_hinten_01,LH_Schluss_Brems_re_def,40,1,True,False,1.0,0.0,,135586,0,0,0,False
vw_meb_2024.dbc,1,0x3d6,Licht_hinten_01,LH_Schluss_Nebel_li_def,25,1,True,False,1.0,0.0,,135586,0,0,0,False
vw_meb_2024.dbc,1,0x3d6,Licht_hinten_01,LH_Schluss_Nebel_re_def,41,1,True,False,1.0,0.0,,135586,0,0,0,False
vw_meb_2024.dbc,1,0x3d6,Licht_hinten_01,LH_Schlusslicht_li_def,18,1,True,False,1.0,0.0,,135586,0,0,0,False
vw_meb_2024.dbc,1,0x3d6,Licht_hinten_01,LH_Schlusslicht_mi_def,52,1,True,False,1.0,0.0,,135586,0,0,0,False
vw_meb_2024.dbc,1,0x3d6,Licht_hinten_01,LH_Schlusslicht_re_def,34,1,True,False,1.0,0.0,,135586,0,0,0,False
vw_meb_2024.dbc,1,0x3d6,Licht_hinten_01,LH_Standlicht_H_aktiv,8,1,True,False,1.0,0.0,,135586,0,0,0,False
vw_meb_2024.dbc,1,0x3d6,Licht_hinten_01,LH_Zusatzschlussl_def,23,1,True,False,1.0,0.0,,135586,0,0,0,False
vw_meb_2024.dbc,1,0x3db,Gateway_72,AAG_Anhaenger_erkannt,28,1,True,False,1.0,0.0,,135923,0,0,0,False
vw_meb_2024.dbc,1,0x3db,Gateway_72,Anhaenger_01_alt,4,1,True,False,1.0,0.0,,135923,0,0,0,False
vw_meb_2024.dbc,1,0x3db,Gateway_72,BCM1_Aussen_Temp_ungef,56,8,True,False,0.5,-50.0,Unit_DegreCelsi,135923,0,0,2,False
vw_meb_2024.dbc,1,0x3db,Gateway_72,BCM1_MH_Schalter,29,1,True,False,1.0,0.0,,135923,0,0,0,False
vw_meb_2024.dbc,1,0x3db,Gateway_72,BCM1_OBD_FStatus_ATemp,52,4,True,False,1.0,0.0,,135923,0,0,0,False
vw_meb_2024.dbc,1,0x3db,Gateway_72,BCM1_RFahrlicht_Ahg_Anf,39,1,True,False,1.0,0.0,,135923,0,0,0,False
vw_meb_2024.dbc,1,0x3db,Gateway_72,BCM1_RFahrlicht_Fzg_Anf,38,1,True,False,1.0,0.0,,135923,0,0,0,False
vw_meb_2024.dbc,1,0x3db,Gateway_72,BCM1_Rueckfahrlicht_Schalter,25,1,True,False,1.0,0.0,,135923,0,0,0,False
vw_meb_2024.dbc,1,0x3db,Gateway_72,BCM_01_alt,0,1,True,False,1.0,0.0,,135923,0,0,0,False
vw_meb_2024.dbc,1,0x3db,Gateway_72,BH_Blinker_li,50,1,True,False,1.0,0.0,,135923,0,0,0,False
vw_meb_2024.dbc,1,0x3db,Gateway_72,BH_Blinker_re,51,1,True,False,1.0,0.0,,135923,0,0,0,False
vw_meb_2024.dbc,1,0x3db,Gateway_72,BH_Fernlicht,49,1,True,False,1.0,0.0,,135923,0,0,0,False
vw_meb_2024.dbc,1,0x3db,Gateway_72,KL_Thermomanagement,32,2,True,False,1.0,0.0,,135923,0,0,0,False
vw_meb_2024.dbc,1,0x3db,Gateway_72,Klima_01_alt,7,1,True,False,1.0,0.0,,135923,0,0,0,False
vw_meb_2024.dbc,1,0x3db,Gateway_72,Klima_Sensor_02_alt,5,1,True,False,1.0,0.0,,135923,0,0,0,False
vw_meb_2024.dbc,1,0x3db,Gateway_72,Licht_Anf_01_alt,9,1,True,False,1.0,0.0,,135923,0,0,0,False
vw_meb_2024.dbc,1,0x3db,Gateway_72,SMLS_01_alt,1,1,True,False,1.0,0.0,,135923,0,0,0,False
vw_meb_2024.dbc,1,0x3db,Gateway_72,VSG_01_alt,6,1,True,False,1.0,0.0,,135923,0,0,0,False
vw_meb_2024.dbc,1,0x3db,Gateway_72,VS_VD_offen_ver,22,1,True,False,1.0,0.0,,135923,0,0,0,False
vw_meb_2024.dbc,1,0x3db,Gateway_72,VS_VD_zu_ver,23,1,True,False,1.0,0.0,,135923,0,0,0,False
vw_meb_2024.dbc,1,0x3db,Gateway_72,WFS_01_alt,8,1,True,False,1.0,0.0,,135923,0,0,0,False
vw_meb_2024.dbc,1,0x3db,Gateway_72,WFS_Schluessel_Fahrberecht,34,4,True,False,1.0,0.0,,135923,0,0,0,False
vw_meb_2024.dbc,1,0x3db,Gateway_72,Waschen_vorne_aktiv,31,1,True,False,1.0,0.0,,135923,0,0,0,False
vw_meb_2024.dbc,1,0x3db,Gateway_72,Wischer_01_alt,3,1,True,False,1.0,0.0,,135923,0,0,0,False
vw_meb_2024.dbc,1,0x3db,Gateway_72,Wischer_vorne_aktiv,27,1,True,False,1.0,0.0,,135923,0,0,0,False
vw_meb_2024.dbc,1,0x3db,Gateway_72,ZV_02_alt,2,1,True,False,1.0,0.0,,135923,0,0,0,False
vw_meb_2024.dbc,1,0x3db,Gateway_72,ZV_BT_offen,24,1,True,False,1.0,0.0,,135923,0,0,0,False
vw_meb_2024.dbc,1,0x3db,Gateway_72,ZV_FT_offen,26,1,True,False,1.0,0.0,,135923,0,0,0,False
vw_meb_2024.dbc,1,0x3db,Gateway_72,ZV_HBFS_offen,21,1,True,False,1.0,0.0,,135923,0,0,0,False
vw_meb_2024.dbc,1,0x3db,Gateway_72,ZV_HD_offen,30,1,True,False,1.0,0.0,,135923,0,0,0,False
vw_meb_2024.dbc,1,0x3db,Gateway_72,ZV_HFS_offen,20,1,True,False,1.0,0.0,,135923,0,0,0,False
vw_meb_2024.dbc,1,0x40,Airbag_01,AB_Anzeige_Fussg,34,2,True,False,1.0,0.0,,338951,0,0,0,False
vw_meb_2024.dbc,1,0x40,Airbag_01,AB_Belegung_VF,47,2,True,False,1.0,0.0,,338951,0,0,0,False
vw_meb_2024.dbc,1,0x40,Airbag_01,AB_Crash_Int,21,3,True,False,1.0,0.0,,338951,0,0,0,False
vw_meb_2024.dbc,1,0x40,Airbag_01,AB_Deaktiviert,25,1,True,False,1.0,0.0,,338951,0,0,0,False
vw_meb_2024.dbc,1,0x40,Airbag_01,AB_Deaktivierung_HV,42,3,True,False,1.0,0.0,,338951,0,0,0,False
vw_meb_2024.dbc,1,0x40,Airbag_01,AB_Diagnose,28,1,True,False,1.0,0.0,,338951,0,0,0,False
vw_meb_2024.dbc,1,0x40,Airbag_01,AB_EDR_Trigger,45,2,True,False,1.0,0.0,,338951,0,0,0,False
vw_meb_2024.dbc,1,0x40,Airbag_01,AB_Erh_Auf_VB,30,2,True,False,1.0,0.0,,338951,0,0,0,False
vw_meb_2024.dbc,1,0x40,Airbag_01,AB_Front_Crash,16,1,True,False,1.0,0.0,,338951,0,0,0,False
vw_meb_2024.dbc,1,0x40,Airbag_01,AB_Gurtwarn_VB,33,1,True,False,1.0,0.0,,338951,0,0,0,False
vw_meb_2024.dbc,1,0x40,Airbag_01,AB_Gurtwarn_VF,32,1,True,False,1.0,0.0,,338951,0,0,0,False
vw_meb_2024.dbc,1,0x40,Airbag_01,AB_Heck_Crash,17,1,True,False,1.0,0.0,,338951,0,0,0,False
vw_meb_2024.dbc,1,0x40,Airbag_01,AB_Lampe,24,1,True,False,1.0,0.0,,338951,0,0,0,False
vw_meb_2024.dbc,1,0x40,Airbag_01,AB_MKB_Anforderung,40,1,True,False,1.0,0.0,,338951,0,0,0,False
vw_meb_2024.dbc,1,0x40,Airbag_01,AB_MKB_gueltig,39,1,True,False,1.0,0.0,,338951,0,0,0,False
vw_meb_2024.dbc,1,0x40,Airbag_01,AB_RGS_Anst,12,4,True,False,1.0,0.0,,338951,0,0,0,False
vw_meb_2024.dbc,1,0x40,Airbag_01,AB_Rollover_Crash,20,1,True,False,1.0,0.0,,338951,0,0,0,False
vw_meb_2024.dbc,1,0x40,Airbag_01,AB_SB_Crash,19,1,True,False,1.0,0.0,,338951,0,0,0,False
vw_meb_2024.dbc,1,0x40,Airbag_01,AB_SF_Crash,18,1,True,False,1.0,0.0,,338951,0,0,0,False
vw_meb_2024.dbc,1,0x40,Airbag_01,AB_Stellgliedtest,29,1,True,False,1.0,0.0,,338951,0,0,0,False
vw_meb_2024.dbc,1,0x40,Airbag_01,AB_Systemfehler,27,1,True,False,1.0,0.0,,338951,0,338951,0,False
vw_meb_2024.dbc,1,0x40,Airbag_01,AB_Texte_AKS,36,2,True,False,1.0,0.0,,338951,0,0,0,False
vw_meb_2024.dbc,1,0x40,Airbag_01,AB_VB_deaktiviert,26,1,True,False,1.0,0.0,,338951,0,0,0,False
vw_meb_2024.dbc,1,0x40,Airbag_01,AB_Versorgungsspannung,41,1,True,False,1.0,0.0,,338951,0,0,0,False
vw_meb_2024.dbc,1,0x40,Airbag_01,Airbag_01_BZ,8,4,True,False,1.0,0.0,,338951,0,0,0,False
vw_meb_2024.dbc,1,0x40,Airbag_01,Airbag_01_CRC,0,8,True,False,1.0,0.0,,338951,0,0,0,False
vw_meb_2024.dbc,1,0x40,Airbag_01,SC_LowSpeedCrashErkannt,55,2,True,False,1.0,0.0,,338951,0,0,0,False
vw_meb_2024.dbc,1,0x40,Airbag_01,SC_Masterzeit,57,7,True,False,0.04,0.0,Unit_Secon,338951,0,1346,1346,False
vw_meb_2024.dbc,1,0x40,Airbag_01,SC_Masterzeit_Offset,53,2,True,False,5.08,0.0,Unit_Secon,338951,0,0,0,False
vw_meb_2024.dbc,1,0x462,PSD_04,PSD_ADAS_Qualitaet,37,1,True,False,1.0,0.0,,89489,0,0,0,False
vw_meb_2024.dbc,1,0x462,PSD_04,PSD_Abzweigerichtung,56,1,True,False,1.0,0.0,,89489,0,0,0,False
vw_meb_2024.dbc,1,0x462,PSD_04,PSD_Abzweigewinkel,57,7,True,False,1.417323,0.0,,89489,0,0,0,False
vw_meb_2024.dbc,1,0x462,PSD_04,PSD_Anfangskruemmung,47,8,True,False,1.0,0.0,,89489,0,0,0,False
vw_meb_2024.dbc,1,0x462,PSD_04,PSD_Anfangskruemmung_Vorz,55,1,True,False,1.0,0.0,,89489,0,0,0,False
vw_meb_2024.dbc,1,0x462,PSD_04,PSD_Bebauung,43,1,True,False,1.0,0.0,,89489,0,0,0,False
vw_meb_2024.dbc,1,0x462,PSD_04,PSD_Endkruemmung,22,8,True,False,1.0,0.0,Unit_None,89489,0,0,0,False
vw_meb_2024.dbc,1,0x462,PSD_04,PSD_Endkruemmung_Vorz,30,1,True,False,1.0,0.0,,89489,0,0,0,False
vw_meb_2024.dbc,1,0x462,PSD_04,PSD_Fahrspuren_Anzahl,40,3,True,False,1.0,0.0,,89489,0,0,0,False
vw_meb_2024.dbc,1,0x462,PSD_04,PSD_Geradester_Pfad,39,1,True,False,1.0,0.0,,89489,0,0,0,False
vw_meb_2024.dbc,1,0x462,PSD_04,PSD_Idenditaets_ID,31,6,True,False,1.0,0.0,,89489,0,0,89489,False
vw_meb_2024.dbc,1,0x462,PSD_04,PSD_Rampe,45,2,True,False,1.0,0.0,,89489,0,0,0,False
vw_meb_2024.dbc,1,0x462,PSD_04,PSD_Segment_ID,0,6,True,False,1.0,0.0,,89489,0,0,89489,False
vw_meb_2024.dbc,1,0x462,PSD_04,PSD_Segment_Komplett,44,1,True,False,1.0,0.0,,89489,0,0,0,False
vw_meb_2024.dbc,1,0x462,PSD_04,PSD_Segmentlaenge,12,7,True,False,2.0,0.0,Unit_Meter,89489,0,0,0,False
vw_meb_2024.dbc,1,0x462,PSD_04,PSD_Strassenkategorie,19,3,True,False,1.0,0.0,,89489,0,89489,0,False
vw_meb_2024.dbc,1,0x462,PSD_04,PSD_Vorgaenger_Segment_ID,6,6,True,False,1.0,0.0,,89489,0,0,89489,False
vw_meb_2024.dbc,1,0x462,PSD_04,PSD_wahrscheinlichster_Pfad,38,1,True,False,1.0,0.0,,89489,0,0,0,False
vw_meb_2024.dbc,1,0x463,PSD_05,PSD_Attribut_1_ID,31,5,True,False,1.0,0.0,,89486,0,0,89486,False
vw_meb_2024.dbc,1,0x463,PSD_05,PSD_Attribut_1_Offset,40,7,True,False,2.0,0.0,Unit_Meter,89486,0,0,0,False
vw_meb_2024.dbc,1,0x463,PSD_05,PSD_Attribut_1_Wert,36,4,True,False,1.0,0.0,,89486,0,0,0,False
vw_meb_2024.dbc,1,0x463,PSD_05,PSD_Attribut_2_ID,47,5,True,False,1.0,0.0,,89486,0,0,89486,False
vw_meb_2024.dbc,1,0x463,PSD_05,PSD_Attribut_2_Offset,56,7,True,False,2.0,0.0,Unit_Meter,89486,0,0,0,False
vw_meb_2024.dbc,1,0x463,PSD_05,PSD_Attribut_2_Wert,52,4,True,False,1.0,0.0,,89486,0,0,0,False
vw_meb_2024.dbc,1,0x463,PSD_05,PSD_Attribut_Segment_ID_05,25,6,True,False,1.0,0.0,,89486,0,0,89486,False
vw_meb_2024.dbc,1,0x463,PSD_05,PSD_Attribute_Komplett_05,63,1,True,False,1.0,0.0,,89486,0,0,0,False
vw_meb_2024.dbc,1,0x463,PSD_05,PSD_Pos_Fahrspur,22,3,True,False,1.0,0.0,,89486,0,0,0,False
vw_meb_2024.dbc,1,0x463,PSD_05,PSD_Pos_Fehler_Laengsrichtung,19,3,True,False,1.0,0.0,,89486,0,89486,0,False
vw_meb_2024.dbc,1,0x463,PSD_05,PSD_Pos_Inhibitzeit,13,5,True,False,10.0,0.0,Unit_MilliSecon,89486,0,0,0,False
vw_meb_2024.dbc,1,0x463,PSD_05,PSD_Pos_Segment_ID,0,6,True,False,1.0,0.0,,89486,0,0,89486,False
vw_meb_2024.dbc,1,0x463,PSD_05,PSD_Pos_Segmentlaenge,6,7,True,False,2.0,0.0,Unit_Meter,89486,0,0,0,False
vw_meb_2024.dbc,1,0x463,PSD_05,PSD_Pos_Standort_Eindeutig,18,1,True,False,1.0,0.0,,89486,0,0,0,False
vw_meb_2024.dbc,1,0x464,PSD_06,PSD_06_Mux,0,3,True,False,1.0,0.0,,89483,0,89483,0,False
vw_meb_2024.dbc,1,0x464,PSD_06,PSD_Sys_Alter_Karte,23,3,True,False,1.0,0.0,,89483,0,0,0,False
vw_meb_2024.dbc,1,0x464,PSD_06,PSD_Sys_Geometrieguete,19,2,True,False,1.0,0.0,,89483,0,0,0,False
vw_meb_2024.dbc,1,0x464,PSD_06,PSD_Sys_Geometrieguete_erweitert,40,8,True,False,1.0,0.0,,89483,0,89483,0,False
vw_meb_2024.dbc,1,0x464,PSD_06,PSD_Sys_Geschwindigkeit_Einheit,17,1,True,False,1.0,0.0,,89483,0,0,0,False
vw_meb_2024.dbc,1,0x464,PSD_06,PSD_Sys_Laendercode,9,8,True,False,1.0,0.0,,89483,0,0,0,False
vw_meb_2024.dbc,1,0x464,PSD_06,PSD_Sys_Mapmatchingguete,21,2,True,False,1.0,0.0,,89483,0,0,0,False
vw_meb_2024.dbc,1,0x464,PSD_06,PSD_Sys_Quali_Geometrien,33,3,True,False,1.0,0.0,Unit_None,89483,0,0,0,False
vw_meb_2024.dbc,1,0x464,PSD_06,PSD_Sys_Quali_Ortsinfo,36,2,True,False,1.0,0.0,Unit_None,89483,0,0,0,False
vw_meb_2024.dbc,1,0x464,PSD_06,PSD_Sys_Quali_Steigungen,51,3,True,False,1.0,0.0,,89483,0,0,0,False
vw_meb_2024.dbc,1,0x464,PSD_06,PSD_Sys_Quali_Strassenkennz,54,3,True,False,1.0,0.0,Unit_None,89483,0,0,0,False
vw_meb_2024.dbc,1,0x464,PSD_06,PSD_Sys_Quali_Tempolimits,57,3,True,False,1.0,0.0,Unit_None,89483,0,0,0,False
vw_meb_2024.dbc,1,0x464,PSD_06,PSD_Sys_Quali_Vorfahrtsregelung,60,3,True,False,1.0,0.0,Unit_None,89483,0,0,0,False
vw_meb_2024.dbc,1,0x464,PSD_06,PSD_Sys_Quali_sonstige_Attribute,48,3,True,False,1.0,0.0,Unit_None,89483,0,0,0,False
vw_meb_2024.dbc,1,0x464,PSD_06,PSD_Sys_Quali_verfuegbar,38,1,True,False,1.0,0.0,,89483,0,0,0,False
vw_meb_2024.dbc,1,0x464,PSD_06,PSD_Sys_Segment_ID,3,6,True,False,1.0,0.0,,89483,0,0,89483,False
vw_meb_2024.dbc,1,0x464,PSD_06,PSD_Sys_US_State,27,6,True,False,1.0,0.0,,89483,0,0,0,False
vw_meb_2024.dbc,1,0x464,PSD_06,PSD_Sys_Verkehrsrichtung,18,1,True,False,1.0,0.0,,89483,0,0,0,False
vw_meb_2024.dbc,1,0x464,PSD_06,PSD_Sys_Zielfuehrung,26,1,True,False,1.0,0.0,,89483,0,0,0,False
vw_meb_2024.dbc,1,0x464,PSD_06,PSD_Sys_Zielfuehrung_geaendert,39,1,True,False,1.0,0.0,,89483,0,0,0,False
vw_meb_2024.dbc,1,0x481,MainUnit_01,DSSS_Warning,16,5,True,False,1.0,0.0,,26857,0,0,0,False
vw_meb_2024.dbc,1,0x481,MainUnit_01,MIB_Tongenerator_PH_verfuegbar,9,3,True,False,1.0,0.0,,26857,0,0,0,False
vw_meb_2024.dbc,1,0x481,MainUnit_01,MMI_Counter_Bedienevent,12,4,True,False,1.0,0.0,,26857,0,0,0,False
vw_meb_2024.dbc,1,0x481,MainUnit_01,MMI_Gauges_active,31,1,True,False,1.0,0.0,,26857,0,0,0,False
vw_meb_2024.dbc,1,0x481,MainUnit_01,MMI_Gurt_Mic_ref,28,1,True,False,1.0,0.0,,26857,0,0,0,False
vw_meb_2024.dbc,1,0x481,MainUnit_01,MMI_SDS_aktiv,23,1,True,False,1.0,0.0,,26857,0,0,0,False
vw_meb_2024.dbc,1,0x481,MainUnit_01,MMI_StartStopp_Info,46,2,True,False,1.0,0.0,,26857,0,0,0,False
vw_meb_2024.dbc,1,0x481,MainUnit_01,MMI_Telefon_aktiv,27,1,True,False,1.0,0.0,,26857,0,0,0,False
vw_meb_2024.dbc,1,0x481,MainUnit_01,MU_SecondDisplay,24,3,True,False,1.0,0.0,,26857,0,26857,0,False
vw_meb_2024.dbc,1,0x481,MainUnit_01,MU_Update_Time,32,8,True,False,0.1,0.0,Unit_Hours,26857,0,0,0,False
vw_meb_2024.dbc,1,0x481,MainUnit_01,Nav_FoD_Status,4,3,True,False,1.0,0.0,,26857,0,212,0,False
vw_meb_2024.dbc,1,0x481,MainUnit_01,ZR_Kindersicherung_RSE,21,1,True,False,1.0,0.0,,26857,0,0,0,False
vw_meb_2024.dbc,1,0x481,MainUnit_01,ZR_LAPP_Sondermodus_Status,44,2,True,False,1.0,0.0,,26857,0,0,0,False
vw_meb_2024.dbc,1,0x481,MainUnit_01,ZR_LoGeWa_Event_Kombiwarnung,0,4,True,False,1.0,0.0,,26857,0,26857,0,False
vw_meb_2024.dbc,1,0x481,MainUnit_01,ZR_MXB_Manoever_Ansage,42,2,True,False,1.0,0.0,,26857,0,0,0,False
vw_meb_2024.dbc,1,0x481,MainUnit_01,ZR_Parken_Sondermodus,48,4,True,False,1.0,0.0,,26857,0,26857,0,False
vw_meb_2024.dbc,1,0x481,MainUnit_01,ZR_RSE_aktivieren,22,1,True,False,1.0,0.0,,26857,0,0,0,False
vw_meb_2024.dbc,1,0x481,MainUnit_01,ZR_Rundenbewertung,52,4,True,False,1.0,0.0,,26857,0,0,0,False
vw_meb_2024.dbc,1,0x481,MainUnit_01,ZR_Rundenfortschritt,56,8,True,False,0.5,0.0,Unit_PerCent,26857,0,0,0,False
vw_meb_2024.dbc,1,0x481,MainUnit_01,ZR_Sta_Inszenierung,29,2,True,False,1.0,0.0,,26857,0,26857,0,False
vw_meb_2024.dbc,1,0x483,Motor_Hybrid_06,MO_Powermeter_Charge_Grenze,18,10,True,False,1.0,0.0,Unit_None,27129,0,0,0,False
vw_meb_2024.dbc,1,0x483,Motor_Hybrid_06,MO_Powermeter_Grenze_strategisch,28,12,True,False,1.0,0.0,Unit_None,27129,0,0,0,False
vw_meb_2024.dbc,1,0x483,Motor_Hybrid_06,MO_Powermeter_Inszenierung_aktiv,17,1,True,False,1.0,0.0,,27129,0,0,0,False
vw_meb_2024.dbc,1,0x483,Motor_Hybrid_06,MO_Powermeter_obere_E_Grenze,52,12,True,False,1.0,0.0,Unit_None,27129,0,27129,27129,False
vw_meb_2024.dbc,1,0x483,Motor_Hybrid_06,MO_Powermeter_untere_E_Grenze,40,12,True,False,1.0,0.0,Unit_None,27129,0,27129,27129,False
vw_meb_2024.dbc,1,0x483,Motor_Hybrid_06,MO_Text_Aktivierung_Antrieb,12,4,True,False,1.0,0.0,,27129,0,2,0,False
vw_meb_2024.dbc,1,0x483,Motor_Hybrid_06,Mo_Powermeter_Grenze,0,12,True,False,1.0,0.0,,27129,0,0,0,False
vw_meb_2024.dbc,1,0x503,HVK_01,HVK_01_BZ,8,4,True,False,1.0,0.0,,135620,0,0,0,False
vw_meb_2024.dbc,1,0x503,HVK_01,HVK_01_CRC,0,8,True,False,1.0,0.0,,135620,0,0,0,False
vw_meb_2024.dbc,1,0x503,HVK_01,HVK_AktiveEntladung_Anf,45,1,True,False,1.0,0.0,,135620,0,0,0,False
vw_meb_2024.dbc,1,0x503,HVK_01,HVK_BMS_Sollmodus,24,3,True,False,1.0,0.0,,135620,0,89,0,False
vw_meb_2024.dbc,1,0x503,HVK_01,HVK_DCDC_EKK_Sollmodus,62,2,True,False,1.0,0.0,,135620,0,0,0,False
vw_meb_2024.dbc,1,0x503,HVK_01,HVK_DCDC_Sollmodus,27,3,True,False,1.0,0.0,,135620,0,89,0,False
vw_meb_2024.dbc,1,0x503,HVK_01,HVK_EKK_Sollmodus,30,3,True,False,1.0,0.0,,135620,0,135620,0,False
vw_meb_2024.dbc,1,0x503,HVK_01,HVK_Gesamtst_Spgfreiheit,43,2,True,False,1.0,0.0,,135620,0,135620,0,False
vw_meb_2024.dbc,1,0x503,HVK_01,HVK_HVLM_Sollmodus,36,3,True,False,1.0,0.0,,135620,0,89,0,False
vw_meb_2024.dbc,1,0x503,HVK_01,HVK_HVPTC_Sollmodus,33,3,True,False,1.0,0.0,,135620,0,135620,0,False
vw_meb_2024.dbc,1,0x503,HVK_01,HVK_HV_Netz_Warnungen,39,2,True,False,1.0,0.0,,135620,0,0,0,False
vw_meb_2024.dbc,1,0x503,HVK_01,HVK_Iso_Messung_Start,50,3,True,False,1.0,0.0,,135620,0,0,0,False
vw_meb_2024.dbc,1,0x503,HVK_01,HVK_Istmodus_Anf,12,1,True,False,1.0,0.0,,135620,0,0,0,False
vw_meb_2024.dbc,1,0x503,HVK_01,HVK_MO_EmSollzustand,16,8,True,False,1.0,0.0,,135620,0,0,0,False
vw_meb_2024.dbc,1,0x503,HVK_01,HVK_TN1_Sollmodus,13,2,True,False,1.0,0.0,,135620,0,135620,0,False
vw_meb_2024.dbc,1,0x503,HVK_01,HV_Bordnetz_Fehler,42,1,True,False,1.0,0.0,,135620,0,135620,0,False
vw_meb_2024.dbc,1,0x503,HVK_01,HV_Bordnetz_aktiv,41,1,True,False,1.0,0.0,,135620,0,0,0,False
vw_meb_2024.dbc,1,0x520,Airbag_02,AB_Abschaltanf_SIH_BF,28,1,True,False,1.0,0.0,,67851,0,0,0,False
vw_meb_2024.dbc,1,0x520,Airbag_02,AB_Anforderung_USM,39,1,True,False,1.0,0.0,,67851,0,0,0,False
vw_meb_2024.dbc,1,0x520,Airbag_02,AB_Anforderung_eCall,16,1,True,False,1.0,0.0,,67851,0,0,0,False
vw_meb_2024.dbc,1,0x520,Airbag_02,AB_Anprall_FGS,19,1,True,False,1.0,0.0,,67851,0,0,0,False
vw_meb_2024.dbc,1,0x520,Airbag_02,AB_Anprall_Front_Beifahrer,20,1,True,False,1.0,0.0,,67851,0,0,0,False
vw_meb_2024.dbc,1,0x520,Airbag_02,AB_Anprall_Front_Fahrer,21,1,True,False,1.0,0.0,,67851,0,0,0,False
vw_meb_2024.dbc,1,0x520,Airbag_02,AB_Anprall_Heck_Beifahrer,22,1,True,False,1.0,0.0,,67851,0,0,0,False
vw_meb_2024.dbc,1,0x520,Airbag_02,AB_Anprall_Heck_Fahrer,23,1,True,False,1.0,0.0,,67851,0,0,0,False
vw_meb_2024.dbc,1,0x520,Airbag_02,AB_Anprall_Rollover,18,1,True,False,1.0,0.0,,67851,0,0,0,False
vw_meb_2024.dbc,1,0x520,Airbag_02,AB_Anprall_Seite_Beifahrer,17,1,True,False,1.0,0.0,,67851,0,0,0,False
vw_meb_2024.dbc,1,0x520,Airbag_02,AB_Anprall_Seite_Fahrer,29,1,True,False,1.0,0.0,,67851,0,0,0,False
vw_meb_2024.dbc,1,0x520,Airbag_02,AB_Belegung_VB,26,2,True,False,1.0,0.0,,67851,0,0,0,False
vw_meb_2024.dbc,1,0x520,Airbag_02,AB_Crashschwere,36,3,True,False,1.0,0.0,,67851,0,0,0,False
vw_meb_2024.dbc,1,0x520,Airbag_02,AB_Gurtschloss_BF,42,2,True,False,1.0,0.0,,67851,0,54,0,False
vw_meb_2024.dbc,1,0x520,Airbag_02,AB_Gurtschloss_FA,40,2,True,False,1.0,0.0,,67851,0,41,0,False
vw_meb_2024.dbc,1,0x520,Airbag_02,AB_Gurtschloss_Reihe2_BF,48,2,True,False,1.0,0.0,,67851,0,67,0,False
vw_meb_2024.dbc,1,0x520,Airbag_02,AB_Gurtschloss_Reihe2_FA,44,2,True,False,1.0,0.0,,67851,0,41,0,False
vw_meb_2024.dbc,1,0x520,Airbag_02,AB_Gurtschloss_Reihe2_MI,46,2,True,False,1.0,0.0,,67851,0,54,0,False
vw_meb_2024.dbc,1,0x520,Airbag_02,AB_Gurtschloss_Reihe3_BF,54,2,True,False,1.0,0.0,,67851,0,13,0,False
vw_meb_2024.dbc,1,0x520,Airbag_02,AB_Gurtschloss_Reihe3_FA,50,2,True,False,1.0,0.0,,67851,0,13,0,False
vw_meb_2024.dbc,1,0x520,Airbag_02,AB_Gurtschloss_Reihe3_MI,52,2,True,False,1.0,0.0,,67851,0,13,0,False
vw_meb_2024.dbc,1,0x520,Airbag_02,AB_Sitzpos_Sens_BF,58,2,True,False,1.0,0.0,,67851,0,0,0,False
vw_meb_2024.dbc,1,0x520,Airbag_02,AB_Sitzpos_Sens_FA,56,2,True,False,1.0,0.0,,67851,0,0,0,False
vw_meb_2024.dbc,1,0x520,Airbag_02,AB_Wickelklappung_Reihe2_BF,60,2,True,False,1.0,0.0,,67851,0,0,0,False
vw_meb_2024.dbc,1,0x520,Airbag_02,AB_Wickelklappung_Reihe2_FA,62,2,True,False,1.0,0.0,,67851,0,0,0,False
vw_meb_2024.dbc,1,0x520,Airbag_02,AB_Wickelklappung_Reihe2_MI,24,2,True,False,1.0,0.0,,67851,0,0,0,False
vw_meb_2024.dbc,1,0x520,Airbag_02,LoGeWa_Event_Kombiwarnung,12,4,True,False,1.0,0.0,,67851,0,67851,0,False
vw_meb_2024.dbc,1,0x520,Airbag_02,SC_PAO_OFF_Anf,34,2,True,False,1.0,0.0,,67851,0,0,0,False
vw_meb_2024.dbc,1,0x520,Airbag_02,SC_PAO_ON_Anf,32,2,True,False,1.0,0.0,,67851,0,0,0,False
vw_meb_2024.dbc,1,0x520,Airbag_02,SC_PAO_Schriftzug_Anf,30,2,True,False,1.0,0.0,,67851,0,0,0,False
vw_meb_2024.dbc,1,0x545,Airbag_04,AB_Gurtwarn_Reihe2_BF,22,2,True,False,1.0,0.0,,67810,0,0,0,False
vw_meb_2024.dbc,1,0x545,Airbag_04,AB_Gurtwarn_Reihe2_FA,20,2,True,False,1.0,0.0,,67810,0,0,0,False
vw_meb_2024.dbc,1,0x545,Airbag_04,AB_Gurtwarn_Reihe2_MI,32,2,True,False,1.0,0.0,,67810,0,0,0,False
vw_meb_2024.dbc,1,0x545,Airbag_04,AB_Gurtwarn_Reihe3_BF,38,2,True,False,1.0,0.0,,67810,0,0,0,False
vw_meb_2024.dbc,1,0x545,Airbag_04,AB_Gurtwarn_Reihe3_FA,34,2,True,False,1.0,0.0,,67810,0,0,0,False
vw_meb_2024.dbc,1,0x545,Airbag_04,AB_Gurtwarn_Reihe3_MI,36,2,True,False,1.0,0.0,,67810,0,0,0,False
vw_meb_2024.dbc,1,0x545,Airbag_04,AB_SBR_hinten_verbau,48,2,True,False,1.0,0.0,,67810,0,4067,0,False
vw_meb_2024.dbc,1,0x545,Airbag_04,AWV_Einstellung_System_ASG,51,1,True,False,1.0,0.0,,67810,0,0,0,False
vw_meb_2024.dbc,1,0x545,Airbag_04,AWV_Einstellung_Warnung_ASG,52,3,True,False,1.0,0.0,,67810,0,0,0,False
vw_meb_2024.dbc,1,0x545,Airbag_04,AbstWarn_MV_FAS_Fkt_Status,24,2,True,False,1.0,0.0,,67810,0,67810,0,False
vw_meb_2024.dbc,1,0x545,Airbag_04,LGI_FAS_Fkt_Status,40,2,True,False,1.0,0.0,,67810,0,67810,0,False
vw_meb_2024.dbc,1,0x545,Airbag_04,PreCrash_FAS_Fkt_Status,42,3,True,False,1.0,0.0,,67810,0,67810,0,False
vw_meb_2024.dbc,1,0x545,Airbag_04,SC_PreSense_Modus_System_KAS,63,1,True,False,1.0,0.0,,67810,0,0,0,False
vw_meb_2024.dbc,1,0x545,Airbag_04,SC_PreSense_Modus_System_MV,61,1,True,False,1.0,0.0,,67810,0,0,0,False
vw_meb_2024.dbc,1,0x545,Airbag_04,SC_PreSense_Modus_System_NV,62,1,True,False,1.0,0.0,,67810,0,0,0,False
vw_meb_2024.dbc,1,0x545,Airbag_04,SC_PreSense_Modus_Warnung_MV,58,3,True,False,1.0,0.0,,67810,0,0,0,False
vw_meb_2024.dbc,1,0x545,Airbag_04,SC_PreSense_Modus_Warnung_NV,55,3,True,False,1.0,0.0,,67810,0,0,0,False
vw_meb_2024.dbc,1,0x545,Airbag_04,WarnBrems_Charisma_FahrPr,28,4,True,False,1.0,0.0,,67810,0,0,0,False
vw_meb_2024.dbc,1,0x545,Airbag_04,WarnBrems_Charisma_Status,26,2,True,False,1.0,0.0,,67810,0,67810,0,False
vw_meb_2024.dbc,1,0x551,WFS_01,WFS_Betrieb_Lesespule,21,1,True,False,1.0,0.0,,67825,0,0,0,False
vw_meb_2024.dbc,1,0x551,WFS_01,WFS_ELV_authorisiert,19,1,True,False,1.0,0.0,,67825,0,0,0,False
vw_meb_2024.dbc,1,0x551,WFS_01,WFS_Fahrerhinweise,34,2,True,False,1.0,0.0,,67825,0,0,0,False
vw_meb_2024.dbc,1,0x551,WFS_01,WFS_ID_Geb_autorisiert,5,1,True,False,1.0,0.0,,67825,0,0,0,False
vw_meb_2024.dbc,1,0x551,WFS_01,WFS_ID_Geb_autorisiert_in_Kl15,6,1,True,False,1.0,0.0,,67825,0,0,0,False
vw_meb_2024.dbc,1,0x551,WFS_01,WFS_ID_Geb_steckt,7,1,True,False,1.0,0.0,,67825,0,0,0,False
vw_meb_2024.dbc,1,0x551,WFS_01,WFS_Klemmenfreigabe,22,1,True,False,1.0,0.0,,67825,0,0,0,False
vw_meb_2024.dbc,1,0x551,WFS_01,WFS_LF_Aktiv,20,1,True,False,1.0,0.0,,67825,0,0,0,False
vw_meb_2024.dbc,1,0x551,WFS_01,WFS_LZ,17,2,True,False,1.0,0.0,,67825,0,0,0,False
vw_meb_2024.dbc,1,0x551,WFS_01,WFS_Parken_Status,36,2,True,False,1.0,0.0,,67825,0,0,0,False
vw_meb_2024.dbc,1,0x551,WFS_01,WFS_Safe,16,1,True,False,1.0,0.0,,67825,0,67825,0,False
vw_meb_2024.dbc,1,0x551,WFS_01,WFS_Schluessel_Fahrberecht,0,4,True,False,1.0,0.0,,67825,0,0,0,False
vw_meb_2024.dbc,1,0x551,WFS_01,WFS_Schluessel_Ist,12,4,True,False,1.0,0.0,,67825,0,0,0,False
vw_meb_2024.dbc,1,0x551,WFS_01,WFS_Schluessel_Soll,8,4,True,False,1.0,0.0,,67825,0,0,0,False
vw_meb_2024.dbc,1,0x569,MEB_HVEM_03,NEW_SIGNAL_1,1,2,True,False,1.0,0.0,,28600,0,0,0,False
vw_meb_2024.dbc,1,0x569,MEB_HVEM_03,NEW_SIGNAL_10,3,1,False,False,1.0,0.0,,28600,0,0,0,False
vw_meb_2024.dbc,1,0x569,MEB_HVEM_03,NEW_SIGNAL_11,35,1,False,False,1.0,0.0,,28600,0,0,0,False
vw_meb_2024.dbc,1,0x569,MEB_HVEM_03,NEW_SIGNAL_12,0,1,False,False,1.0,0.0,,28600,0,0,0,False
vw_meb_2024.dbc,1,0x569,MEB_HVEM_03,NEW_SIGNAL_13,32,1,False,False,1.0,0.0,,28600,0,0,0,False
vw_meb_2024.dbc,1,0x569,MEB_HVEM_03,NEW_SIGNAL_2,4,2,True,False,1.0,0.0,,28600,0,0,0,False
vw_meb_2024.dbc,1,0x569,MEB_HVEM_03,NEW_SIGNAL_3,25,2,True,False,1.0,0.0,,28600,0,0,0,False
vw_meb_2024.dbc,1,0x569,MEB_HVEM_03,NEW_SIGNAL_4,33,2,True,False,1.0,0.0,,28600,0,0,0,False
vw_meb_2024.dbc,1,0x569,MEB_HVEM_03,NEW_SIGNAL_5,36,2,True,False,1.0,0.0,,28600,0,0,0,False
vw_meb_2024.dbc,1,0x569,MEB_HVEM_03,NEW_SIGNAL_6,38,1,False,False,1.0,0.0,,28600,0,0,0,False
vw_meb_2024.dbc,1,0x569,MEB_HVEM_03,NEW_SIGNAL_9,61,2,True,False,1.0,0.0,,28600,0,0,0,False
vw_meb_2024.dbc,1,0x569,MEB_HVEM_03,PTC_ON,7,1,False,False,1.0,0.0,,28600,0,0,0,False
vw_meb_2024.dbc,1,0x569,MEB_HVEM_03,PTC_ein_02,39,1,False,False,1.0,0.0,,28600,0,0,0,False
vw_meb_2024.dbc,1,0x569,MEB_HVEM_03,PTC_ein_03,57,1,False,False,1.0,0.0,,28600,0,0,0,False
vw_meb_2024.dbc,1,0x569,MEB_HVEM_03,PTC_ein_04,59,1,False,False,1.0,0.0,,28600,0,0,0,False
vw_meb_2024.dbc,1,0x583,ZV_02,BCM_FH_Freigabe,12,1,True,False,1.0,0.0,,68115,0,0,0,False
vw_meb_2024.dbc,1,0x583,ZV_02,BCM_HSK_Freigabe,14,1,True,False,1.0,0.0,,68115,0,0,0,False
vw_meb_2024.dbc,1,0x583,ZV_02,BCM_Komfortfkt_Freigabe,13,1,True,False,1.0,0.0,,68115,0,0,0,False
vw_meb_2024.dbc,1,0x583,ZV_02,BCM_Tankklappensteller_Fehler,61,1,True,False,1.0,0.0,,68115,0,68115,0,False
vw_meb_2024.dbc,1,0x583,ZV_02,BCM_Verdeck_Freigabe,15,1,True,False,1.0,0.0,,68115,0,0,0,False
vw_meb_2024.dbc,1,0x583,ZV_02,DWA_aktiv,31,1,True,False,1.0,0.0,,68115,0,0,0,False
vw_meb_2024.dbc,1,0x583,ZV_02,FBS_Warn_Schluessel_Batt,47,1,True,False,1.0,0.0,,68115,0,0,0,False
vw_meb_2024.dbc,1,0x583,ZV_02,FFB_CarFinder,38,1,True,False,1.0,0.0,,68115,0,0,0,False
vw_meb_2024.dbc,1,0x583,ZV_02,FFB_Komfortoeffnen,39,1,True,False,1.0,0.0,,68115,0,0,0,False
vw_meb_2024.dbc,1,0x583,ZV_02,FFB_Komfortschliessen,40,1,True,False,1.0,0.0,,68115,0,0,0,False
vw_meb_2024.dbc,1,0x583,ZV_02,HBFS_gesafet,53,1,True,False,1.0,0.0,,68115,0,0,0,False
vw_meb_2024.dbc,1,0x583,ZV_02,HBFS_verriegelt,52,1,True,False,1.0,0.0,,68115,0,0,0,False
vw_meb_2024.dbc,1,0x583,ZV_02,HD_Hauptraste,32,1,True,False,1.0,0.0,,68115,0,0,0,False
vw_meb_2024.dbc,1,0x583,ZV_02,HD_Vorraste,33,1,True,False,1.0,0.0,,68115,0,0,0,False
vw_meb_2024.dbc,1,0x583,ZV_02,HFS_gesafet,51,1,True,False,1.0,0.0,,68115,0,0,0,False
vw_meb_2024.dbc,1,0x583,ZV_02,HFS_verriegelt,50,1,True,False,1.0,0.0,,68115,0,0,0,False
vw_meb_2024.dbc,1,0x583,ZV_02,IRUE_Taster_Fkts_LED,55,1,True,False,1.0,0.0,,68115,0,0,0,False
vw_meb_2024.dbc,1,0x583,ZV_02,IRUE_aktiv,30,1,True,False,1.0,0.0,,68115,0,0,0,False
vw_meb_2024.dbc,1,0x583,ZV_02,ZV_BT_offen,25,1,True,False,1.0,0.0,,68115,0,0,0,False
vw_meb_2024.dbc,1,0x583,ZV_02,ZV_Einzeltuerentriegelung,22,1,True,False,1.0,0.0,,68115,0,0,0,False
vw_meb_2024.dbc,1,0x583,ZV_02,ZV_FT_offen,24,1,True,False,1.0,0.0,,68115,0,0,0,False
vw_meb_2024.dbc,1,0x583,ZV_02,ZV_HBFS_offen,27,1,True,False,1.0,0.0,,68115,0,0,0,False
vw_meb_2024.dbc,1,0x583,ZV_02,ZV_HD_offen,28,1,True,False,1.0,0.0,,68115,0,0,0,False
vw_meb_2024.dbc,1,0x583,ZV_02,ZV_HFS_offen,26,1,True,False,1.0,0.0,,68115,0,0,0,False
vw_meb_2024.dbc,1,0x583,ZV_02,ZV_HS_offen,29,1,True,False,1.0,0.0,,68115,0,0,0,False
vw_meb_2024.dbc,1,0x583,ZV_02,ZV_Heckeinzelentriegelung,23,1,True,False,1.0,0.0,,68115,0,0,0,False
vw_meb_2024.dbc,1,0x583,ZV_02,ZV_Oeffnungsmodus,48,2,True,False,1.0,0.0,,68115,0,0,0,False
vw_meb_2024.dbc,1,0x583,ZV_02,ZV_Rollo_auf,57,1,True,False,1.0,0.0,,68115,0,0,0,False
vw_meb_2024.dbc,1,0x583,ZV_02,ZV_Rollo_zu,58,1,True,False,1.0,0.0,,68115,0,0,0,False
vw_meb_2024.dbc,1,0x583,ZV_02,ZV_SAD_auf,59,1,True,False,1.0,0.0,,68115,0,0,0,False
vw_meb_2024.dbc,1,0x583,ZV_02,ZV_SAD_zu,60,1,True,False,1.0,0.0,,68115,0,0,0,False
vw_meb_2024.dbc,1,0x583,ZV_02,ZV_SafeFunktion_aktiv,46,1,True,False,1.0,0.0,,68115,0,0,0,False
vw_meb_2024.dbc,1,0x583,ZV_02,ZV_Schluessel_Zugang,42,4,True,False,1.0,0.0,,68115,0,0,0,False
vw_meb_2024.dbc,1,0x583,ZV_02,ZV_Tankklappe_offen,56,1,True,False,1.0,0.0,,68115,0,0,0,False
vw_meb_2024.dbc,1,0x583,ZV_02,ZV_gesafet_extern_ist,20,1,True,False,1.0,0.0,,68115,0,0,0,False
vw_meb_2024.dbc,1,0x583,ZV_02,ZV_gesafet_extern_soll,21,1,True,False,1.0,0.0,,68115,0,0,0,False
vw_meb_2024.dbc,1,0x583,ZV_02,ZV_ist_Zustand_verfuegbar,54,1,True,False,1.0,0.0,,68115,0,0,0,False
vw_meb_2024.dbc,1,0x583,ZV_02,ZV_verriegelt_extern_ist,17,1,True,False,1.0,0.0,,68115,0,0,0,False
vw_meb_2024.dbc,1,0x583,ZV_02,ZV_verriegelt_extern_soll,19,1,True,False,1.0,0.0,,68115,0,0,0,False
vw_meb_2024.dbc,1,0x583,ZV_02,ZV_verriegelt_intern_ist,16,1,True,False,1.0,0.0,,68115,0,0,0,False
vw_meb_2024.dbc,1,0x583,ZV_02,ZV_verriegelt_intern_soll,18,1,True,False,1.0,0.0,,68115,0,0,0,False
vw_meb_2024.dbc,1,0x583,ZV_02,ZV_verriegelt_soll,62,2,True,False,1.0,0.0,,68115,0,0,0,False
vw_meb_2024.dbc,1,0x585,Systeminfo_01,GW_KD_Fehler,13,1,True,False,1.0,0.0,,16651,0,16651,0,False
vw_meb_2024.dbc,1,0x585,Systeminfo_01,SI_BUS_01,16,1,True,False,1.0,0.0,,16651,0,0,0,False
vw_meb_2024.dbc,1,0x585,Systeminfo_01,SI_BUS_02,17,1,True,False,1.0,0.0,,16651,0,0,0,False
vw_meb_2024.dbc,1,0x585,Systeminfo_01,SI_BUS_03,18,1,True,False,1.0,0.0,,16651,0,0,0,False
vw_meb_2024.dbc,1,0x585,Systeminfo_01,SI_BUS_04,19,1,True,False,1.0,0.0,,16651,0,0,0,False
vw_meb_2024.dbc,1,0x585,Systeminfo_01,SI_BUS_05,20,1,True,False,1.0,0.0,,16651,0,0,0,False
vw_meb_2024.dbc,1,0x585,Systeminfo_01,SI_BUS_06,21,1,True,False,1.0,0.0,,16651,0,0,0,False
vw_meb_2024.dbc,1,0x585,Systeminfo_01,SI_BUS_07,22,1,True,False,1.0,0.0,,16651,0,0,0,False
vw_meb_2024.dbc,1,0x585,Systeminfo_01,SI_BUS_08,23,1,True,False,1.0,0.0,,16651,0,0,0,False
vw_meb_2024.dbc,1,0x585,Systeminfo_01,SI_BUS_09,24,1,True,False,1.0,0.0,,16651,0,0,0,False
vw_meb_2024.dbc,1,0x585,Systeminfo_01,SI_BUS_10,25,1,True,False,1.0,0.0,,16651,0,0,0,False
vw_meb_2024.dbc,1,0x585,Systeminfo_01,SI_BUS_11,26,1,True,False,1.0,0.0,,16651,0,0,0,False
vw_meb_2024.dbc,1,0x585,Systeminfo_01,SI_BUS_12,27,1,True,False,1.0,0.0,,16651,0,0,0,False
vw_meb_2024.dbc,1,0x585,Systeminfo_01,SI_BUS_13,28,1,True,False,1.0,0.0,,16651,0,0,0,False
vw_meb_2024.dbc,1,0x585,Systeminfo_01,SI_BUS_14,29,1,True,False,1.0,0.0,,16651,0,0,0,False
vw_meb_2024.dbc,1,0x585,Systeminfo_01,SI_BUS_15,30,1,True,False,1.0,0.0,,16651,0,0,0,False
vw_meb_2024.dbc,1,0x585,Systeminfo_01,SI_Bus_Identifikation,32,8,True,False,1.0,0.0,,16651,0,0,0,False
vw_meb_2024.dbc,1,0x585,Systeminfo_01,SI_CAB,40,24,True,False,1.0,0.0,,16651,0,0,0,False
vw_meb_2024.dbc,1,0x585,Systeminfo_01,SI_Diagnose_Aktiv,7,1,True,False,1.0,0.0,,16651,0,0,0,False
vw_meb_2024.dbc,1,0x585,Systeminfo_01,SI_NWDF,10,1,True,False,1.0,0.0,,16651,0,0,0,False
vw_meb_2024.dbc,1,0x585,Systeminfo_01,SI_NWDF_gueltig,11,1,True,False,1.0,0.0,,16651,0,0,0,False
vw_meb_2024.dbc,1,0x585,Systeminfo_01,SI_QRS_Mode,8,1,True,False,1.0,0.0,,16651,0,0,0,False
vw_meb_2024.dbc,1,0x585,Systeminfo_01,SI_Sammel_SG_Fehler,0,6,True,False,1.0,0.0,,16651,0,0,940,False
vw_meb_2024.dbc,1,0x585,Systeminfo_01,SI_Sammelfehler,12,1,True,False,1.0,0.0,,16651,0,16651,0,False
vw_meb_2024.dbc,1,0x585,Systeminfo_01,SI_T_Mode,9,1,True,False,1.0,0.0,,16651,0,0,0,False
vw_meb_2024.dbc,1,0x585,Systeminfo_01,SI_T_Schutz,14,1,True,False,1.0,0.0,,16651,0,0,0,False
vw_meb_2024.dbc,1,0x58c,Klemmen_Steuerung_01,KST_Anf_Klemmenfreigabe_ELV,18,1,True,False,1.0,0.0,,13624,0,0,0,False
vw_meb_2024.dbc,1,0x58c,Klemmen_Steuerung_01,KST_Anf_ZV_Verriegelung,24,1,True,False,1.0,0.0,,13624,0,0,0,False
vw_meb_2024.dbc,1,0x58c,Klemmen_Steuerung_01,KST_Txt_Komfortabschaltung,19,1,True,False,1.0,0.0,,13624,0,0,0,False
vw_meb_2024.dbc,1,0x58c,Klemmen_Steuerung_01,KST_Txt_P_Gang,16,1,True,False,1.0,0.0,,13624,0,0,0,False
vw_meb_2024.dbc,1,0x58c,Klemmen_Steuerung_01,KST_Txt_Panikabschaltung,17,1,True,False,1.0,0.0,,13624,0,0,0,False
vw_meb_2024.dbc,1,0x58c,Klemmen_Steuerung_01,KST_Unterdr_Zuendungsmeldung,21,1,True,False,1.0,0.0,,13624,0,0,0,False
vw_meb_2024.dbc,1,0x58c,Klemmen_Steuerung_01,KST_ZAT_betaetigt,20,1,True,False,1.0,0.0,,13624,0,0,0,False
vw_meb_2024.dbc,1,0x58c,Klemmen_Steuerung_01,KST_aut_Abschaltung_Zuendung,22,1,True,False,1.0,0.0,,13624,0,0,0,False
vw_meb_2024.dbc,1,0x58c,Klemmen_Steuerung_01,Klemmen_Steuerung_01_BZ,8,4,True,False,1.0,0.0,,13624,0,0,0,False
vw_meb_2024.dbc,1,0x58c,Klemmen_Steuerung_01,Klemmen_Steuerung_01_CRC,0,8,True,False,1.0,0.0,,13624,0,0,0,False
vw_meb_2024.dbc,1,0x58c,Klemmen_Steuerung_01,RSt_Anforderung_HMS,26,3,True,False,1.0,0.0,,13624,0,0,0,False
vw_meb_2024.dbc,1,0x58c,Klemmen_Steuerung_01,Relais_VoKo_angesteuert,25,1,True,False,1.0,0.0,,13624,0,0,0,False
vw_meb_2024.dbc,1,0x5a2,BMS_04,BMS_04_BZ,8,4,True,False,1.0,0.0,,27078,0,0,0,False
vw_meb_2024.dbc,1,0x5a2,BMS_04,BMS_04_CRC,0,8,True,False,1.0,0.0,,27078,0,0,0,False
vw_meb_2024.dbc,1,0x5a2,BMS_04,BMS_Fehlerstatus,20,3,True,False,1.0,0.0,,27078,0,0,0,False
vw_meb_2024.dbc,1,0x5a2,BMS_04,BMS_IstModus,17,3,True,False,1.0,0.0,,27078,0,0,0,False
vw_meb_2024.dbc,1,0x5a2,BMS_04,BMS_Kapazitaet_02,23,11,True,False,0.2,0.0,Unit_AmperHour,27078,0,22,22,False
vw_meb_2024.dbc,1,0x5a2,BMS_04,BMS_OBD_Lampe_Anf,16,1,True,False,1.0,0.0,,27078,0,0,0,False
vw_meb_2024.dbc,1,0x5a2,BMS_04,BMS_Soll_SOC_HiRes,53,11,True,False,0.05,0.0,Unit_PerCent,27078,0,0,0,False
vw_meb_2024.dbc,1,0x5a2,BMS_04,BMS_Status_ServiceDisconnect,13,1,True,False,1.0,0.0,,27078,0,0,0,False
vw_meb_2024.dbc,1,0x5a2,BMS_04,BMS_Status_Spgfreiheit,14,2,True,False,1.0,0.0,,27078,0,11,0,False
vw_meb_2024.dbc,1,0x5ac,HVEM_02,HVEM_Energie_Klima_Vorgabe,43,8,True,False,50.0,0.0,Unit_WattHour,135587,0,469,469,False
vw_meb_2024.dbc,1,0x5ac,HVEM_02,HVEM_Energie_Klima_Vorgabe_HighR,12,3,True,False,10.0,0.0,Unit_WattHour,135587,0,0,0,False
vw_meb_2024.dbc,1,0x5ac,HVEM_02,HVEM_IstLeistungNA,15,9,True,False,50.0,0.0,Unit_Watt,135587,0,0,0,False
vw_meb_2024.dbc,1,0x5ac,HVEM_02,HVEM_IstStrom_HVVerbraucher,0,12,True,False,0.1,-204.7,Unit_Amper,135587,0,135587,135587,False
vw_meb_2024.dbc,1,0x5ac,HVEM_02,HVEM_Leistung_Klima_Vorgabe,24,8,True,False,50.0,0.0,Unit_Watt,135587,0,0,0,False
vw_meb_2024.dbc,1,0x5ac,HVEM_02,HVEM_MO_MaxLeistungIgnoriert,63,1,True,False,1.0,0.0,,135587,0,0,0,False
vw_meb_2024.dbc,1,0x5ac,HVEM_02,HVEM_Nutzbare_Energie,32,11,True,False,50.0,0.0,Unit_WattHour,135587,0,446,446,True
vw_meb_2024.dbc,1,0x5cd,DCDC_03,DCDC_03_BZ,8,4,True,False,1.0,0.0,,27169,0,0,0,False
vw_meb_2024.dbc,1,0x5cd,DCDC_03,DCDC_03_CRC,0,8,True,False,1.0,0.0,,27169,0,0,0,False
vw_meb_2024.dbc,1,0x5cd,DCDC_03,DC_Abregelung_Temperatur,20,1,True,False,1.0,0.0,,27169,0,0,0,False
vw_meb_2024.dbc,1,0x5cd,DCDC_03,DC_Fehlerstatus,16,3,True,False,1.0,0.0,,27169,0,0,0,False
vw_meb_2024.dbc,1,0x5cd,DCDC_03,DC_HV_EKK_IstModus,28,3,True,False,1.0,0.0,,27169,0,0,0,False
vw_meb_2024.dbc,1,0x5cd,DCDC_03,DC_IstModus_02,21,3,True,False,1.0,0.0,,27169,0,0,0,False
vw_meb_2024.dbc,1,0x5cd,DCDC_03,DC_IstSpannung_EKK_HV,48,8,True,False,2.0,0.0,Unit_Volt,27169,0,0,0,False
vw_meb_2024.dbc,1,0x5cd,DCDC_03,DC_Peakstrom_verfuegbar,19,1,True,False,1.0,0.0,,27169,0,0,0,False
vw_meb_2024.dbc,1,0x5cd,DCDC_03,DC_Status_Spgfreiheit_HV,46,2,True,False,1.0,0.0,,27169,0,27169,0,False
vw_meb_2024.dbc,1,0x5cd,DCDC_03,DC_Temperatur,56,8,True,False,1.0,-40.0,Unit_DegreCelsi,27169,0,14,14,False
vw_meb_2024.dbc,1,0x5e1,Klima_Sensor_02,BCM1_Aussen_Temp_ungef,0,8,True,False,0.5,-50.0,Unit_DegreCelsi,61810,0,1,1,False
vw_meb_2024.dbc,1,0x5e1,Klima_Sensor_02,BCM1_FStatus_Aussentemp_ungef,31,1,True,False,1.0,0.0,,61810,0,0,0,False
vw_meb_2024.dbc,1,0x5e1,Klima_Sensor_02,BCM1_Kompressorstrom_ist,32,8,True,False,4.0,0.0,Unit_MilliAmper,61810,0,61810,61810,False
vw_meb_2024.dbc,1,0x5e1,Klima_Sensor_02,BCM1_OBD_FStatus_ATemp,44,4,True,False,1.0,0.0,,61810,0,61810,0,False
vw_meb_2024.dbc,1,0x5e1,Klima_Sensor_02,BCM1_PTC_stufig_Status,28,3,True,False,1.0,0.0,,61810,0,61810,0,False
vw_meb_2024.dbc,1,0x5e1,Klima_Sensor_02,BCM_Heizungsabsperrventil_Status,8,2,True,False,1.0,0.0,,61810,0,61810,0,False
vw_meb_2024.dbc,1,0x5e1,Klima_Sensor_02,BCM_Heizungspumpe_Status,10,2,True,False,1.0,0.0,,61810,0,61810,0,False
vw_meb_2024.dbc,1,0x5e1,Klima_Sensor_02,BCM_Kompressorkupplung_Status,12,2,True,False,1.0,0.0,,61810,0,61810,0,False
vw_meb_2024.dbc,1,0x5e9,Klima_Sensor_04,AAU_Geblaese,24,7,True,False,1.0,0.0,Unit_PerCent,67612,0,67612,67612,False
vw_meb_2024.dbc,1,0x5e9,Klima_Sensor_04,DS_Kaeltemittel_P,8,11,True,False,0.0161,0.0,Unit_Bar,67612,0,67612,67612,False
vw_meb_2024.dbc,1,0x5e9,Klima_Sensor_04,DS_Status,19,2,True,False,1.0,0.0,,67612,0,11,0,False
vw_meb_2024.dbc,1,0x5e9,Klima_Sensor_04,ION_Status,21,2,True,False,1.0,0.0,,67612,0,67612,0,False
vw_meb_2024.dbc,1,0x5e9,Klima_Sensor_04,ION_Status_LED,23,1,True,False,1.0,0.0,,67612,0,0,0,False
vw_meb_2024.dbc,1,0x5e9,Klima_Sensor_04,ION_Status_Taster,31,1,True,False,1.0,0.0,,67612,0,0,0,False
vw_meb_2024.dbc,1,0x5f0,Dimmung_01,DI_Display_Nachtdesign,15,1,True,False,1.0,0.0,,67820,0,0,0,False
vw_meb_2024.dbc,1,0x5f0,Dimmung_01,DI_Fotosensor,24,16,True,False,1.0,0.0,,67820,0,0,0,False
vw_meb_2024.dbc,1,0x5f0,Dimmung_01,DI_KL_58xd,0,8,True,False,1.0,0.0,,67820,0,7,7,False
vw_meb_2024.dbc,1,0x5f0,Dimmung_01,DI_KL_58xs,8,7,True,False,1.0,0.0,Unit_PerCent,67820,0,7,7,False
vw_meb_2024.dbc,1,0x5f0,Dimmung_01,DI_KL_58xt,16,7,True,False,1.0,0.0,Unit_PerCent,67820,0,7,7,False
vw_meb_2024.dbc,1,0x640,Motor_07,MO_Absperrventil_oeffnen,6,2,True,False,1.0,0.0,,27108,0,0,0,False
vw_meb_2024.dbc,1,0x640,Motor_07,MO_Ansaugluft_Temp,8,8,True,False,0.75,-48.0,Unit_DegreCelsi,27108,0,27108,27108,False
vw_meb_2024.dbc,1,0x640,Motor_07,MO_Getriebe_kuehlen,47,1,True,False,1.0,0.0,,27108,0,0,0,False
vw_meb_2024.dbc,1,0x640,Motor_07,MO_HYB_Fehler_HV_Netz,4,1,True,False,1.0,0.0,,27108,0,0,0,False
vw_meb_2024.dbc,1,0x640,Motor_07,MO_Heizungspumpenansteuerung,53,4,True,False,10.0,0.0,Unit_PerCent,27108,0,27108,27108,False
vw_meb_2024.dbc,1,0x640,Motor_07,MO_Hoeheninfo,32,8,True,False,0.00781,0.0,,27108,0,0,0,False
vw_meb_2024.dbc,1,0x640,Motor_07,MO_Kennfeldk,40,1,True,False,1.0,0.0,,27108,0,0,0,False
vw_meb_2024.dbc,1,0x640,Motor_07,MO_Kuehlmittel_Temp,24,8,True,False,0.75,-48.0,Unit_DegreCelsi,27108,0,27108,27108,False
vw_meb_2024.dbc,1,0x640,Motor_07,MO_Mom_Traegheit_02,48,5,True,False,0.01,0.0,Unit_KiloGramMeterSquar,27108,0,0,0,False
vw_meb_2024.dbc,1,0x640,Motor_07,MO_Nachlaufzeit_Heizungspumpe,58,6,True,False,15.0,0.0,Unit_Secon,27108,0,0,0,False
vw_meb_2024.dbc,1,0x640,Motor_07,MO_Oel_Temp,16,8,True,False,1.0,-60.0,Unit_DegreCelsi,27108,0,27108,27108,False
vw_meb_2024.dbc,1,0x640,Motor_07,MO_QBit_Ansaugluft_Temp,0,1,True,False,1.0,0.0,,27108,0,27108,0,False
vw_meb_2024.dbc,1,0x640,Motor_07,MO_QBit_Kuehlmittel_Temp,2,1,True,False,1.0,0.0,,27108,0,27108,0,False
vw_meb_2024.dbc,1,0x640,Motor_07,MO_QBit_Oel_Temp,1,1,True,False,1.0,0.0,,27108,0,27108,0,False
vw_meb_2024.dbc,1,0x640,Motor_07,MO_SpannungsAnf,57,1,True,False,1.0,0.0,,27108,0,0,0,False
vw_meb_2024.dbc,1,0x640,Motor_07,MO_Stellgliedtest_Soundaktuator,3,1,True,False,1.0,0.0,,27108,0,0,0,False
vw_meb_2024.dbc,1,0x640,Motor_07,MO_Versionsinfo,41,6,True,False,1.0,0.0,,27108,0,0,0,False
vw_meb_2024.dbc,1,0x640,Motor_07,MO_aktives_Getriebeheizen,5,1,True,False,1.0,0.0,,27108,0,0,0,False
vw_meb_2024.dbc,1,0x641,Motor_Code_01,MO_Abgastyp_EOBD,57,1,True,False,1.0,0.0,,13550,0,0,0,False
vw_meb_2024.dbc,1,0x641,Motor_Code_01,MO_Abgastyp_OBD,58,1,True,False,1.0,0.0,,13550,0,0,0,False
vw_meb_2024.dbc,1,0x641,Motor_Code_01,MO_Ansaugsystem,47,1,True,False,1.0,0.0,,13550,0,0,0,False
vw_meb_2024.dbc,1,0x641,Motor_Code_01,MO_Anzahl_Zyl,32,4,True,False,1.0,0.0,,13550,0,0,0,False
vw_meb_2024.dbc,1,0x641,Motor_Code_01,MO_Code,16,8,True,False,1.0,0.0,,13550,0,0,0,False
vw_meb_2024.dbc,1,0x641,Motor_Code_01,MO_DPF_verbaut,59,1,True,False,1.0,0.0,,13550,0,0,0,False
vw_meb_2024.dbc,1,0x641,Motor_Code_01,MO_Einspritzart,63,1,True,False,1.0,0.0,,13550,0,0,0,False
vw_meb_2024.dbc,1,0x641,Motor_Code_01,MO_Faktor_Momente_02,12,2,True,False,1.0,0.0,,13550,0,0,0,False
vw_meb_2024.dbc,1,0x641,Motor_Code_01,MO_Getriebe_Code,24,6,True,False,1.0,0.0,,13550,0,13550,0,False
vw_meb_2024.dbc,1,0x641,Motor_Code_01,MO_Hubraum,40,7,True,False,0.1,0.0,Unit_Liter,13550,0,0,0,False
vw_meb_2024.dbc,1,0x641,Motor_Code_01,MO_Hybridfahrzeug,14,2,True,False,1.0,0.0,,13550,0,0,0,False
vw_meb_2024.dbc,1,0x641,Motor_Code_01,MO_Kraftstoffart,36,4,True,False,1.0,0.0,,13550,0,0,0,False
vw_meb_2024.dbc,1,0x641,Motor_Code_01,MO_Leistung,48,9,True,False,1.0,0.0,Unit_KiloWatt,13550,0,0,0,False
vw_meb_2024.dbc,1,0x641,Motor_Code_01,MO_StartStopp_Codiert,30,1,True,False,1.0,0.0,,13550,0,0,0,False
vw_meb_2024.dbc,1,0x641,Motor_Code_01,Motor_Code_01_BZ,8,4,True,False,1.0,0.0,,13550,0,0,0,False
vw_meb_2024.dbc,1,0x641,Motor_Code_01,Motor_Code_01_CRC,0,8,True,False,1.0,0.0,,13550,0,0,0,False
vw_meb_2024.dbc,1,0x641,Motor_Code_01,TSK_Codierung,60,3,True,False,1.0,0.0,,13550,0,0,0,False
vw_meb_2024.dbc,1,0x643,Einheiten_01,KBI_Einheit_Datum,0,2,True,False,1.0,0.0,,13544,0,0,0,False
vw_meb_2024.dbc,1,0x643,Einheiten_01,KBI_Einheit_Druck,2,2,True,False,1.0,0.0,,13544,0,0,0,False
vw_meb_2024.dbc,1,0x643,Einheiten_01,KBI_Einheit_Masse,28,2,True,False,1.0,0.0,,13544,0,0,0,False
vw_meb_2024.dbc,1,0x643,Einheiten_01,KBI_Einheit_Sprache,16,8,True,False,1.0,0.0,,13544,0,0,0,False
vw_meb_2024.dbc,1,0x643,Einheiten_01,KBI_Einheit_Streckenanz,4,1,True,False,1.0,0.0,,13544,0,0,0,False
vw_meb_2024.dbc,1,0x643,Einheiten_01,KBI_Einheit_Temp,6,1,True,False,1.0,0.0,,13544,0,0,0,False
vw_meb_2024.dbc,1,0x643,Einheiten_01,KBI_Einheit_Uhrzeit,7,1,True,False,1.0,0.0,,13544,0,0,0,False
vw_meb_2024.dbc,1,0x643,Einheiten_01,KBI_Einheit_Verbrauch,8,2,True,False,1.0,0.0,,13544,0,0,0,False
vw_meb_2024.dbc,1,0x643,Einheiten_01,KBI_Einheit_Verbrauch_Gas,24,4,True,False,1.0,0.0,,13544,0,0,0,False
vw_meb_2024.dbc,1,0x643,Einheiten_01,KBI_Einheit_Verbrauch_elektr,12,3,True,False,1.0,0.0,,13544,0,0,0,False
vw_meb_2024.dbc,1,0x643,Einheiten_01,KBI_Einheit_Volumen,10,2,True,False,1.0,0.0,,13544,0,0,0,False
vw_meb_2024.dbc,1,0x643,Einheiten_01,KBI_MFA_v_Einheit_02,5,1,True,False,1.0,0.0,,13544,0,0,0,False
vw_meb_2024.dbc,1,0x65d,ESP_20,BR_QBit_Reifenumfang,51,1,True,False,1.0,0.0,,12847,0,0,0,False
vw_meb_2024.dbc,1,0x65d,ESP_20,BR_Reifenumfang,52,12,True,False,1.0,0.0,Unit_MilliMeter,12847,0,0,0,False
vw_meb_2024.dbc,1,0x65d,ESP_20,BR_Systemart,12,2,True,False,1.0,0.0,,12847,0,0,0,False
vw_meb_2024.dbc,1,0x65d,ESP_20,ESP_20_BZ,8,4,True,False,1.0,0.0,,12847,0,0,0,False
vw_meb_2024.dbc,1,0x65d,ESP_20,ESP_20_CRC,0,8,True,False,1.0,0.0,,12847,0,0,0,False
vw_meb_2024.dbc,1,0x65d,ESP_20,ESP_Charisma_FahrPr,24,4,True,False,1.0,0.0,,12847,0,0,0,False
vw_meb_2024.dbc,1,0x65d,ESP_20,ESP_Charisma_Status,28,2,True,False,1.0,0.0,,12847,0,1592,0,False
vw_meb_2024.dbc,1,0x65d,ESP_20,ESP_Dachrelingsensor,42,2,True,False,1.0,0.0,,12847,0,0,0,False
vw_meb_2024.dbc,1,0x65d,ESP_20,ESP_SpannungsAnf_02,14,2,True,False,1.0,0.0,,12847,0,0,0,False
vw_meb_2024.dbc,1,0x65d,ESP_20,ESP_Stoppverbot_Anz_01,34,1,True,False,1.0,0.0,,12847,0,0,0,False
vw_meb_2024.dbc,1,0x65d,ESP_20,ESP_Stoppverbot_Anz_02,35,1,True,False,1.0,0.0,,12847,0,0,0,False
vw_meb_2024.dbc,1,0x65d,ESP_20,ESP_Stoppverbot_Anz_03,36,1,True,False,1.0,0.0,,12847,0,0,0,False
vw_meb_2024.dbc,1,0x65d,ESP_20,ESP_Stoppverbot_Anz_04,37,1,True,False,1.0,0.0,,12847,0,0,0,False
vw_meb_2024.dbc,1,0x65d,ESP_20,ESP_Stoppverbot_Anz_05,38,1,True,False,1.0,0.0,,12847,0,0,0,False
vw_meb_2024.dbc,1,0x65d,ESP_20,ESP_Stoppverbot_Anz_06,39,1,True,False,1.0,0.0,,12847,0,0,0,False
vw_meb_2024.dbc,1,0x65d,ESP_20,ESP_Stoppverbot_Anz_07,40,1,True,False,1.0,0.0,,12847,0,0,0,False
vw_meb_2024.dbc,1,0x65d,ESP_20,ESP_Stoppverbot_Anz_08,44,1,True,False,1.0,0.0,,12847,0,0,0,False
vw_meb_2024.dbc,1,0x65d,ESP_20,ESP_Stoppverbot_Anz_Std,41,1,True,False,1.0,0.0,,12847,0,0,0,False
vw_meb_2024.dbc,1,0x65d,ESP_20,ESP_Wiederstart_Anz_01,30,1,True,False,1.0,0.0,,12847,0,0,0,False
vw_meb_2024.dbc,1,0x65d,ESP_20,ESP_Wiederstart_Anz_02,31,1,True,False,1.0,0.0,,12847,0,0,0,False
vw_meb_2024.dbc,1,0x65d,ESP_20,ESP_Wiederstart_Anz_03,32,1,True,False,1.0,0.0,,12847,0,0,0,False
vw_meb_2024.dbc,1,0x65d,ESP_20,ESP_Wiederstart_Anz_04,33,1,True,False,1.0,0.0,,12847,0,0,0,False
vw_meb_2024.dbc,1,0x65d,ESP_20,ESP_Zaehnezahl,16,8,True,False,1.0,0.0,,12847,0,0,0,False
vw_meb_2024.dbc,1,0x65d,ESP_20,HDC_Charisma_FahrPr,45,4,True,False,1.0,0.0,,12847,0,0,0,False
vw_meb_2024.dbc,1,0x65d,ESP_20,HDC_Charisma_Status,49,2,True,False,1.0,0.0,,12847,0,12847,0,False
vw_meb_2024.dbc,1,0x65f,Motor_16,MO_Anzeige_Kaltleuchte,30,1,True,False,1.0,0.0,,27108,0,0,0,False
vw_meb_2024.dbc,1,0x65f,Motor_16,MO_DPF_reg,16,1,True,False,1.0,0.0,,27108,0,0,0,False
vw_meb_2024.dbc,1,0x65f,Motor_16,MO_Energieinhalt_BMS,36,12,True,False,25.0,0.0,Unit_WattHour,27108,0,88,88,True
vw_meb_2024.dbc,1,0x65f,Motor_16,MO_Heizstrom_EKAT,17,7,True,False,1.0,0.0,Unit_Amper,27108,0,0,0,False
vw_meb_2024.dbc,1,0x65f,Motor_16,MO_Heizstrom_SCR,24,6,True,False,1.0,0.0,Unit_Amper,27108,0,0,0,False
vw_meb_2024.dbc,1,0x65f,Motor_16,MO_P_Generator_ungefiltert_Anf,31,1,True,False,1.0,0.0,,27108,0,0,0,False
vw_meb_2024.dbc,1,0x65f,Motor_16,MO_SpannungsAnf_02,14,2,True,False,1.0,0.0,,27108,0,0,0,False
vw_meb_2024.dbc,1,0x65f,Motor_16,TSK_Fahrzeugmasse_02,48,8,True,False,32.0,0.0,Unit_KiloGram,27108,0,0,0,False
vw_meb_2024.dbc,1,0x65f,Motor_16,TSK_Getriebeinfo,34,2,True,False,1.0,0.0,,27108,0,0,0,False
vw_meb_2024.dbc,1,0x65f,Motor_16,TSK_Grundmasse,0,8,True,False,32.0,0.0,Unit_KiloGram,27108,0,0,0,False
vw_meb_2024.dbc,1,0x65f,Motor_16,TSK_QBit_Fahrzeugmasse,13,1,True,False,1.0,0.0,,27108,0,7004,0,False
vw_meb_2024.dbc,1,0x65f,Motor_16,TSK_QBit_Steigung,12,1,True,False,1.0,0.0,,27108,0,4584,0,False
vw_meb_2024.dbc,1,0x65f,Motor_16,TSK_Steigung_02,56,8,True,False,0.8,-101.6,Unit_PerCent,27108,0,4583,4583,False
vw_meb_2024.dbc,1,0x670,Motor_18,MO1_Freigabe_Info_WFS,12,1,True,False,1.0,0.0,,27108,0,0,0,False
vw_meb_2024.dbc,1,0x670,Motor_18,MO1_Freigabe_Verfallsinfo_WFS,42,1,True,False,1.0,0.0,,27108,0,0,0,False
vw_meb_2024.dbc,1,0x670,Motor_18,MO1_Sperr_Info_WFS,11,1,True,False,1.0,0.0,,27108,0,0,0,False
vw_meb_2024.dbc,1,0x670,Motor_18,MO_ANC_Kennfeld_Anf,6,2,True,False,1.0,0.0,,27108,0,0,0,False
vw_meb_2024.dbc,1,0x670,Motor_18,MO_Abstellzeit,32,8,True,False,8.0,0.0,Unit_Minut,27108,0,27108,27108,False
vw_meb_2024.dbc,1,0x670,Motor_18,MO_Abstellzeit_Status,40,2,True,False,1.0,0.0,,27108,0,0,0,False
vw_meb_2024.dbc,1,0x670,Motor_18,MO_Anzahl_Abgesch_Zyl,47,3,True,False,1.0,0.0,,27108,0,0,0,False
vw_meb_2024.dbc,1,0x670,Motor_18,MO_Bremslicht_Reku,8,1,True,False,1.0,0.0,,27108,0,0,0,False
vw_meb_2024.dbc,1,0x670,Motor_18,MO_Drehzahl_Warnung,55,1,True,False,1.0,0.0,,27108,0,0,0,False
vw_meb_2024.dbc,1,0x670,Motor_18,MO_EPCL,13,3,True,False,1.0,0.0,,27108,0,0,0,False
vw_meb_2024.dbc,1,0x670,Motor_18,MO_Ethanol_BS_Texte,52,3,True,False,1.0,0.0,,27108,0,0,0,False
vw_meb_2024.dbc,1,0x670,Motor_18,MO_Fahrzeugtyp,20,3,True,False,1.0,0.0,,27108,0,0,0,False
vw_meb_2024.dbc,1,0x670,Motor_18,MO_Fehler_Zylabsch,45,2,True,False,1.0,0.0,,27108,0,27108,0,False
vw_meb_2024.dbc,1,0x670,Motor_18,MO_Hybrid_StartStopp_LED,43,2,True,False,1.0,0.0,,27108,0,0,0,False
vw_meb_2024.dbc,1,0x670,Motor_18,MO_NMAX_Schaltanzeige,23,9,True,False,25.0,0.0,Unit_MinutInver,27108,0,0,0,False
vw_meb_2024.dbc,1,0x670,Motor_18,MO_StartStopp_PopUp,9,2,True,False,1.0,0.0,,27108,0,27108,0,False
vw_meb_2024.dbc,1,0x670,Motor_18,MO_Zylabsch_Texte,50,2,True,False,1.0,0.0,,27108,0,0,0,False
vw_meb_2024.dbc,1,0x670,Motor_18,MO_Zylabsch_Texte_02,16,4,True,False,1.0,0.0,,27108,0,0,0,False
vw_meb_2024.dbc,1,0x670,Motor_18,MO_max_Ladedruck,0,6,True,False,0.1,0.0,Unit_Bar,27108,0,0,0,False
vw_meb_2024.dbc,1,0x670,Motor_18,MO_obere_Drehzahlgrenze,56,8,True,False,50.0,0.0,Unit_MinutInver,27108,0,27108,27108,False
vw_meb_2024.dbc,1,0x6b2,Diagnose_01,DGN_Verlernzaehler,0,8,True,False,1.0,0.0,,13558,0,0,0,False
vw_meb_2024.dbc,1,0x6b2,Diagnose_01,KBI_Kilometerstand,8,20,True,False,1.0,0.0,Unit_KiloMeter,13558,0,0,2,True
vw_meb_2024.dbc,1,0x6b2,Diagnose_01,Kombi_02_alt,62,1,True,False,1.0,0.0,,13558,0,0,0,False
vw_meb_2024.dbc,1,0x6b2,Diagnose_01,UH_Jahr,28,7,True,False,1.0,2000.0,Unit_Year,13558,0,0,0,False
vw_meb_2024.dbc,1,0x6b2,Diagnose_01,UH_Minute,49,6,True,False,1.0,0.0,Unit_Minut,13558,0,0,0,False
vw_meb_2024.dbc,1,0x6b2,Diagnose_01,UH_Monat,35,4,True,False,1.0,0.0,Unit_Month,13558,0,0,0,False
vw_meb_2024.dbc,1,0x6b2,Diagnose_01,UH_Sekunde,55,6,True,False,1.0,0.0,Unit_Secon,13558,0,0,0,False
vw_meb_2024.dbc,1,0x6b2,Diagnose_01,UH_Stunde,44,5,True,False,1.0,0.0,Unit_Hours,13558,0,0,0,False
vw_meb_2024.dbc,1,0x6b2,Diagnose_01,UH_Tag,39,5,True,False,1.0,0.0,Unit_Day,13558,0,0,0,False
vw_meb_2024.dbc,1,0x6b2,Diagnose_01,Uhrzeit_01_alt,63,1,True,False,1.0,0.0,,13558,0,0,0,False
vw_meb_2024.dbc,1,0x6b4,VIN_01,KS_Geheimnis_1,8,8,True,False,1.0,0.0,,33895,0,0,0,False
vw_meb_2024.dbc,1,0x6b4,VIN_01,KS_Geheimnis_2,16,8,True,False,1.0,0.0,,33895,0,0,0,False
vw_meb_2024.dbc,1,0x6b4,VIN_01,KS_Geheimnis_3,24,8,True,False,1.0,0.0,,33895,0,0,0,False
vw_meb_2024.dbc,1,0x6b4,VIN_01,KS_Geheimnis_4,32,8,True,False,1.0,0.0,,33895,0,0,0,False
vw_meb_2024.dbc,1,0x6b4,VIN_01,VIN_01_MUX,0,2,True,False,1.0,0.0,,67794,0,0,0,False
vw_meb_2024.dbc,1,0x6b4,VIN_01,VIN_1,40,8,True,False,1.0,0.0,,33895,0,0,0,False
vw_meb_2024.dbc,1,0x6b4,VIN_01,VIN_10,56,8,True,False,1.0,0.0,,16949,0,0,0,False
vw_meb_2024.dbc,1,0x6b4,VIN_01,VIN_11,8,8,True,False,1.0,0.0,,16950,0,0,0,False
vw_meb_2024.dbc,1,0x6b4,VIN_01,VIN_12,16,8,True,False,1.0,0.0,,16950,0,0,0,False
vw_meb_2024.dbc,1,0x6b4,VIN_01,VIN_13,24,8,True,False,1.0,0.0,,16950,0,0,0,False
vw_meb_2024.dbc,1,0x6b4,VIN_01,VIN_14,32,8,True,False,1.0,0.0,,16950,0,0,0,False
vw_meb_2024.dbc,1,0x6b4,VIN_01,VIN_15,40,8,True,False,1.0,0.0,,16950,0,0,0,False
vw_meb_2024.dbc,1,0x6b4,VIN_01,VIN_16,48,8,True,False,1.0,0.0,,16950,0,0,0,False
vw_meb_2024.dbc,1,0x6b4,VIN_01,VIN_17,56,8,True,False,1.0,0.0,,16950,0,0,0,False
vw_meb_2024.dbc,1,0x6b4,VIN_01,VIN_2,48,8,True,False,1.0,0.0,,33895,0,0,0,False
vw_meb_2024.dbc,1,0x6b4,VIN_01,VIN_3,56,8,True,False,1.0,0.0,,33895,0,0,0,False
vw_meb_2024.dbc,1,0x6b4,VIN_01,VIN_4,8,8,True,False,1.0,0.0,,16949,0,0,0,False
vw_meb_2024.dbc,1,0x6b4,VIN_01,VIN_5,16,8,True,False,1.0,0.0,,16949,0,0,0,False
vw_meb_2024.dbc,1,0x6b4,VIN_01,VIN_6,24,8,True,False,1.0,0.0,,16949,0,0,0,False
vw_meb_2024.dbc,1,0x6b4,VIN_01,VIN_7,32,8,True,False,1.0,0.0,,16949,0,0,0,False
vw_meb_2024.dbc,1,0x6b4,VIN_01,VIN_8,40,8,True,False,1.0,0.0,,16949,0,0,0,False
vw_meb_2024.dbc,1,0x6b4,VIN_01,VIN_9,48,8,True,False,1.0,0.0,,16949,0,0,0,False
vw_meb_2024.dbc,1,0x86,LWI_01,CHECKSUM,0,8,True,False,1.0,0.0,,2568788,0,0,0,False
vw_meb_2024.dbc,1,0x86,LWI_01,COUNTER,8,4,True,False,1.0,0.0,,2568788,0,0,0,False
vw_meb_2024.dbc,1,0x86,LWI_01,LWI_Lenkradw_Geschw,31,9,True,False,5.0,0.0,Unit_DegreOfArcPerSecon,2568788,0,0,0,False
vw_meb_2024.dbc,1,0x86,LWI_01,LWI_Lenkradwinkel,16,13,True,False,0.0843,0.0,Unit_DegreOfArc,2568788,0,0,0,True
vw_meb_2024.dbc,1,0x86,LWI_01,LWI_MFL_Abschaltung,14,1,True,False,1.0,0.0,,2568788,0,0,0,False
vw_meb_2024.dbc,1,0x86,LWI_01,LWI_QBit_Lenkradwinkel,15,1,True,False,1.0,0.0,,2568788,0,0,0,False
vw_meb_2024.dbc,1,0x86,LWI_01,LWI_QBit_Sub_Daten,13,1,True,False,1.0,0.0,,2568788,0,0,0,False
vw_meb_2024.dbc,1,0x86,LWI_01,LWI_Sensorstatus,12,1,True,False,1.0,0.0,,2568788,0,0,0,False
vw_meb_2024.dbc,1,0x86,LWI_01,LWI_Sub_Daten,40,16,True,False,1.0,0.0,,2568788,0,0,0,False
vw_meb_2024.dbc,1,0x86,LWI_01,LWI_VZ_Lenkradw_Geschw,30,1,True,False,1.0,0.0,,2568788,0,0,0,False
vw_meb_2024.dbc,1,0x86,LWI_01,LWI_VZ_Lenkradwinkel,29,1,True,False,1.0,0.0,,2568788,0,0,0,False
vw_meb_2024.dbc,1,0xa7,Motor_11,MO_Mom_Ist_Summe,22,10,True,False,1.0,-509.0,Unit_NewtoMeter,1355702,0,0,0,True
vw_meb_2024.dbc,1,0xa7,Motor_11,MO_Mom_Schub,52,9,True,False,1.0,-509.0,Unit_NewtoMeter,1355702,0,0,0,False
vw_meb_2024.dbc,1,0xa7,Motor_11,MO_Mom_Soll_Roh,12,10,True,False,1.0,-509.0,Unit_NewtoMeter,1355702,0,0,0,True
vw_meb_2024.dbc,1,0xa7,Motor_11,MO_Mom_Soll_gefiltert,42,10,True,False,1.0,-509.0,Unit_NewtoMeter,1355702,0,0,0,True
vw_meb_2024.dbc,1,0xa7,Motor_11,MO_Mom_Traegheit_Summe,32,10,True,False,1.0,-509.0,Unit_NewtoMeter,1355702,0,0,0,False
vw_meb_2024.dbc,1,0xa7,Motor_11,MO_QBit_Motormomente,63,1,True,False,1.0,0.0,,1355702,0,0,0,False
vw_meb_2024.dbc,1,0xa7,Motor_11,MO_Status_Normalbetrieb_01,61,1,True,False,1.0,0.0,,1355702,0,0,0,False
vw_meb_2024.dbc,1,0xa7,Motor_11,MO_erste_Ungenauschwelle,62,1,True,False,1.0,0.0,,1355702,0,0,0,False
vw_meb_2024.dbc,1,0xa7,Motor_11,Motor_11_BZ,8,4,True,False,1.0,0.0,,1355702,0,0,0,False
vw_meb_2024.dbc,1,0xa7,Motor_11,Motor_11_CRC,0,8,True,False,1.0,0.0,,1355702,0,0,0,False
vw_meb_2024.dbc,1,0xa8,Motor_12,MO_Drehzahl_01,48,16,True,False,0.25,0.0,Unit_MinutInver,1355702,0,0,0,False
vw_meb_2024.dbc,1,0xa8,Motor_12,MO_Mom_Begr_dyn,30,10,True,False,1.0,-509.0,Unit_NewtoMeter,1355702,0,1355702,1355702,False
vw_meb_2024.dbc,1,0xa8,Motor_12,MO_Mom_Begr_stat,21,9,True,False,1.0,0.0,Unit_NewtoMeter,1355702,0,0,0,False
vw_meb_2024.dbc,1,0xa8,Motor_12,MO_Mom_neg_verfuegbar,12,9,True,False,1.0,-509.0,Unit_NewtoMeter,1355702,0,0,0,False
vw_meb_2024.dbc,1,0xa8,Motor_12,MO_Momentenintegral_02,40,7,True,False,1.0,0.0,Unit_PerCent,1355702,0,0,0,False
vw_meb_2024.dbc,1,0xa8,Motor_12,MO_QBit_Drehzahl_01,47,1,True,False,1.0,0.0,,1355702,0,0,0,False
vw_meb_2024.dbc,1,0xa8,Motor_12,Motor_12_BZ,8,4,True,False,1.0,0.0,,1355702,0,0,0,False
vw_meb_2024.dbc,1,0xa8,Motor_12,Motor_12_CRC,0,8,True,False,1.0,0.0,,1355702,0,0,0,False
vw_meb_2024.dbc,1,0xad,Getriebe_11,CHECKSUM,0,8,True,False,1.0,0.0,,1355702,0,0,0,False
vw_meb_2024.dbc,1,0xad,Getriebe_11,COUNTER,8,4,True,False,1.0,0.0,,1355702,0,0,0,False
vw_meb_2024.dbc,1,0xad,Getriebe_11,GE_Fahrstufe,42,4,True,False,1.0,0.0,,1355702,0,726,0,False
vw_meb_2024.dbc,1,0xad,Getriebe_11,GE_Freig_MMom_Vorhalt,58,1,True,False,1.0,0.0,,1355702,0,0,0,False
vw_meb_2024.dbc,1,0xad,Getriebe_11,GE_MMom_Soll_02,12,10,True,False,1.0,-509.0,,1355702,0,0,0,False
vw_meb_2024.dbc,1,0xad,Getriebe_11,GE_MMom_Status,56,2,True,False,1.0,0.0,,1355702,0,0,0,False
vw_meb_2024.dbc,1,0xad,Getriebe_11,GE_MMom_Status_02,50,3,True,False,1.0,0.0,,1355702,0,0,0,False
vw_meb_2024.dbc,1,0xad,Getriebe_11,GE_MMom_Vorhalt_02,22,10,True,False,1.0,-509.0,,1355702,0,0,0,False
vw_meb_2024.dbc,1,0xad,Getriebe_11,GE_Schaltablauf,47,2,True,False,1.0,0.0,,1355702,0,0,0,False
vw_meb_2024.dbc,1,0xad,Getriebe_11,GE_Status_Kraftschluss,53,3,True,False,1.0,0.0,,1355702,0,0,0,False
vw_meb_2024.dbc,1,0xad,Getriebe_11,GE_Uefkt,32,10,True,False,0.1,0.0,,1355702,0,0,0,False
vw_meb_2024.dbc,1,0xad,Getriebe_11,GE_Uefkt_unplausibel,49,1,True,False,1.0,0.0,,1355702,0,0,0,False
vw_meb_2024.dbc,1,0xad,Getriebe_11,GE_Verbot_Ausblendung,59,1,True,False,1.0,0.0,,1355702,0,0,0,False
vw_meb_2024.dbc,1,0xad,Getriebe_11,GE_Zielgang,60,4,True,False,1.0,0.0,,1355702,0,0,0,False
vw_meb_2024.dbc,1,0xad,Getriebe_11,GE_reserv_Fahrstufe,46,1,True,False,1.0,0.0,,1355702,0,0,0,False
vw_meb_2024.dbc,1,0xb8,EM1_HYB_13,EM1_AR_aktiv,14,1,True,False,1.0,0.0,,27119,0,27119,0,False
vw_meb_2024.dbc,1,0xb8,EM1_HYB_13,EM1_Abregelung_Temperatur,36,1,True,False,1.0,0.0,,27119,0,27119,0,False
vw_meb_2024.dbc,1,0xb8,EM1_HYB_13,EM1_AnlernenElMotor_Anf,43,1,True,False,1.0,0.0,,27119,0,0,0,False
vw_meb_2024.dbc,1,0xb8,EM1_HYB_13,EM1_Eta_Sys,15,9,True,False,0.2,0.0,Unit_PerCent,27119,0,13,13,False
vw_meb_2024.dbc,1,0xb8,EM1_HYB_13,EM1_Fehler_ElAntriebFreilauf_Anf,35,1,True,False,1.0,0.0,,27119,0,27119,0,False
vw_meb_2024.dbc,1,0xb8,EM1_HYB_13,EM1_Freigabe_Info_WFS,12,1,True,False,1.0,0.0,,27119,0,0,0,False
vw_meb_2024.dbc,1,0xb8,EM1_HYB_13,EM1_Freigabe_Verfallsinfo_WFS,55,1,True,False,1.0,0.0,,27119,0,0,0,False
vw_meb_2024.dbc,1,0xb8,EM1_HYB_13,EM1_HV_betriebsbereit,58,1,True,False,1.0,0.0,,27119,0,27119,0,False
vw_meb_2024.dbc,1,0xb8,EM1_HYB_13,EM1_IstStrom,24,11,True,False,1.0,-1023.0,Unit_Amper,27119,0,13,13,False
vw_meb_2024.dbc,1,0xb8,EM1_HYB_13,EM1_Moment_HVVerbraucher,44,10,True,False,1.0,-511.0,Unit_NewtoMeter,27119,0,13,13,False
vw_meb_2024.dbc,1,0xb8,EM1_HYB_13,EM1_Parken_WFS_Status,56,2,True,False,1.0,0.0,,27119,0,0,0,False
vw_meb_2024.dbc,1,0xb8,EM1_HYB_13,EM1_Sperr_Info_WFS,13,1,True,False,1.0,0.0,,27119,0,0,0,False
vw_meb_2024.dbc,1,0xbe,MEB_HVEM_01,Battery_Voltage,113,13,True,False,0.065,0.0,V,1355646,0,0,1355646,False
vw_meb_2024.dbc,1,0xbe,MEB_HVEM_01,CNT,8,4,True,False,1.0,0.0,,1355646,0,0,0,False
vw_meb_2024.dbc,1,0xbe,MEB_HVEM_01,CRC,0,8,True,False,1.0,0.0,,1355646,0,0,0,False
vw_meb_2024.dbc,1,0xbe,MEB_HVEM_01,Engine_Power,56,12,True,False,0.5,-1023.0,kW,1355646,0,0,226900,True
vw_meb_2024.dbc,1,0xbe,MEB_HVEM_01,Engine_RPM_Max,12,14,True,False,2.0,-9658.0,RPM,1355646,0,0,1241389,True
vw_meb_2024.dbc,1,0xbe,MEB_HVEM_01,Engine_RPM_Min,26,14,True,False,2.0,-10300.0,RPM,1355646,0,0,1195711,True
vw_meb_2024.dbc,1,0xbe,MEB_HVEM_01,Engine_Status,296,2,True,False,1.0,0.0,,1355646,0,0,0,False
vw_meb_2024.dbc,1,0xbe,MEB_HVEM_01,In_Motion,68,1,True,False,1.0,0.0,,1355646,0,0,0,False
vw_meb_2024.dbc,1,0xbe,MEB_HVEM_01,In_Motion_02,54,1,False,False,1.0,0.0,,1355646,0,0,0,False
vw_meb_2024.dbc,1,0xbe,MEB_HVEM_01,In_Motion_03,52,1,False,False,1.0,0.0,,1355646,0,0,0,False
vw_meb_2024.dbc,1,0xbe,MEB_HVEM_01,In_Motion_04,48,3,True,False,1.0,0.0,,1355646,0,0,0,False
vw_meb_2024.dbc,1,0xbe,MEB_HVEM_01,Inactive,300,1,False,False,1.0,0.0,,1355646,0,0,0,False
vw_meb_2024.dbc,1,0xbe,MEB_HVEM_01,Inactive_02,303,1,False,False,1.0,0.0,,1355646,0,0,0,False
vw_meb_2024.dbc,1,0xbe,MEB_HVEM_01,Standstill,71,1,False,False,1.0,0.0,,1355646,0,0,0,False
vw_meb_2024.dbc,1,0xbe,MEB_HVEM_01,Unknown_01,100,9,True,False,1.0,0.0,,1355646,0,0,1353936,False
vw_meb_2024.dbc,1,0xbe,MEB_HVEM_01,Unknown_04,72,10,True,False,1.0,0.0,,1355646,0,0,1291461,True
vw_meb_2024.dbc,1,0xbe,MEB_HVEM_01,Voltage,86,12,True,False,0.24,0.0,V,1355646,0,0,1355646,True
vw_meb_2024.dbc,1,0xc0,EM1_01,Schubbetrieb,79,1,False,False,1.0,0.0,,1355709,0,0,0,False
vw_meb_2024.dbc,1,0xdb,AWV_03,AEB_Active,65,1,True,False,1.0,0.0,,11666,0,0,0,False
vw_meb_2024.dbc,1,0xdb,AWV_03,Accel_SET_ME_1023,66,10,True,False,1.0,0.0,,11666,0,0,0,False
vw_meb_2024.dbc,1,0xdb,AWV_03,Active,64,1,True,False,1.0,0.0,,11666,0,0,0,False
vw_meb_2024.dbc,1,0xdb,AWV_03,CHECKSUM,0,8,True,False,1.0,0.0,,11666,0,0,0,False
vw_meb_2024.dbc,1,0xdb,AWV_03,COUNTER,8,4,True,False,1.0,0.0,,11666,0,0,0,False
vw_meb_2024.dbc,1,0xdb,AWV_03,FCW_Active,76,1,True,False,1.0,0.0,,11666,0,0,0,False
vw_meb_2024.dbc,1,0xdb,AWV_03,SET_ME_126,17,7,True,False,1.0,0.0,,11666,0,0,0,False
vw_meb_2024.dbc,1,0xdb,AWV_03,SET_ME_15,100,4,True,False,1.0,0.0,,11666,0,0,0,False
vw_meb_2024.dbc,1,0xdb,AWV_03,SET_ME_2,128,4,True,False,1.0,0.0,,11666,0,0,0,False
vw_meb_2024.dbc,1,0xdb,AWV_03,SET_ME_30,27,5,True,False,1.0,0.0,,11666,0,0,0,False
vw_meb_2024.dbc,1,0xdb,AWV_03,Speed_SET_ME_254,40,8,True,False,1.0,0.0,,11666,0,0,0,False
vw_meb_2024.dbc,1,0xdb,AWV_03,Timer_2_SET_ME_255,80,8,True,False,1.0,0.0,,11666,0,0,0,False
vw_meb_2024.dbc,1,0xdb,AWV_03,Timer_3_SET_ME_126,93,7,True,False,1.0,0.0,,11666,0,0,0,False
vw_meb_2024.dbc,1,0xdb,AWV_03,Timer_SET_ME_254,32,8,True,False,1.0,0.0,,11666,0,0,0,False
vw_meb_2024.dbc,1,0xdb,AWV_03,Unknown_1,12,1,True,False,1.0,0.0,,11666,0,0,0,False
vw_meb_2024.dbc,1,0xdb,AWV_03,Unknown_2,13,3,True,False,1.0,0.0,,11666,0,0,0,False
vw_meb_2024.dbc,1,0xdb,AWV_03,Unknown_3,25,2,True,False,1.0,0.0,,11666,0,0,0,False
vw_meb_2024.dbc,1,0xf7,MEB_HVEM_02,CNT,8,4,True,False,1.0,0.0,,1352287,0,0,0,False
vw_meb_2024.dbc,1,0xf7,MEB_HVEM_02,CRC,0,8,True,False,1.0,0.0,,1352287,0,0,0,False
vw_meb_2024.dbc,1,0xf7,MEB_HVEM_02,NEW_SIGNAL_2,54,7,True,False,1.0,0.0,,1352287,0,0,1352287,False
vw_meb_2024.dbc,1,0xf7,MEB_HVEM_02,NEW_SIGNAL_3,44,10,True,False,1.0,0.0,,1352287,0,0,1352287,False
vw_meb_2024.dbc,1,0xfc,ESC_51,AEB_Breaking_01,24,8,True,False,1.0,0.0,,1284619,1284619,0,0,False
vw_meb_2024.dbc,1,0xfc,ESC_51,AEB_Breaking_02,32,8,True,False,1.0,0.0,,1284619,1284619,0,0,False
vw_meb_2024.dbc,1,0xfc,ESC_51,Accelerator_Higher_Speed,40,1,False,False,1.0,0.0,,1284619,1284619,0,0,False
vw_meb_2024.dbc,1,0xfc,ESC_51,Brake_Pressure,42,9,True,False,0.195,0.0,Unit_Percent,1284619,1284619,0,0,False
vw_meb_2024.dbc,1,0xfc,ESC_51,CHECKSUM,0,8,True,False,1.0,0.0,,1284619,1284619,0,0,False
vw_meb_2024.dbc,1,0xfc,ESC_51,COUNTER,8,4,True,False,1.0,0.0,,1284619,1284619,0,0,False
vw_meb_2024.dbc,1,0xfc,ESC_51,ESC_v_Signal,328,13,True,False,0.052,-107.016,,1284619,1284619,0,1087878,True
vw_meb_2024.dbc,1,0xfc,ESC_51,HL_Brake_Pressure,152,8,True,False,1.0,0.0,,1284619,1284619,0,120,False
vw_meb_2024.dbc,1,0xfc,ESC_51,HL_Radgeschw,64,16,True,False,0.0075,0.0,Unit_KilometerPerHour,1284619,1284619,0,0,True
vw_meb_2024.dbc,1,0xfc,ESC_51,HR_Brake_Pressure,160,8,True,False,1.0,0.0,,1284619,1284619,0,120,False
vw_meb_2024.dbc,1,0xfc,ESC_51,HR_Radgeschw,80,16,True,False,0.0075,0.0,Unit_KilometerPerHour,1284619,1284619,0,0,True
vw_meb_2024.dbc,1,0xfc,ESC_51,NEW_SIGNAL_1,52,8,True,False,1.0,0.0,,1284619,1284619,0,1284416,False
vw_meb_2024.dbc,1,0xfc,ESC_51,NEW_SIGNAL_2,14,6,True,False,1.0,0.0,,1284619,1284619,0,30951,False
vw_meb_2024.dbc,1,0xfc,ESC_51,NEW_SIGNAL_3,128,4,True,False,1.0,0.0,,1284619,1284619,0,0,False
vw_meb_2024.dbc,1,0xfc,ESC_51,NEW_SIGNAL_4,342,13,True,False,1.0,0.0,,1284619,1284619,0,1283479,True
vw_meb_2024.dbc,1,0xfc,ESC_51,Steering_Wheel_CCW,192,8,True,False,1.67,0.0,,1284619,1284619,0,5133,False
vw_meb_2024.dbc,1,0xfc,ESC_51,Steering_Wheel_CW,184,8,True,False,1.67,0.0,,1284619,1284619,0,2295,False
vw_meb_2024.dbc,1,0xfc,ESC_51,VL_Brake_Pressure,168,8,True,False,1.0,0.0,,1284619,1284619,0,120,False
vw_meb_2024.dbc,1,0xfc,ESC_51,VL_Radgeschw,96,16,True,False,0.0075,0.0,Unit_KilometerPerHour,1284619,1284619,0,0,True
vw_meb_2024.dbc,1,0xfc,ESC_51,VR_Brake_Pressure,176,8,True,False,1.0,0.0,,1284619,1284619,0,120,False
vw_meb_2024.dbc,1,0xfc,ESC_51,VR_Radgeschw,112,16,True,False,0.0075,0.0,Unit_KilometerPerHour,1284619,1284619,0,0,True
vw_meb_2024.dbc,1,0xfd,ESP_21,ABS_Bremsung,56,1,True,False,1.0,0.0,,642316,0,0,0,False
vw_meb_2024.dbc,1,0xfd,ESP_21,ASR_Anf,57,1,True,False,1.0,0.0,,642316,0,0,0,False
vw_meb_2024.dbc,1,0xfd,ESP_21,ASR_Schalteingriff,51,2,True,False,1.0,0.0,,642316,0,0,0,False
vw_meb_2024.dbc,1,0xfd,ESP_21,ASR_Tastung_passiv,48,1,True,False,1.0,0.0,,642316,0,0,0,False
vw_meb_2024.dbc,1,0xfd,ESP_21,BR_Eingriffsmoment,12,10,True,False,1.0,-509.0,,642316,0,0,0,False
vw_meb_2024.dbc,1,0xfd,ESP_21,CHECKSUM,0,8,True,False,1.0,0.0,,642316,0,0,0,False
vw_meb_2024.dbc,1,0xfd,ESP_21,COUNTER,8,4,True,False,1.0,0.0,,642316,0,0,0,False
vw_meb_2024.dbc,1,0xfd,ESP_21,EBV_Eingriff,59,1,True,False,1.0,0.0,,642316,0,0,0,False
vw_meb_2024.dbc,1,0xfd,ESP_21,EDS_Eingriff,60,1,True,False,1.0,0.0,,642316,0,0,0,False
vw_meb_2024.dbc,1,0xfd,ESP_21,ESC_Neutralschaltung,63,1,True,False,1.0,0.0,,642316,0,0,0,False
vw_meb_2024.dbc,1,0xfd,ESP_21,ESC_v_Signal_Qualifier_High_Low,24,3,True,False,1.0,0.0,,642316,0,0,0,False
vw_meb_2024.dbc,1,0xfd,ESP_21,ESP_ASP,62,1,True,False,1.0,0.0,,642316,0,0,0,False
vw_meb_2024.dbc,1,0xfd,ESP_21,ESP_Diagnose,23,1,True,False,1.0,0.0,,642316,0,0,0,False
vw_meb_2024.dbc,1,0xfd,ESP_21,ESP_Eingriff,61,1,True,False,1.0,0.0,,642316,0,0,0,False
vw_meb_2024.dbc,1,0xfd,ESP_21,ESP_QBit_v_Signal,55,1,True,False,1.0,0.0,,642316,0,30,0,False
vw_meb_2024.dbc,1,0xfd,ESP_21,ESP_Systemstatus,50,1,True,False,1.0,0.0,,642316,0,0,0,False
vw_meb_2024.dbc,1,0xfd,ESP_21,ESP_Tastung_passiv,49,1,True,False,1.0,0.0,,642316,0,0,0,False
vw_meb_2024.dbc,1,0xfd,ESP_21,ESP_Vorsteuerung,28,1,True,False,1.0,0.0,,642316,0,0,0,False
vw_meb_2024.dbc,1,0xfd,ESP_21,ESP_v_Signal,32,16,True,False,0.01,0.0,Unit_KiloMeterPerHour,642316,0,30,30,True
vw_meb_2024.dbc,1,0xfd,ESP_21,MSR_Anf,58,1,True,False,1.0,0.0,,642316,0,0,0,False
vw_meb_2024.dbc,1,0xfd,ESP_21,OBD_QBit_Schlechtweg,31,1,True,False,1.0,0.0,,642316,0,642316,0,False
vw_meb_2024.dbc,1,0xfd,ESP_21,OBD_Schlechtweg,30,1,True,False,1.0,0.0,,642316,0,0,0,False
vw_meb_2024.dbc,2,0x102,ESC_50,Brake_01,90,1,False,False,1.0,0.0,,1572,0,0,0,False
vw_meb_2024.dbc,2,0x102,ESC_50,Brake_02,125,1,False,False,1.0,0.0,,1572,0,0,0,False
vw_meb_2024.dbc,2,0x102,ESC_50,Brake_Power,80,8,True,False,1.0,-100.0,,1572,0,0,18,False
vw_meb_2024.dbc,2,0x102,ESC_50,Brake_Power_02,226,8,True,False,1.0,-100.0,,1572,0,0,421,False
vw_meb_2024.dbc,2,0x102,ESC_50,CHECKSUM,0,8,True,False,1.0,0.0,,1572,0,0,0,False
vw_meb_2024.dbc,2,0x102,ESC_50,COUNTER,8,4,True,False,1.0,0.0,,1572,0,0,0,False
vw_meb_2024.dbc,2,0x102,ESC_50,EPB_Status,317,3,True,False,1.0,0.0,,1572,0,0,0,False
vw_meb_2024.dbc,2,0x102,ESC_50,Lateral_Accel,16,8,True,False,0.15,-18.9,Unit_MeterPerSquareSecond,1572,0,0,392,False
vw_meb_2024.dbc,2,0x102,ESC_50,Longitudinal_Accel,24,10,True,False,0.03125,-16.0,Unit_MeterPerSquareSecond,1572,0,0,1175,False
vw_meb_2024.dbc,2,0x102,ESC_50,Longitudinal_Speed,181,10,True,False,0.25,0.0,Unit_KilometerPerHour,1572,0,0,0,False
vw_meb_2024.dbc,2,0x102,ESC_50,Motion_State,171,2,False,False,1.0,0.0,,1572,0,0,1572,False
vw_meb_2024.dbc,2,0x102,ESC_50,NEW_SIGNAL_1,248,4,True,False,1.0,0.0,,1572,0,0,0,False
vw_meb_2024.dbc,2,0x102,ESC_50,NEW_SIGNAL_2,236,9,True,False,1.0,0.0,,1572,0,0,1572,False
vw_meb_2024.dbc,2,0x102,ESC_50,NEW_SIGNAL_3,180,1,False,False,1.0,0.0,,1572,0,0,0,False
vw_meb_2024.dbc,2,0x102,ESC_50,Regen_Braking,123,1,True,False,1.0,0.0,,1572,0,0,0,False
vw_meb_2024.dbc,2,0x102,ESC_50,Yaw_Rate,40,14,True,False,0.01,0.0,Unit_DegreePerSecond,1572,0,0,0,False
vw_meb_2024.dbc,2,0x102,ESC_50,Yaw_Rate_Sign,54,1,False,False,1.0,0.0,,1572,0,0,0,False
vw_meb_2024.dbc,2,0x105,VMM_01,Brake,53,7,True,False,1.0,0.0,,1573,0,0,1573,False
vw_meb_2024.dbc,2,0x105,VMM_01,CNT,8,4,True,False,1.0,0.0,,1573,0,0,0,False
vw_meb_2024.dbc,2,0x105,VMM_01,CRC,0,8,True,False,1.0,0.0,,1573,0,0,0,False
vw_meb_2024.dbc,2,0x105,VMM_01,NEW_SIGNAL_1,40,2,True,False,1.0,0.0,,1573,0,0,0,False
vw_meb_2024.dbc,2,0x105,VMM_01,NEW_SIGNAL_3,32,1,False,False,1.0,0.0,,1573,0,0,0,False
vw_meb_2024.dbc,2,0x105,VMM_01,NEW_SIGNAL_4,20,1,False,False,1.0,0.0,,1573,0,0,0,False
vw_meb_2024.dbc,2,0x105,VMM_01,NEW_SIGNAL_5,13,1,False,False,1.0,0.0,,1573,0,0,0,False
vw_meb_2024.dbc,2,0x10b,Motor_51,Accel_Low_Pressed_Support,21,1,True,False,1.0,0.0,,1577,1577,0,0,False
vw_meb_2024.dbc,2,0x10b,Motor_51,Accel_Pedal_Pressure,12,9,True,False,0.4,0.0,,1577,1577,0,0,False
vw_meb_2024.dbc,2,0x10b,Motor_51,CHECKSUM,0,8,True,False,1.0,0.0,,1577,1577,0,0,False
vw_meb_2024.dbc,2,0x10b,Motor_51,COUNTER,8,4,True,False,1.0,0.0,,1577,1577,0,0,False
vw_meb_2024.dbc,2,0x10b,Motor_51,TSK_Limiter_ausgewaehlt,95,1,True,False,1.0,0.0,,1577,1577,0,0,False
vw_meb_2024.dbc,2,0x10b,Motor_51,TSK_Status,88,3,True,False,1.0,0.0,,1577,1577,36,0,False
vw_meb_2024.dbc,2,0x116,ESP_10,ESP_10_BZ,8,4,True,False,1.0,0.0,,1573,0,0,0,False
vw_meb_2024.dbc,2,0x116,ESP_10,ESP_10_CRC,0,8,True,False,1.0,0.0,,1573,0,0,0,False
vw_meb_2024.dbc,2,0x116,ESP_10,ESP_HL_Fahrtrichtung,60,2,True,False,1.0,0.0,,1573,0,0,0,False
vw_meb_2024.dbc,2,0x116,ESP_10,ESP_HR_Fahrtrichtung,62,2,True,False,1.0,0.0,,1573,0,0,0,False
vw_meb_2024.dbc,2,0x116,ESP_10,ESP_QBit_Wegimpuls_HL,14,1,True,False,1.0,0.0,,1573,0,0,0,False
vw_meb_2024.dbc,2,0x116,ESP_10,ESP_QBit_Wegimpuls_HR,15,1,True,False,1.0,0.0,,1573,0,0,0,False
vw_meb_2024.dbc,2,0x116,ESP_10,ESP_QBit_Wegimpuls_VL,12,1,True,False,1.0,0.0,,1573,0,0,0,False
vw_meb_2024.dbc,2,0x116,ESP_10,ESP_QBit_Wegimpuls_VR,13,1,True,False,1.0,0.0,,1573,0,0,0,False
vw_meb_2024.dbc,2,0x116,ESP_10,ESP_VL_Fahrtrichtung,56,2,True,False,1.0,0.0,,1573,0,0,0,False
vw_meb_2024.dbc,2,0x116,ESP_10,ESP_VR_Fahrtrichtung,58,2,True,False,1.0,0.0,,1573,0,0,0,False
vw_meb_2024.dbc,2,0x116,ESP_10,ESP_Wegimpuls_HL,36,10,True,False,1.0,0.0,,1573,0,0,0,False
vw_meb_2024.dbc,2,0x116,ESP_10,ESP_Wegimpuls_HR,46,10,True,False,1.0,0.0,,1573,0,0,0,False
vw_meb_2024.dbc,2,0x116,ESP_10,ESP_Wegimpuls_VL,16,10,True,False,1.0,0.0,,1573,0,0,0,False
vw_meb_2024.dbc,2,0x116,ESP_10,ESP_Wegimpuls_VR,26,10,True,False,1.0,0.0,,1573,0,0,0,False
vw_meb_2024.dbc,2,0x11d,LH_EPS_02,EPS_02_BZ,8,4,True,False,1.0,0.0,,1573,0,0,0,False
vw_meb_2024.dbc,2,0x11d,LH_EPS_02,EPS_02_CRC,0,8,True,False,1.0,0.0,,1573,0,0,0,False
vw_meb_2024.dbc,2,0x11d,LH_EPS_02,EPS_Drehzahlreserve,32,7,True,False,10.0,0.0,Unit_DegreOfArcPerSecon,1573,0,0,1573,False
vw_meb_2024.dbc,2,0x11d,LH_EPS_02,EPS_Lastinfo,16,8,True,False,1.0,0.0,Unit_Amper,1573,0,0,0,False
vw_meb_2024.dbc,2,0x11d,LH_EPS_02,EPS_Leistungsanforderung,40,1,True,False,1.0,0.0,,1573,0,0,0,False
vw_meb_2024.dbc,2,0x11d,LH_EPS_02,EPS_Notlauf,12,4,True,False,1.0,0.0,,1573,0,0,0,False
vw_meb_2024.dbc,2,0x11d,LH_EPS_02,EPS_Unterstuetzungsleistung,24,8,True,False,0.5,0.0,Unit_PerCent,1573,0,0,0,False
vw_meb_2024.dbc,2,0x11d,LH_EPS_02,EPS_VZ_Drehzahlreserve,39,1,True,False,1.0,0.0,,1573,0,0,0,False
vw_meb_2024.dbc,2,0x126,HCA_01,CHECKSUM,0,8,True,False,1.0,0.0,,11263,0,0,0,False
vw_meb_2024.dbc,2,0x126,HCA_01,COUNTER,8,4,True,False,1.0,0.0,,11263,0,0,0,False
vw_meb_2024.dbc,2,0x126,HCA_01,EA_ACC_Sollstatus,25,2,True,False,1.0,0.0,,11263,0,0,0,False
vw_meb_2024.dbc,2,0x126,HCA_01,EA_ACC_Wunschgeschwindigkeit,41,10,True,False,0.32,0.0,Unit_KiloMeterPerHour,11263,0,0,0,False
vw_meb_2024.dbc,2,0x126,HCA_01,EA_Ruckfreigabe,40,1,True,False,1.0,0.0,,11263,0,0,0,False
vw_meb_2024.dbc,2,0x126,HCA_01,EA_Ruckprofil,27,3,True,False,1.0,0.0,,11263,0,0,0,False
vw_meb_2024.dbc,2,0x126,HCA_01,HCA_01_Available,32,1,True,False,1.0,0.0,,11263,0,0,0,False
vw_meb_2024.dbc,2,0x126,HCA_01,HCA_01_Enable,30,1,True,False,1.0,0.0,,11263,0,0,0,False
vw_meb_2024.dbc,2,0x126,HCA_01,HCA_01_LM_OffSign,31,1,True,False,1.0,0.0,,11263,0,0,0,False
vw_meb_2024.dbc,2,0x126,HCA_01,HCA_01_LM_Offset,16,9,True,False,1.0,0.0,Unit_centiNewtoMeter,11263,0,0,0,False
vw_meb_2024.dbc,2,0x126,HCA_01,HCA_01_Request,34,1,True,False,1.0,0.0,,11263,0,0,0,False
vw_meb_2024.dbc,2,0x126,HCA_01,HCA_01_Standby,33,1,True,False,1.0,0.0,,11263,0,0,0,False
vw_meb_2024.dbc,2,0x126,HCA_01,HCA_01_Vib_Amp,36,4,True,False,0.2,0.0,Unit_NewtoMeter,11263,0,0,0,False
vw_meb_2024.dbc,2,0x126,HCA_01,HCA_01_Vib_Freq,12,4,True,False,1.0,15.0,Unit_Hertz,11263,0,0,0,False
vw_meb_2024.dbc,2,0x12b,GRA_ACC_01,CHECKSUM,0,8,True,False,1.0,0.0,,1045,0,0,0,False
vw_meb_2024.dbc,2,0x12b,GRA_ACC_01,COUNTER,8,4,True,False,1.0,0.0,,1045,0,0,0,False
vw_meb_2024.dbc,2,0x12b,GRA_ACC_01,GRA_Abbrechen,13,1,True,False,1.0,0.0,,1045,0,0,0,False
vw_meb_2024.dbc,2,0x12b,GRA_ACC_01,GRA_ButtonTypeInfo,27,3,True,False,1.0,0.0,,1045,0,0,0,False
vw_meb_2024.dbc,2,0x12b,GRA_ACC_01,GRA_Codierung,22,2,True,False,1.0,0.0,,1045,0,0,0,False
vw_meb_2024.dbc,2,0x12b,GRA_ACC_01,GRA_Fehler,24,1,True,False,1.0,0.0,,1045,0,1045,0,False
vw_meb_2024.dbc,2,0x12b,GRA_ACC_01,GRA_Hauptschalter,12,1,True,False,1.0,0.0,,1045,0,0,0,False
vw_meb_2024.dbc,2,0x12b,GRA_ACC_01,GRA_LIM_Taste_verfuegbar,25,1,True,False,1.0,0.0,,1045,0,0,0,False
vw_meb_2024.dbc,2,0x12b,GRA_ACC_01,GRA_Limiter,15,1,True,False,1.0,0.0,,1045,0,0,0,False
vw_meb_2024.dbc,2,0x12b,GRA_ACC_01,GRA_Tip_Hoch,17,1,True,False,1.0,0.0,,1045,0,0,0,False
vw_meb_2024.dbc,2,0x12b,GRA_ACC_01,GRA_Tip_Runter,18,1,True,False,1.0,0.0,,1045,0,0,0,False
vw_meb_2024.dbc,2,0x12b,GRA_ACC_01,GRA_Tip_Setzen,16,1,True,False,1.0,0.0,,1045,0,0,0,False
vw_meb_2024.dbc,2,0x12b,GRA_ACC_01,GRA_Tip_Stufe_2,26,1,True,False,1.0,0.0,,1045,0,0,0,False
vw_meb_2024.dbc,2,0x12b,GRA_ACC_01,GRA_Tip_Wiederaufnahme,19,1,True,False,1.0,0.0,,1045,0,0,0,False
vw_meb_2024.dbc,2,0x12b,GRA_ACC_01,GRA_TravelAssist,30,1,True,False,1.0,0.0,,1045,0,0,0,False
vw_meb_2024.dbc,2,0x12b,GRA_ACC_01,GRA_Typ_Hauptschalter,14,1,True,False,1.0,0.0,,1045,0,0,0,False
vw_meb_2024.dbc,2,0x12b,GRA_ACC_01,GRA_Verstellung_Zeitluecke,20,2,True,False,1.0,0.0,,1045,0,0,0,False
vw_meb_2024.dbc,2,0x12b,GRA_ACC_01,GRA_reserveByte4,31,1,True,False,1.0,0.0,,1045,0,0,0,False
vw_meb_2024.dbc,2,0x12b,GRA_ACC_01,GRA_reserveByte5,32,8,True,False,1.0,0.0,,1045,0,0,0,False
vw_meb_2024.dbc,2,0x12b,GRA_ACC_01,GRA_reserveByte6,40,8,True,False,1.0,0.0,,1045,0,0,0,False
vw_meb_2024.dbc,2,0x12b,GRA_ACC_01,GRA_reserveByte7,48,8,True,False,1.0,0.0,,1045,0,0,0,False
vw_meb_2024.dbc,2,0x12b,GRA_ACC_01,GRA_reserveByte8,56,8,True,False,1.0,0.0,,1045,0,0,0,False
vw_meb_2024.dbc,2,0x12dd54a7,VZE_04,Detected_01,8,1,False,False,1.0,0.0,,56315,0,0,0,False
vw_meb_2024.dbc,2,0x12dd54a7,VZE_04,Unknown_01,207,1,False,False,1.0,0.0,,56315,0,0,0,False
vw_meb_2024.dbc,2,0x12dd54a7,VZE_04,Unknown_02,167,4,True,False,1.0,0.0,,56315,0,0,0,False
vw_meb_2024.dbc,2,0x12dd54a7,VZE_04,VZE_Anzeigemodus,0,2,True,False,1.0,0.0,,56315,0,0,0,False
vw_meb_2024.dbc,2,0x12dd54a7,VZE_04,VZE_Anzeigeunterdrueck_Zeichen_1,50,1,True,False,1.0,0.0,,56315,0,0,0,False
vw_meb_2024.dbc,2,0x12dd54a7,VZE_04,VZE_Anzeigeunterdrueck_Zeichen_2,10,1,True,False,1.0,0.0,,56315,0,0,0,False
vw_meb_2024.dbc,2,0x12dd54a7,VZE_04,VZE_Anzeigeunterdrueck_Zeichen_3,9,1,True,False,1.0,0.0,,56315,0,0,0,False
vw_meb_2024.dbc,2,0x12dd54a7,VZE_04,VZE_Baustelle,110,1,False,False,1.0,0.0,,56315,0,0,0,False
vw_meb_2024.dbc,2,0x12dd54a7,VZE_04,VZE_Gong,63,1,True,False,1.0,0.0,,56315,0,0,0,False
vw_meb_2024.dbc,2,0x12dd54a7,VZE_04,VZE_Verkehrszeichen_1,11,8,True,False,5.0,0.0,,56315,0,0,56315,False
vw_meb_2024.dbc,2,0x12dd54a7,VZE_04,VZE_Verkehrszeichen_2,19,8,True,False,5.0,0.0,,56315,0,0,56315,False
vw_meb_2024.dbc,2,0x12dd54a7,VZE_04,VZE_Verkehrszeichen_3,27,8,True,False,5.0,0.0,,56315,0,0,56315,False
vw_meb_2024.dbc,2,0x12dd54a7,VZE_04,VZE_Verkehrszeichen_4,75,8,True,False,1.0,0.0,,56315,0,0,0,False
vw_meb_2024.dbc,2,0x12dd54a7,VZE_04,VZE_Verkehrszeichen_6,92,7,True,False,1.0,0.0,,56315,0,0,0,False
vw_meb_2024.dbc,2,0x12dd54a7,VZE_04,VZE_Warnung_Verkehrszeichen_1,35,1,True,False,1.0,0.0,,56315,0,56315,0,False
vw_meb_2024.dbc,2,0x12dd54a7,VZE_04,VZE_Warnung_Verkehrszeichen_2,36,1,True,False,1.0,0.0,,56315,0,56315,0,False
vw_meb_2024.dbc,2,0x12dd54a7,VZE_04,VZE_Warnung_Verkehrszeichen_3,37,1,True,False,1.0,0.0,,56315,0,56315,0,False
vw_meb_2024.dbc,2,0x12dd54a7,VZE_04,VZE_Zeichen_01_Gesetz,56,1,True,False,1.0,0.0,,56315,0,0,0,False
vw_meb_2024.dbc,2,0x12dd54a7,VZE_04,VZE_Zeichen_01_Kamera,54,1,True,False,1.0,0.0,,56315,0,0,0,False
vw_meb_2024.dbc,2,0x12dd54a7,VZE_04,VZE_Zeichen_01_KameraWied,51,1,True,False,1.0,0.0,,56315,0,0,0,False
vw_meb_2024.dbc,2,0x12dd54a7,VZE_04,VZE_Zeichen_01_Karte,55,1,True,False,1.0,0.0,,56315,0,0,0,False
vw_meb_2024.dbc,2,0x12dd54a7,VZE_04,VZE_Zeichen_02_Gesetz,59,1,True,False,1.0,0.0,,56315,0,0,0,False
vw_meb_2024.dbc,2,0x12dd54a7,VZE_04,VZE_Zeichen_02_Kamera,57,1,True,False,1.0,0.0,,56315,0,0,0,False
vw_meb_2024.dbc,2,0x12dd54a7,VZE_04,VZE_Zeichen_02_KameraWied,52,1,True,False,1.0,0.0,,56315,0,0,0,False
vw_meb_2024.dbc,2,0x12dd54a7,VZE_04,VZE_Zeichen_02_Karte,58,1,True,False,1.0,0.0,,56315,0,0,0,False
vw_meb_2024.dbc,2,0x12dd54a7,VZE_04,VZE_Zeichen_03_Gesetz,62,1,True,False,1.0,0.0,,56315,0,0,0,False
vw_meb_2024.dbc,2,0x12dd54a7,VZE_04,VZE_Zeichen_03_Kamera,60,1,True,False,1.0,0.0,,56315,0,0,0,False
vw_meb_2024.dbc,2,0x12dd54a7,VZE_04,VZE_Zeichen_03_KameraWied,53,1,True,False,1.0,0.0,,56315,0,0,0,False
vw_meb_2024.dbc,2,0x12dd54a7,VZE_04,VZE_Zeichen_03_Karte,61,1,True,False,1.0,0.0,,56315,0,0,0,False
vw_meb_2024.dbc,2,0x12dd54a7,VZE_04,VZE_Zusatzschild_1,38,4,True,False,1.0,0.0,,56315,0,56315,56315,False
vw_meb_2024.dbc,2,0x12dd54a7,VZE_04,VZE_Zusatzschild_2,42,4,True,False,1.0,0.0,,56315,0,56315,56315,False
vw_meb_2024.dbc,2,0x12dd54a7,VZE_04,VZE_Zusatzschild_3,46,4,True,False,1.0,0.0,,56315,0,56315,56315,False
vw_meb_2024.dbc,2,0x12dd54a7,VZE_04,Zeichen_Unknown,129,4,True,False,1.0,0.0,,56315,0,0,0,False
vw_meb_2024.dbc,2,0x12dd54a7,VZE_04,Zeichen_Unknown_Entfernung,140,6,True,False,1.0,0.0,,56315,0,0,0,False
vw_meb_2024.dbc,2,0x12dd54a7,VZE_04,Zusatzschild_Unknown,147,2,True,False,1.0,0.0,,56315,0,0,0,False
vw_meb_2024.dbc,2,0x12dd54c9,SAL_01,Brake_Light_01,20,1,False,False,1.0,0.0,,406,0,0,0,False
vw_meb_2024.dbc,2,0x12dd54c9,SAL_01,Brake_Light_02,30,1,False,False,1.0,0.0,,406,0,0,0,False
vw_meb_2024.dbc,2,0x12dd54c9,SAL_01,Brake_Unknown,18,1,False,False,1.0,0.0,,406,0,0,0,False
vw_meb_2024.dbc,2,0x12dd54c9,SAL_01,CNT,8,4,True,False,1.0,0.0,,406,0,0,0,False
vw_meb_2024.dbc,2,0x12dd54c9,SAL_01,CRC,0,8,True,False,1.0,0.0,,406,0,0,0,False
vw_meb_2024.dbc,2,0x12dd54c9,SAL_01,Left_Blinker,26,1,True,False,1.0,0.0,,406,0,0,0,False
vw_meb_2024.dbc,2,0x12dd54c9,SAL_01,Left_Blinker_02,45,1,False,False,1.0,0.0,,406,0,0,0,False
vw_meb_2024.dbc,2,0x12dd54c9,SAL_01,NEW_SIGNAL_2,22,1,False,False,1.0,0.0,,406,0,0,0,False
vw_meb_2024.dbc,2,0x12dd54c9,SAL_01,NEW_SIGNAL_3,52,8,True,False,1.0,0.0,,406,0,0,406,False
vw_meb_2024.dbc,2,0x12dd54c9,SAL_01,NEW_SIGNAL_4,63,1,False,False,1.0,0.0,,406,0,0,0,False
vw_meb_2024.dbc,2,0x12dd54c9,SAL_01,Reverse_Light,27,1,False,False,1.0,0.0,,406,0,0,0,False
vw_meb_2024.dbc,2,0x12dd54c9,SAL_01,Right_Blinker,25,1,False,False,1.0,0.0,,406,0,0,0,False
vw_meb_2024.dbc,2,0x12dd54c9,SAL_01,Right_Blinker_02,44,1,True,False,1.0,0.0,,406,0,0,0,False
vw_meb_2024.dbc,2,0x12dd5502,AAA_01,CHK,8,4,True,False,1.0,0.0,,112616,0,0,0,False
vw_meb_2024.dbc,2,0x12dd5502,AAA_01,CRC,0,8,True,False,1.0,0.0,,112616,0,0,0,False
vw_meb_2024.dbc,2,0x12dd553d,HVL_01,CHK,8,4,True,False,1.0,0.0,,315,0,0,0,False
vw_meb_2024.dbc,2,0x12dd553d,HVL_01,CRC,0,8,True,False,1.0,0.0,,315,0,0,0,False
vw_meb_2024.dbc,2,0x139,VMM_02,AEB_Active,31,1,False,False,1.0,0.0,,1572,0,0,0,False
vw_meb_2024.dbc,2,0x139,VMM_02,Brake_Pressed_1,16,1,False,False,1.0,0.0,,1572,0,0,0,False
vw_meb_2024.dbc,2,0x139,VMM_02,Brake_Pressed_2,27,1,False,False,1.0,0.0,,1572,0,0,0,False
vw_meb_2024.dbc,2,0x139,VMM_02,Brake_Pressed_3,48,1,False,False,1.0,0.0,,1572,0,0,0,False
vw_meb_2024.dbc,2,0x139,VMM_02,Brake_Pressure,76,11,True,False,1.0,0.0,,1572,0,0,888,True
vw_meb_2024.dbc,2,0x139,VMM_02,CHECKSUM,0,8,True,False,1.0,0.0,,1572,0,0,0,False
vw_meb_2024.dbc,2,0x139,VMM_02,COUNTER,8,4,True,False,1.0,0.0,,1572,0,0,0,False
vw_meb_2024.dbc,2,0x139,VMM_02,ESP_Hold,35,1,False,False,1.0,0.0,,1572,0,0,0,False
vw_meb_2024.dbc,2,0x139,VMM_02,FCW_Reaction_1,12,1,False,False,1.0,0.0,,1572,0,0,0,False
vw_meb_2024.dbc,2,0x139,VMM_02,FCW_Reaction_2,56,1,True,False,1.0,0.0,,1572,0,0,0,False
vw_meb_2024.dbc,2,0x139,VMM_02,FCW_Reaction_3,88,5,True,False,1.0,0.0,,1572,0,0,0,False
vw_meb_2024.dbc,2,0x139,VMM_02,Long_Control_Inhibit,52,2,True,False,1.0,0.0,,1572,0,0,0,False
vw_meb_2024.dbc,2,0x13d,QFK_01,CHECKSUM,0,8,True,False,1.0,0.0,,3145,0,0,0,False
vw_meb_2024.dbc,2,0x13d,QFK_01,COUNTER,8,4,True,False,1.0,0.0,,3145,0,0,0,False
vw_meb_2024.dbc,2,0x13d,QFK_01,Curvature,40,15,True,False,6.7e-06,0.0,,3145,0,0,0,False
vw_meb_2024.dbc,2,0x13d,QFK_01,Curvature_VZ,55,1,False,False,1.0,0.0,,3145,0,0,0,False
vw_meb_2024.dbc,2,0x13d,QFK_01,HCA_No_Override,14,1,False,False,1.0,0.0,,3145,0,0,0,False
vw_meb_2024.dbc,2,0x13d,QFK_01,LatCon_HCA_Accept,17,2,True,False,1.0,0.0,,3145,0,0,0,False
vw_meb_2024.dbc,2,0x13d,QFK_01,LatCon_HCA_Status,20,3,True,False,1.0,0.0,,3145,0,3145,0,False
vw_meb_2024.dbc,2,0x13d,QFK_01,NEW_SIGNAL_1,23,1,False,False,1.0,0.0,,3145,0,0,0,False
vw_meb_2024.dbc,2,0x13d,QFK_01,NEW_SIGNAL_10,24,1,False,False,1.0,0.0,,3145,0,0,0,False
vw_meb_2024.dbc,2,0x13d,QFK_01,NEW_SIGNAL_2,19,1,False,False,1.0,0.0,,3145,0,0,0,False
vw_meb_2024.dbc,2,0x13d,QFK_01,NEW_SIGNAL_3,56,7,True,False,1.0,0.0,,3145,0,0,0,False
vw_meb_2024.dbc,2,0x13d,QFK_01,NEW_SIGNAL_4,63,1,False,False,1.0,0.0,,3145,0,0,0,False
vw_meb_2024.dbc,2,0x13d,QFK_01,NEW_SIGNAL_5,12,1,False,False,1.0,0.0,,3145,0,0,0,False
vw_meb_2024.dbc,2,0x13d,QFK_01,NEW_SIGNAL_6,30,3,False,False,1.0,0.0,,3145,0,0,0,False
vw_meb_2024.dbc,2,0x13d,QFK_01,NEW_SIGNAL_7,34,3,False,False,1.0,0.0,,3145,0,0,0,False
vw_meb_2024.dbc,2,0x13d,QFK_01,NEW_SIGNAL_8,16,1,False,False,1.0,0.0,,3145,0,0,0,False
vw_meb_2024.dbc,2,0x13d,QFK_01,Steering_Angle,76,17,True,False,0.00906,0.0,,3145,0,0,0,False
vw_meb_2024.dbc,2,0x13d,QFK_01,Steering_Angle_VZ,36,1,False,False,1.0,0.0,,3145,0,0,0,False
vw_meb_2024.dbc,2,0x14c,Motor_54,Accelerator_Pressure,175,8,False,False,0.4,-14.8,Unit_Percent,318,0,0,0,False
vw_meb_2024.dbc,2,0x14c,Motor_54,CHECKSUM,0,8,True,False,1.0,0.0,,318,0,0,0,False
vw_meb_2024.dbc,2,0x14c,Motor_54,COUNTER,8,4,True,False,1.0,0.0,,318,0,0,0,False
vw_meb_2024.dbc,2,0x14c,Motor_54,Engine_On,77,1,True,False,1.0,0.0,,318,0,0,0,False
vw_meb_2024.dbc,2,0x14d,ACC_18,ACC_AKTIV_regelt,90,1,False,False,1.0,0.0,,563124,0,0,0,False
vw_meb_2024.dbc,2,0x14d,ACC_18,ACC_Anfahren,56,1,True,False,1.0,0.0,,563124,0,0,0,False
vw_meb_2024.dbc,2,0x14d,ACC_18,ACC_Anforderung_HMS,77,3,True,False,1.0,0.0,,563124,0,0,0,False
vw_meb_2024.dbc,2,0x14d,ACC_18,ACC_Anhalten,57,1,True,False,1.0,0.0,,563124,0,0,0,False
vw_meb_2024.dbc,2,0x14d,ACC_18,ACC_Anhalteweg,64,11,True,False,0.01,0.0,,563124,0,0,0,False
vw_meb_2024.dbc,2,0x14d,ACC_18,ACC_DynErhoehung,14,1,True,False,1.0,0.0,,563124,0,0,0,False
vw_meb_2024.dbc,2,0x14d,ACC_18,ACC_Freilaufstrategie_TSK,15,1,True,False,1.0,0.0,,563124,0,0,0,False
vw_meb_2024.dbc,2,0x14d,ACC_18,ACC_Minimale_Bremsung,63,1,True,False,1.0,0.0,,563124,0,0,0,False
vw_meb_2024.dbc,2,0x14d,ACC_18,ACC_Sollbeschleunigung_02,24,11,True,False,0.005,-7.22,Unit_MeterPerSeconSquar,563124,0,0,197434,True
vw_meb_2024.dbc,2,0x14d,ACC_18,ACC_StartStopp_Info,22,2,True,False,1.0,0.0,,563124,0,0,0,False
vw_meb_2024.dbc,2,0x14d,ACC_18,ACC_Status_ACC,60,3,True,False,1.0,0.0,,563124,0,529,0,False
vw_meb_2024.dbc,2,0x14d,ACC_18,ACC_Typ,58,2,True,False,1.0,0.0,,563124,0,0,0,False
vw_meb_2024.dbc,2,0x14d,ACC_18,ACC_limitierte_Anfahrdyn,12,1,True,False,1.0,0.0,,563124,0,0,0,False
vw_meb_2024.dbc,2,0x14d,ACC_18,ACC_nachtr_Stopp_Anf,13,1,True,False,1.0,0.0,,563124,0,0,0,False
vw_meb_2024.dbc,2,0x14d,ACC_18,ACC_neg_Sollbeschl_Grad_02,40,8,True,False,0.05,0.0,Unit_MeterPerCubicSecon,563124,0,0,0,False
vw_meb_2024.dbc,2,0x14d,ACC_18,ACC_pos_Sollbeschl_Grad_02,48,8,True,False,0.05,0.0,Unit_MeterPerCubicSecon,563124,0,0,0,False
vw_meb_2024.dbc,2,0x14d,ACC_18,ACC_zul_Regelabw_oben,35,5,True,False,0.0625,0.0,Unit_MeterPerSeconSquar,563124,0,0,0,False
vw_meb_2024.dbc,2,0x14d,ACC_18,ACC_zul_Regelabw_unten,16,6,True,False,0.024,0.0,Unit_MeterPerSeconSquar,563124,0,0,0,False
vw_meb_2024.dbc,2,0x14d,ACC_18,Accel_Boost,248,6,True,False,1.0,0.0,,563124,0,0,62700,False
vw_meb_2024.dbc,2,0x14d,ACC_18,CHECKSUM,0,8,True,False,1.0,0.0,,563124,0,0,0,False
vw_meb_2024.dbc,2,0x14d,ACC_18,COUNTER,8,4,True,False,1.0,0.0,,563124,0,0,0,False
vw_meb_2024.dbc,2,0x14d,ACC_18,Reversing,254,1,False,False,1.0,0.0,,563124,0,0,0,False
vw_meb_2024.dbc,2,0x14d,ACC_18,SET_ME_0X1,92,1,False,False,1.0,0.0,,563124,0,0,0,False
vw_meb_2024.dbc,2,0x14d,ACC_18,SET_ME_0X9,232,4,True,False,1.0,0.0,,563124,0,0,0,False
vw_meb_2024.dbc,2,0x14d,ACC_18,SET_ME_0XFE,80,8,True,False,1.0,0.0,,563124,0,0,0,False
vw_meb_2024.dbc,2,0x14d,ACC_18,SET_ME_0x2FE,98,10,True,False,1.0,0.0,,563124,0,0,0,False
vw_meb_2024.dbc,2,0x14d,ACC_18,Speed,236,12,True,False,0.1,0.0,,563124,0,0,492140,True
vw_meb_2024.dbc,2,0x16a954ad,MEB_AWV_01,AWV_Enabled,15,1,False,False,1.0,0.0,,57032,0,0,0,False
vw_meb_2024.dbc,2,0x16a954ad,MEB_AWV_01,AWV_Init,17,1,False,False,1.0,0.0,,57032,0,0,0,False
vw_meb_2024.dbc,2,0x16a954ad,MEB_AWV_01,Distance_Warning,12,1,False,False,1.0,0.0,,57032,0,0,0,False
vw_meb_2024.dbc,2,0x16a954ad,MEB_AWV_01,FCW_Display,13,1,False,False,1.0,0.0,,57032,0,0,0,False
vw_meb_2024.dbc,2,0x16a954ad,MEB_AWV_01,FCW_Sound,22,2,True,False,1.0,0.0,,57032,0,0,0,False
vw_meb_2024.dbc,2,0x16a954ad,MEB_AWV_01,SET_ME_1,28,1,False,False,1.0,0.0,,57032,0,0,0,False
vw_meb_2024.dbc,2,0x16a954ad,MEB_AWV_01,SET_ME_511,33,9,True,False,1.0,0.0,,57032,0,0,57032,False
vw_meb_2024.dbc,2,0x16a954ad,MEB_AWV_01,Target,56,8,True,False,1.0,0.0,,57032,0,0,0,False
vw_meb_2024.dbc,2,0x17f00057,MEB_PACC_01,Dynamic_in_Drive,63,1,False,False,1.0,0.0,,22526,0,0,0,False
vw_meb_2024.dbc,2,0x17f00057,MEB_PACC_01,NEW_SIGNAL_1,5,1,False,False,1.0,0.0,,22526,0,0,0,False
vw_meb_2024.dbc,2,0x17f00057,MEB_PACC_01,NEW_SIGNAL_2,32,16,True,False,1.0,0.0,,22526,0,0,22526,False
vw_meb_2024.dbc,2,0x17f00057,MEB_PACC_01,NEW_SIGNAL_3,48,1,False,False,1.0,0.0,,22526,0,0,0,False
vw_meb_2024.dbc,2,0x17f00057,MEB_PACC_01,NEW_SIGNAL_4,49,1,False,False,1.0,0.0,,22526,0,0,0,False
vw_meb_2024.dbc,2,0x17f00057,MEB_PACC_01,NEW_SIGNAL_5,56,2,True,False,1.0,0.0,,22526,0,0,0,False
vw_meb_2024.dbc,2,0x183,MEB_Camera_01,Lane_Center_Offset,256,12,True,False,0.001,-2.5,Unit_Meter,281577,0,0,217412,True
vw_meb_2024.dbc,2,0x183,MEB_Camera_01,NEW_SIGNAL_1,191,1,False,False,1.0,0.0,,281577,0,0,0,False
vw_meb_2024.dbc,2,0x183,MEB_Camera_01,NEW_SIGNAL_10,224,8,True,False,1.0,0.0,,281577,0,0,483,False
vw_meb_2024.dbc,2,0x183,MEB_Camera_01,NEW_SIGNAL_11,292,12,True,False,1.0,0.0,,281577,0,0,281459,True
vw_meb_2024.dbc,2,0x183,MEB_Camera_01,NEW_SIGNAL_12,304,8,True,False,1.0,0.0,,281577,0,0,0,False
vw_meb_2024.dbc,2,0x183,MEB_Camera_01,NEW_SIGNAL_13,320,8,True,False,1.0,0.0,,281577,0,0,0,False
vw_meb_2024.dbc,2,0x183,MEB_Camera_01,NEW_SIGNAL_14,332,12,True,False,1.0,0.0,,281577,0,0,281577,True
vw_meb_2024.dbc,2,0x183,MEB_Camera_01,NEW_SIGNAL_15,344,12,True,False,1.0,0.0,,281577,0,0,281557,True
vw_meb_2024.dbc,2,0x183,MEB_Camera_01,NEW_SIGNAL_16,356,12,True,False,1.0,0.0,,281577,0,0,281406,True
vw_meb_2024.dbc,2,0x183,MEB_Camera_01,NEW_SIGNAL_17,368,10,True,False,1.0,0.0,,281577,0,0,246342,False
vw_meb_2024.dbc,2,0x183,MEB_Camera_01,NEW_SIGNAL_18,384,12,True,False,1.0,0.0,,281577,0,0,281577,True
vw_meb_2024.dbc,2,0x183,MEB_Camera_01,NEW_SIGNAL_19,396,12,True,False,1.0,0.0,,281577,0,0,281577,True
vw_meb_2024.dbc,2,0x183,MEB_Camera_01,NEW_SIGNAL_2,200,9,True,False,1.0,0.0,,281577,0,0,197953,True
vw_meb_2024.dbc,2,0x183,MEB_Camera_01,NEW_SIGNAL_20,408,12,True,False,1.0,0.0,,281577,0,0,281451,True
vw_meb_2024.dbc,2,0x183,MEB_Camera_01,NEW_SIGNAL_21,420,12,True,False,1.0,0.0,,281577,0,0,281497,True
vw_meb_2024.dbc,2,0x183,MEB_Camera_01,NEW_SIGNAL_22,432,5,True,False,1.0,0.0,,281577,0,0,0,False
vw_meb_2024.dbc,2,0x183,MEB_Camera_01,NEW_SIGNAL_23,448,12,True,False,1.0,0.0,,281577,0,0,280531,True
vw_meb_2024.dbc,2,0x183,MEB_Camera_01,NEW_SIGNAL_24,460,12,True,False,1.0,0.0,,281577,0,0,281577,True
vw_meb_2024.dbc,2,0x183,MEB_Camera_01,NEW_SIGNAL_25,472,12,True,False,1.0,0.0,,281577,0,0,281572,True
vw_meb_2024.dbc,2,0x183,MEB_Camera_01,NEW_SIGNAL_26,484,12,True,False,1.0,0.0,,281577,0,0,281568,True
vw_meb_2024.dbc,2,0x183,MEB_Camera_01,NEW_SIGNAL_3,209,9,True,False,1.0,0.0,,281577,0,0,230690,True
vw_meb_2024.dbc,2,0x183,MEB_Camera_01,NEW_SIGNAL_4,232,9,True,False,1.0,0.0,,281577,0,0,163672,True
vw_meb_2024.dbc,2,0x183,MEB_Camera_01,NEW_SIGNAL_5,241,9,True,False,1.0,0.0,,281577,0,0,224788,True
vw_meb_2024.dbc,2,0x183,MEB_Camera_01,NEW_SIGNAL_6,268,12,True,False,1.0,0.0,,281577,0,0,281571,True
vw_meb_2024.dbc,2,0x183,MEB_Camera_01,NEW_SIGNAL_7,280,12,True,False,1.0,0.0,,281577,0,0,281489,True
vw_meb_2024.dbc,2,0x183,MEB_Camera_01,NEW_SIGNAL_8,250,6,True,False,1.0,0.0,,281577,0,0,0,False
vw_meb_2024.dbc,2,0x183,MEB_Camera_01,NEW_SIGNAL_9,218,6,True,False,1.0,0.0,,281577,0,0,0,False
vw_meb_2024.dbc,2,0x1a4,EA_01,CHECKSUM,0,8,True,False,1.0,0.0,,22527,0,0,0,False
vw_meb_2024.dbc,2,0x1a4,EA_01,COUNTER,8,4,True,False,1.0,0.0,,22527,0,0,0,False
vw_meb_2024.dbc,2,0x1a4,EA_01,EA_Anforderung_HMS,48,3,True,False,1.0,0.0,,22527,0,0,0,False
vw_meb_2024.dbc,2,0x1a4,EA_01,EA_Funktionsstatus,40,4,True,False,1.0,0.0,,22527,0,0,0,False
vw_meb_2024.dbc,2,0x1a4,EA_01,EA_Gurtstraffer_Anf,44,2,True,False,1.0,0.0,,22527,0,0,0,False
vw_meb_2024.dbc,2,0x1a4,EA_01,EA_Parken_beibehalten_HMS,12,2,True,False,1.0,0.0,,22527,0,0,0,False
vw_meb_2024.dbc,2,0x1a4,EA_01,EA_Sollbeschleunigung,53,11,True,False,0.005,-7.22,Unit_MeterPerSeconSquar,22527,0,0,22527,False
vw_meb_2024.dbc,2,0x1a4,EA_01,EA_Warnruckprofil,28,3,True,False,1.0,0.0,,22527,0,0,0,False
vw_meb_2024.dbc,2,0x1a4,EA_01,EA_eCall_Anf,31,2,True,False,1.0,0.0,,22527,0,0,0,False
vw_meb_2024.dbc,2,0x1a555541,EML_02,CHK,8,4,True,False,1.0,0.0,,159,0,0,0,False
vw_meb_2024.dbc,2,0x1a555541,EML_02,CRC,0,8,True,False,1.0,0.0,,159,0,0,0,False
vw_meb_2024.dbc,2,0x1b000057,MEB_Unknown_01,NEW_SIGNAL_1,14,1,False,False,1.0,0.0,,56311,0,0,0,False
vw_meb_2024.dbc,2,0x1b000057,MEB_Unknown_01,NEW_SIGNAL_2,19,1,False,False,1.0,0.0,,56311,0,0,0,False
vw_meb_2024.dbc,2,0x1b000057,MEB_Unknown_01,NEW_SIGNAL_3,24,1,False,False,1.0,0.0,,56311,0,0,0,False
vw_meb_2024.dbc,2,0x1b000057,MEB_Unknown_01,NEW_SIGNAL_4,18,1,False,False,1.0,0.0,,56311,0,0,0,False
vw_meb_2024.dbc,2,0x1b000057,MEB_Unknown_01,NEW_SIGNAL_5,16,1,False,False,1.0,0.0,,56311,0,0,0,False
vw_meb_2024.dbc,2,0x1b000057,MEB_Unknown_01,NEW_SIGNAL_6,25,2,True,False,1.0,0.0,,56311,0,0,0,False
vw_meb_2024.dbc,2,0x1f0,EA_02,ACF_Lampe_Hands_Off,16,2,True,False,1.0,0.0,,22529,0,0,0,False
vw_meb_2024.dbc,2,0x1f0,EA_02,CHECKSUM,0,8,True,False,1.0,0.0,,22529,0,0,0,False
vw_meb_2024.dbc,2,0x1f0,EA_02,COUNTER,8,4,True,False,1.0,0.0,,22529,0,0,0,False
vw_meb_2024.dbc,2,0x1f0,EA_02,EA_Blinken,32,3,True,False,1.0,0.0,,22529,0,0,0,False
vw_meb_2024.dbc,2,0x1f0,EA_02,EA_Bremslichtblinken,31,1,True,False,1.0,0.0,,22529,0,0,0,False
vw_meb_2024.dbc,2,0x1f0,EA_02,EA_Infotainment_Anf,22,2,True,False,1.0,0.0,,22529,0,22529,0,False
vw_meb_2024.dbc,2,0x1f0,EA_02,EA_Innenraumlicht_Anf,25,1,True,False,1.0,0.0,,22529,0,0,0,False
vw_meb_2024.dbc,2,0x1f0,EA_02,EA_Texte,12,4,True,False,1.0,0.0,,22529,0,0,0,False
vw_meb_2024.dbc,2,0x1f0,EA_02,EA_Tueren_Anf,24,1,True,False,1.0,0.0,,22529,0,0,0,False
vw_meb_2024.dbc,2,0x1f0,EA_02,EA_Unknown,61,4,False,False,1.0,0.0,,22529,0,0,0,False
vw_meb_2024.dbc,2,0x1f0,EA_02,STP_Primaeranz,28,3,True,False,1.0,0.0,,22529,0,0,0,False
vw_meb_2024.dbc,2,0x1f0,EA_02,zFAS_Warnblinken,26,2,True,False,1.0,0.0,,22529,0,0,0,False
vw_meb_2024.dbc,2,0x205,SAM_01,Brake_Light,36,1,False,False,1.0,0.0,,182,0,0,0,False
vw_meb_2024.dbc,2,0x205,SAM_01,Left_Blinker,37,1,False,False,1.0,0.0,,182,0,0,0,False
vw_meb_2024.dbc,2,0x205,SAM_01,Right_Blinker,38,1,False,False,1.0,0.0,,182,0,0,0,False
vw_meb_2024.dbc,2,0x206,Parken_01,AEB_Active,16,1,False,False,1.0,0.0,,563082,0,0,0,False
vw_meb_2024.dbc,2,0x206,Parken_01,CHK,0,8,True,False,1.0,0.0,,563082,0,0,0,False
vw_meb_2024.dbc,2,0x206,Parken_01,CNT,8,4,True,False,1.0,0.0,,563082,0,0,0,False
vw_meb_2024.dbc,2,0x20a,EML_06,CHECKSUM,0,8,True,False,1.0,0.0,,1572,0,0,0,False
vw_meb_2024.dbc,2,0x20a,EML_06,COUNTER,8,4,True,False,1.0,0.0,,1572,0,0,0,False
vw_meb_2024.dbc,2,0x20a,EML_06,Yaw_Rate,200,16,True,False,0.007,-229.34,,1572,0,0,263,False
vw_meb_2024.dbc,2,0x20a,EML_06,Yaw_Rate_VZ,33,1,True,False,1.0,0.0,,1572,0,0,0,False
vw_meb_2024.dbc,2,0x234,MEB_Camera_02,NEW_SIGNAL_1,12,6,True,False,1.0,0.0,,281577,0,0,244507,False
vw_meb_2024.dbc,2,0x234,MEB_Camera_02,NEW_SIGNAL_2,18,6,True,False,1.0,0.0,,281577,0,0,0,False
vw_meb_2024.dbc,2,0x234,MEB_Camera_02,NEW_SIGNAL_3,24,6,True,False,1.0,0.0,,281577,0,0,0,False
vw_meb_2024.dbc,2,0x234,MEB_Camera_02,NEW_SIGNAL_4,30,6,True,False,1.0,0.0,,281577,0,0,232736,False
vw_meb_2024.dbc,2,0x234,MEB_Camera_02,NEW_SIGNAL_5,295,9,True,False,1.0,0.0,,281577,0,0,196817,True
vw_meb_2024.dbc,2,0x234,MEB_Camera_02,NEW_SIGNAL_6,192,12,True,False,1.0,0.0,,281577,0,0,281472,True
vw_meb_2024.dbc,2,0x234,MEB_Camera_02,NEW_SIGNAL_7,178,13,True,False,1.0,0.0,,281577,0,0,277383,True
vw_meb_2024.dbc,2,0x234,MEB_Camera_02,NEW_SIGNAL_8,286,9,True,False,1.0,0.0,,281577,0,0,245929,True
vw_meb_2024.dbc,2,0x24c,MEB_Side_Assist_01,Blind_Spot_Driver,19,7,True,False,1.0,0.0,,225259,0,0,4466,False
vw_meb_2024.dbc,2,0x24c,MEB_Side_Assist_01,Blind_Spot_Info_Driver,29,1,False,False,1.0,0.0,,225259,0,0,0,False
vw_meb_2024.dbc,2,0x24c,MEB_Side_Assist_01,Blind_Spot_Info_Passenger,26,1,False,False,1.0,0.0,,225259,0,0,0,False
vw_meb_2024.dbc,2,0x24c,MEB_Side_Assist_01,Blind_Spot_Passenger,12,7,True,False,1.0,0.0,,225259,0,0,2208,False
vw_meb_2024.dbc,2,0x24c,MEB_Side_Assist_01,Blind_Spot_Warn_Driver,30,1,False,False,1.0,0.0,,225259,0,0,0,False
vw_meb_2024.dbc,2,0x24c,MEB_Side_Assist_01,Blind_Spot_Warn_Passenger,27,1,False,False,1.0,0.0,,225259,0,0,0,False
vw_meb_2024.dbc,2,0x24c,MEB_Side_Assist_01,Higher_Speed_01,33,1,False,False,1.0,0.0,,225259,0,0,0,False
vw_meb_2024.dbc,2,0x24c,MEB_Side_Assist_01,Higher_Speed_02,83,1,False,False,1.0,0.0,,225259,0,0,0,False
vw_meb_2024.dbc,2,0x24c,MEB_Side_Assist_01,Lower_Speed_01,32,1,False,False,1.0,0.0,,225259,0,0,0,False
vw_meb_2024.dbc,2,0x24c,MEB_Side_Assist_01,Lower_Speed_02,84,1,False,False,1.0,0.0,,225259,0,0,0,False
vw_meb_2024.dbc,2,0x24c,MEB_Side_Assist_01,NEW_SIGNAL_1,98,1,False,False,1.0,0.0,,225259,0,0,0,False
vw_meb_2024.dbc,2,0x24c,MEB_Side_Assist_01,NEW_SIGNAL_6,119,1,False,False,1.0,0.0,,225259,0,0,0,False
vw_meb_2024.dbc,2,0x24c,MEB_Side_Assist_01,Standstill,86,1,False,False,1.0,0.0,,225259,0,0,0,False
vw_meb_2024.dbc,2,0x24d,MEB_Side_Assist_02,Unknown_01,100,3,False,False,1.0,0.0,,225259,0,0,0,False
vw_meb_2024.dbc,2,0x24d,MEB_Side_Assist_02,Unknown_02,108,3,False,False,1.0,0.0,,225259,0,0,0,False
vw_meb_2024.dbc,2,0x24f,Strukturen_01,Distance_Status,13,2,True,False,1.0,0.0,,281562,0,0,0,False
vw_meb_2024.dbc,2,0x24f,Strukturen_01,Left_Lane_01_Lat_Distance,108,10,True,False,0.065,-33.28,Unit_Meter,281562,0,0,0,True
vw_meb_2024.dbc,2,0x24f,Strukturen_01,Left_Lane_01_Long_Distance,96,12,True,False,0.0625,-3.75,Unit_Meter,281562,0,0,251673,True
vw_meb_2024.dbc,2,0x24f,Strukturen_01,Left_Lane_01_ObjectID,22,6,True,False,1.0,0.0,Unit_ObjectID,281562,0,0,0,False
vw_meb_2024.dbc,2,0x24f,Strukturen_01,Left_Lane_01_Rel_Velo,118,10,True,False,0.25,-128.0,Unit_MeterPerSecond,281562,0,0,0,False
vw_meb_2024.dbc,2,0x24f,Strukturen_01,Left_Lane_02_Lat_Distance,204,10,True,False,0.065,-33.28,Unit_Meter,281562,0,0,0,True
vw_meb_2024.dbc,2,0x24f,Strukturen_01,Left_Lane_02_Long_Distance,192,12,True,False,0.0625,-3.75,Unit_Meter,281562,0,0,273587,True
vw_meb_2024.dbc,2,0x24f,Strukturen_01,Left_Lane_02_ObjectID,40,6,True,False,1.0,0.0,Unit_ObjectID,281562,0,0,0,False
vw_meb_2024.dbc,2,0x24f,Strukturen_01,Left_Lane_02_Rel_Velo,214,10,True,False,0.25,-128.0,Unit_MeterPerSecond,281562,0,0,0,False
vw_meb_2024.dbc,2,0x24f,Strukturen_01,Right_Lane_01_Lat_Distance,140,10,True,False,0.065,-33.28,Unit_Meter,281562,0,0,0,True
vw_meb_2024.dbc,2,0x24f,Strukturen_01,Right_Lane_01_Long_Distance,128,12,True,False,0.0625,-3.75,Unit_Meter,281562,0,0,184976,True
vw_meb_2024.dbc,2,0x24f,Strukturen_01,Right_Lane_01_ObjectID,28,6,True,False,1.0,0.0,Unit_ObjectID,281562,0,0,0,False
vw_meb_2024.dbc,2,0x24f,Strukturen_01,Right_Lane_01_Rel_Velo,150,10,True,False,0.25,-128.0,Unit_MeterPerSecond,281562,0,0,0,False
vw_meb_2024.dbc,2,0x24f,Strukturen_01,Right_Lane_02_Lat_Distance,236,10,True,False,0.065,-33.28,Unit_Meter,281562,0,0,0,True
vw_meb_2024.dbc,2,0x24f,Strukturen_01,Right_Lane_02_Long_Distance,224,12,True,False,0.0625,-3.75,Unit_Meter,281562,0,0,253739,True
vw_meb_2024.dbc,2,0x24f,Strukturen_01,Right_Lane_02_ObjectID,46,6,True,False,1.0,0.0,Unit_ObjectID,281562,0,0,0,False
vw_meb_2024.dbc,2,0x24f,Strukturen_01,Right_Lane_02_Rel_Velo,246,10,True,False,0.25,-128.0,Unit_MeterPerSecond,281562,0,0,0,False
vw_meb_2024.dbc,2,0x24f,Strukturen_01,Same_Lane_01_Lat_Distance,76,10,True,False,0.065,-33.28,Unit_Meter,281562,0,0,0,True
vw_meb_2024.dbc,2,0x24f,Strukturen_01,Same_Lane_01_Long_Distance,64,12,True,False,0.0625,-3.75,Unit_Meter,281562,0,0,173435,True
vw_meb_2024.dbc,2,0x24f,Strukturen_01,Same_Lane_01_ObjectID,16,6,True,False,1.0,0.0,Unit_ObjectID,281562,0,0,0,False
vw_meb_2024.dbc,2,0x24f,Strukturen_01,Same_Lane_01_Rel_Velo,86,10,True,False,0.25,-128.0,Unit_MeterPerSecond,281562,0,0,0,False
vw_meb_2024.dbc,2,0x24f,Strukturen_01,Same_Lane_01_Unknown_01,256,8,True,False,1.0,-128.0,,281562,0,0,208615,False
vw_meb_2024.dbc,2,0x24f,Strukturen_01,Same_Lane_01_Unknown_02,264,6,True,False,1.0,-15.0,,281562,0,0,252925,False
vw_meb_2024.dbc,2,0x24f,Strukturen_01,Same_Lane_01_Unknown_03,270,6,True,False,1.0,0.0,,281562,0,0,0,False
vw_meb_2024.dbc,2,0x24f,Strukturen_01,Same_Lane_01_Unknown_04,277,6,True,False,1.0,0.0,,281562,0,0,133,False
vw_meb_2024.dbc,2,0x24f,Strukturen_01,Same_Lane_01_Unknown_05,284,6,True,False,1.0,0.0,,281562,0,0,67605,False
vw_meb_2024.dbc,2,0x24f,Strukturen_01,Same_Lane_02_Lat_Distance,172,10,True,False,0.065,-33.28,Unit_Meter,281562,0,0,0,True
vw_meb_2024.dbc,2,0x24f,Strukturen_01,Same_Lane_02_Long_Distance,160,12,True,False,0.0625,-3.75,Unit_Meter,281562,0,0,266456,True
vw_meb_2024.dbc,2,0x24f,Strukturen_01,Same_Lane_02_ObjectID,34,6,True,False,1.0,0.0,Unit_ObjectID,281562,0,0,0,False
vw_meb_2024.dbc,2,0x24f,Strukturen_01,Same_Lane_02_Rel_Velo,182,10,True,False,0.25,-128.0,Unit_MeterPerSecond,281562,0,0,0,False
vw_meb_2024.dbc,2,0x24f,Strukturen_01,Unknown_01,12,1,False,False,1.0,0.0,,281562,0,0,0,False
vw_meb_2024.dbc,2,0x24f,Strukturen_01,Unknown_02,52,2,True,False,1.0,0.0,,281562,0,0,0,False
vw_meb_2024.dbc,2,0x24f,Strukturen_01,Unknown_03,54,10,True,False,1.0,0.0,,281562,0,0,163596,False
vw_meb_2024.dbc,2,0x25d,KLR_01,CHECKSUM,0,8,True,False,1.0,0.0,,506,0,0,0,False
vw_meb_2024.dbc,2,0x25d,KLR_01,COUNTER,8,4,True,False,1.0,0.0,,506,0,0,0,False
vw_meb_2024.dbc,2,0x25d,KLR_01,KLR_Fehler,12,1,True,False,1.0,0.0,,506,0,0,0,False
vw_meb_2024.dbc,2,0x25d,KLR_01,KLR_Fehler_Codierung,15,1,True,False,1.0,0.0,,506,0,0,0,False
vw_meb_2024.dbc,2,0x25d,KLR_01,KLR_Lokalaktiv,14,1,True,False,1.0,0.0,,506,0,0,0,False
vw_meb_2024.dbc,2,0x25d,KLR_01,KLR_ResponseError,13,1,True,False,1.0,0.0,,506,0,0,0,False
vw_meb_2024.dbc,2,0x25d,KLR_01,KLR_Touchauswertung,40,4,True,False,1.0,0.0,,506,0,0,0,False
vw_meb_2024.dbc,2,0x25d,KLR_01,KLR_Touchintensitaet_1,16,8,True,False,1.0,0.0,Unit_None,506,0,0,10,False
vw_meb_2024.dbc,2,0x25d,KLR_01,KLR_Touchintensitaet_2,24,8,True,False,1.0,0.0,Unit_None,506,0,0,10,False
vw_meb_2024.dbc,2,0x25d,KLR_01,KLR_Touchintensitaet_3,32,8,True,False,1.0,0.0,Unit_None,506,0,0,10,False
vw_meb_2024.dbc,2,0x26b,TA_01,CHECKSUM,0,8,True,False,1.0,0.0,,112630,0,0,0,False
vw_meb_2024.dbc,2,0x26b,TA_01,COUNTER,8,4,True,False,1.0,0.0,,112630,0,0,0,False
vw_meb_2024.dbc,2,0x26b,TA_01,Init,22,1,False,False,1.0,0.0,,112630,0,0,0,False
vw_meb_2024.dbc,2,0x26b,TA_01,Lane_Unsure,37,2,True,False,1.0,0.0,,112630,0,0,0,False
vw_meb_2024.dbc,2,0x26b,TA_01,Speed_Mode_01,16,1,False,False,1.0,0.0,,112630,0,0,0,False
vw_meb_2024.dbc,2,0x26b,TA_01,Speed_Mode_02,18,1,False,False,1.0,0.0,,112630,0,0,0,False
vw_meb_2024.dbc,2,0x26b,TA_01,Speed_Mode_Status,32,3,True,False,1.0,0.0,,112630,0,0,0,False
vw_meb_2024.dbc,2,0x26b,TA_01,Travel_Assist_Available,23,1,True,False,1.0,0.0,,112630,0,0,0,False
vw_meb_2024.dbc,2,0x26b,TA_01,Travel_Assist_Request,19,3,True,False,1.0,0.0,,112630,0,0,0,False
vw_meb_2024.dbc,2,0x26b,TA_01,Travel_Assist_Status,13,3,True,False,1.0,0.0,,112630,0,0,0,False
vw_meb_2024.dbc,2,0x26b,TA_01,Unknown_01,26,1,False,False,1.0,0.0,,112630,0,0,0,False
vw_meb_2024.dbc,2,0x26b,TA_01,Unknown_02,28,1,False,False,1.0,0.0,,112630,0,0,0,False
vw_meb_2024.dbc,2,0x26b,TA_01,Unknown_03,31,1,False,False,1.0,0.0,,112630,0,0,0,False
vw_meb_2024.dbc,2,0x2b7,RCTA_01,RCTA_01_BZ,8,4,True,False,1.0,0.0,,225259,0,0,0,False
vw_meb_2024.dbc,2,0x2b7,RCTA_01,RCTA_01_CRC,0,8,True,False,1.0,0.0,,225259,0,0,0,False
vw_meb_2024.dbc,2,0x300,MEB_ACC_01,ACA_Querfuehrung,71,2,True,False,1.0,0.0,,187706,0,187706,0,False
vw_meb_2024.dbc,2,0x300,MEB_ACC_01,ACC_Abstandsindex_02,86,10,True,False,1.0,0.0,,187706,0,117204,117204,True
vw_meb_2024.dbc,2,0x300,MEB_ACC_01,ACC_Akustischer_Fahrerhinweis,211,2,True,False,1.0,0.0,,187706,0,0,0,False
vw_meb_2024.dbc,2,0x300,MEB_ACC_01,ACC_Anzeige_Zeitluecke,113,1,True,False,1.0,0.0,,187706,0,0,0,False
vw_meb_2024.dbc,2,0x300,MEB_ACC_01,ACC_Display_Prio,96,2,True,False,1.0,0.0,,187706,0,0,0,False
vw_meb_2024.dbc,2,0x300,MEB_ACC_01,ACC_EGO_Fahrzeug,106,3,True,False,1.0,0.0,,187706,0,0,0,False
vw_meb_2024.dbc,2,0x300,MEB_ACC_01,ACC_Enabled,186,1,False,False,1.0,0.0,,187706,0,0,0,False
vw_meb_2024.dbc,2,0x300,MEB_ACC_01,ACC_Event_Wunschgeschw,140,10,True,False,0.32,0.0,,187706,0,0,187706,False
vw_meb_2024.dbc,2,0x300,MEB_ACC_01,ACC_Events,332,4,False,False,1.0,0.0,Unit_Meter,187706,0,0,0,False
vw_meb_2024.dbc,2,0x300,MEB_ACC_01,ACC_Gesetzte_Zeitluecke,101,3,True,False,1.0,0.0,,187706,0,0,0,False
vw_meb_2024.dbc,2,0x300,MEB_ACC_01,ACC_Limiter_Mode,268,1,False,False,1.0,0.0,,187706,0,0,0,False
vw_meb_2024.dbc,2,0x300,MEB_ACC_01,ACC_Optischer_Fahrerhinweis,104,1,True,False,1.0,0.0,,187706,0,0,0,False
vw_meb_2024.dbc,2,0x300,MEB_ACC_01,ACC_Regelung_AIO,75,1,True,False,1.0,0.0,,187706,0,0,0,False
vw_meb_2024.dbc,2,0x300,MEB_ACC_01,ACC_Relevantes_Objekt_02,109,2,True,False,1.0,0.0,,187706,0,0,0,False
vw_meb_2024.dbc,2,0x300,MEB_ACC_01,ACC_Standby_Override,266,1,False,False,1.0,0.0,,187706,0,0,0,False
vw_meb_2024.dbc,2,0x300,MEB_ACC_01,ACC_Status_ACC,208,3,True,False,1.0,0.0,,187706,0,168,0,False
vw_meb_2024.dbc,2,0x300,MEB_ACC_01,ACC_Tempolimit,64,5,True,False,1.0,0.0,,187706,0,0,0,False
vw_meb_2024.dbc,2,0x300,MEB_ACC_01,ACC_Texte_Primaeranz_02,114,6,True,False,1.0,0.0,,187706,0,0,0,False
vw_meb_2024.dbc,2,0x300,MEB_ACC_01,ACC_Texte_Zusatzanz_02,120,6,True,False,1.0,0.0,,187706,0,0,0,False
vw_meb_2024.dbc,2,0x300,MEB_ACC_01,ACC_Warnhinweis,105,1,True,False,1.0,0.0,,187706,0,0,0,False
vw_meb_2024.dbc,2,0x300,MEB_ACC_01,ACC_Warnung_Verkehrszeichen_1,70,1,True,False,1.0,0.0,,187706,0,187706,0,False
vw_meb_2024.dbc,2,0x300,MEB_ACC_01,ACC_Wunschgeschw_02,76,10,True,False,0.32,0.0,Unit_KiloMeterPerHour,187706,0,0,22013,False
vw_meb_2024.dbc,2,0x300,MEB_ACC_01,ACC_Wunschgeschw_Farbe,69,1,True,False,1.0,0.0,,187706,0,0,0,False
vw_meb_2024.dbc,2,0x300,MEB_ACC_01,ACC_Wunschgeschw_erreicht,112,1,True,False,1.0,0.0,,187706,0,0,0,False
vw_meb_2024.dbc,2,0x300,MEB_ACC_01,ACC_rel_Objekt_Zusatzanz,98,2,True,False,1.0,0.0,,187706,0,0,0,False
vw_meb_2024.dbc,2,0x300,MEB_ACC_01,Heartbeat,150,9,True,False,1.0,0.0,,187706,0,181,187612,False
vw_meb_2024.dbc,2,0x300,MEB_ACC_01,Lead_Brightness,269,4,True,False,1.0,0.0,,187706,0,0,0,False
vw_meb_2024.dbc,2,0x300,MEB_ACC_01,Lead_Distance,290,10,True,False,0.2,0.0,Unit_Meter,187706,0,0,67931,True
vw_meb_2024.dbc,2,0x300,MEB_ACC_01,Lead_Distance_Left,310,10,True,False,0.2,0.0,Unit_Meter,187706,0,0,1642,True
vw_meb_2024.dbc,2,0x300,MEB_ACC_01,Lead_Distance_Right,300,10,True,False,0.2,0.0,Unit_Meter,187706,0,0,0,False
vw_meb_2024.dbc,2,0x300,MEB_ACC_01,Lead_Position,281,2,True,False,1.0,0.0,,187706,0,0,1642,False
vw_meb_2024.dbc,2,0x300,MEB_ACC_01,Lead_Type,287,3,True,False,1.0,0.0,,187706,0,0,4,False
vw_meb_2024.dbc,2,0x300,MEB_ACC_01,Lead_Type_Detected,265,1,False,False,1.0,0.0,,187706,0,0,0,False
vw_meb_2024.dbc,2,0x300,MEB_ACC_01,SET_ME_0X1,199,1,False,False,1.0,0.0,,187706,0,0,0,False
vw_meb_2024.dbc,2,0x300,MEB_ACC_01,SET_ME_0X6A,273,8,True,False,1.0,0.0,,187706,0,0,187511,False
vw_meb_2024.dbc,2,0x300,MEB_ACC_01,SET_ME_0X7FFF,240,16,True,False,1.0,0.0,,187706,0,0,0,False
vw_meb_2024.dbc,2,0x300,MEB_ACC_01,SET_ME_0XFFFF,160,16,True,False,1.0,0.0,,187706,0,0,0,False
vw_meb_2024.dbc,2,0x300,MEB_ACC_01,STA_Primaeranz,126,2,True,False,1.0,0.0,,187706,0,0,0,False
vw_meb_2024.dbc,2,0x300,MEB_ACC_01,Street_Color,267,1,False,False,1.0,0.0,,187706,0,0,0,False
vw_meb_2024.dbc,2,0x300,MEB_ACC_01,Unknown_01,225,1,False,False,1.0,0.0,,187706,0,0,0,False
vw_meb_2024.dbc,2,0x300,MEB_ACC_01,Unknown_02,73,1,False,False,1.0,0.0,,187706,0,0,0,False
vw_meb_2024.dbc,2,0x300,MEB_ACC_01,Unknown_06,226,1,False,False,1.0,0.0,,187706,0,0,0,False
vw_meb_2024.dbc,2,0x300,MEB_ACC_01,Unknown_07,228,1,False,False,1.0,0.0,,187706,0,0,0,False
vw_meb_2024.dbc,2,0x300,MEB_ACC_01,Unknown_08,224,1,False,False,1.0,0.0,,187706,0,0,0,False
vw_meb_2024.dbc,2,0x300,MEB_ACC_01,Unknown_09,262,1,False,False,1.0,0.0,,187706,0,0,0,False
vw_meb_2024.dbc,2,0x300,MEB_ACC_01,Zeitluecke_1,334,9,True,False,0.171,0.0,Unit_Meter,187706,0,0,0,False
vw_meb_2024.dbc,2,0x300,MEB_ACC_01,Zeitluecke_2,344,9,True,False,0.171,0.0,Unit_Meter,187706,0,0,0,False
vw_meb_2024.dbc,2,0x300,MEB_ACC_01,Zeitluecke_3,354,9,True,False,0.171,0.0,Unit_Meter,187706,0,0,0,True
vw_meb_2024.dbc,2,0x300,MEB_ACC_01,Zeitluecke_4,364,9,True,False,0.171,0.0,Unit_Meter,187706,0,0,0,False
vw_meb_2024.dbc,2,0x300,MEB_ACC_01,Zeitluecke_5,374,9,True,False,0.171,0.0,Unit_Meter,187706,0,0,0,True
vw_meb_2024.dbc,2,0x300,MEB_ACC_01,Zeitluecke_Farbe,189,1,False,False,1.0,0.0,,187706,0,0,0,False
vw_meb_2024.dbc,2,0x303,HCA_03,Curvature,24,15,True,False,6.7e-06,0.0,Unit_rad/m,11262,0,0,0,False
vw_meb_2024.dbc,2,0x303,HCA_03,Curvature_VZ,39,1,True,False,1.0,0.0,,11262,0,0,0,False
vw_meb_2024.dbc,2,0x303,HCA_03,HighSendRate,66,1,True,False,1.0,0.0,,11262,0,0,0,False
vw_meb_2024.dbc,2,0x303,HCA_03,Power,16,8,True,False,0.4,0.0,Unit_Percent,11262,0,0,0,False
vw_meb_2024.dbc,2,0x303,HCA_03,RequestStatus,12,4,True,False,1.0,0.0,,11262,0,0,0,False
vw_meb_2024.dbc,2,0x303,HCA_03,Unknown_01,53,1,False,False,1.0,0.0,,11262,0,0,0,False
vw_meb_2024.dbc,2,0x303,HCA_03,Vibration,56,1,False,False,1.0,0.0,,11262,0,0,0,False
vw_meb_2024.dbc,2,0x31b,ESP_24,ABS_Lampe,13,1,True,False,1.0,0.0,,629,0,0,0,False
vw_meb_2024.dbc,2,0x31b,ESP_24,BK_Lampe_02,14,2,True,False,1.0,0.0,,629,0,0,0,False
vw_meb_2024.dbc,2,0x31b,ESP_24,ESP_BKV_Warnung,63,1,True,False,1.0,0.0,,629,0,0,0,False
vw_meb_2024.dbc,2,0x31b,ESP_24,ESP_Fehlerstatus_Wegimp,51,1,True,False,1.0,0.0,,629,0,0,0,False
vw_meb_2024.dbc,2,0x31b,ESP_24,ESP_HDC_Geschw_Farbe,54,1,True,False,1.0,0.0,,629,0,0,0,False
vw_meb_2024.dbc,2,0x31b,ESP_24,ESP_HDC_Regelgeschw,56,7,True,False,0.32,0.0,Unit_KiloMeterPerHour,629,0,629,629,False
vw_meb_2024.dbc,2,0x31b,ESP_24,ESP_Lampe,12,1,True,False,1.0,0.0,,629,0,0,0,False
vw_meb_2024.dbc,2,0x31b,ESP_24,ESP_Meldungen,37,3,True,False,1.0,0.0,,629,0,0,0,False
vw_meb_2024.dbc,2,0x31b,ESP_24,ESP_Off_Lampe,55,1,True,False,1.0,0.0,,629,0,0,0,False
vw_meb_2024.dbc,2,0x31b,ESP_24,ESP_QBit_Wegimp_VA,53,1,True,False,1.0,0.0,,629,0,0,0,False
vw_meb_2024.dbc,2,0x31b,ESP_24,ESP_Textanzeigen_03,32,5,True,False,1.0,0.0,,629,0,0,0,False
vw_meb_2024.dbc,2,0x31b,ESP_24,ESP_Wegimp_Ueberlauf,52,1,True,False,1.0,0.0,,629,0,0,0,False
vw_meb_2024.dbc,2,0x31b,ESP_24,ESP_Wegimp_VA,40,11,True,False,1.0,0.0,,629,0,0,0,False
vw_meb_2024.dbc,2,0x31b,ESP_24,ESP_m_Raddrehz,17,15,True,False,0.002,0.0,Unit_Hertz,629,0,0,0,False
vw_meb_2024.dbc,2,0x31b,ESP_24,TC_Lampe,16,1,True,False,1.0,0.0,,629,0,0,0,False
vw_meb_2024.dbc,2,0x352,Parken_SM_03,Parken_SM_03_MUX,0,3,True,False,1.0,0.0,,112616,0,0,0,False
vw_meb_2024.dbc,2,0x352,Parken_SM_03,Parken_SM_03_Traj_Trans_ID_00,3,4,True,False,1.0,0.0,,16089,0,0,0,False
vw_meb_2024.dbc,2,0x352,Parken_SM_03,Parken_SM_03_Traj_Trans_ID_01,3,4,True,False,1.0,0.0,,16087,0,0,0,False
vw_meb_2024.dbc,2,0x352,Parken_SM_03,Parken_SM_03_Traj_Trans_ID_02,3,4,True,False,1.0,0.0,,16088,0,0,0,False
vw_meb_2024.dbc,2,0x352,Parken_SM_03,Parken_SM_03_Traj_Trans_ID_03,3,4,True,False,1.0,0.0,,16088,0,0,0,False
vw_meb_2024.dbc,2,0x352,Parken_SM_03,Parken_SM_03_Traj_Trans_ID_04,3,4,True,False,1.0,0.0,,16088,0,0,0,False
vw_meb_2024.dbc,2,0x352,Parken_SM_03,Parken_SM_03_Traj_Trans_ID_05,3,4,True,False,1.0,0.0,,16088,0,0,0,False
vw_meb_2024.dbc,2,0x352,Parken_SM_03,Parken_SM_03_Traj_Trans_ID_06,3,4,True,False,1.0,0.0,,16088,0,0,0,False
vw_meb_2024.dbc,2,0x352,Parken_SM_03,Parken_Traj_P1_Pos_X,7,13,True,False,0.5,-2047.5,Unit_Centimeter,16089,0,0,0,False
vw_meb_2024.dbc,2,0x352,Parken_SM_03,Parken_Traj_P1_Pos_Y,20,13,True,False,0.5,-2047.5,Unit_Centimeter,16089,0,0,0,False
vw_meb_2024.dbc,2,0x352,Parken_SM_03,Parken_Traj_P1_Tangent,33,10,True,False,0.3515625,0.0,Unit_DegreOfArc,16089,0,0,0,False
vw_meb_2024.dbc,2,0x352,Parken_SM_03,Parken_Traj_P2_Pos_X,43,13,True,False,0.5,-2047.5,Unit_Centimeter,16089,0,0,0,False
vw_meb_2024.dbc,2,0x352,Parken_SM_03,Parken_Traj_P2_Pos_Y,7,13,True,False,0.5,-2047.5,Unit_Centimeter,16087,0,0,0,False
vw_meb_2024.dbc,2,0x352,Parken_SM_03,Parken_Traj_P2_Tangent,20,10,True,False,0.3515625,0.0,Unit_DegreOfArc,16087,0,0,0,False
vw_meb_2024.dbc,2,0x352,Parken_SM_03,Parken_Traj_P3_Pos_X,30,13,True,False,0.5,-2047.5,Unit_Centimeter,16087,0,0,0,False
vw_meb_2024.dbc,2,0x352,Parken_SM_03,Parken_Traj_P3_Pos_Y,43,13,True,False,0.5,-2047.5,Unit_Centimeter,16087,0,0,0,False
vw_meb_2024.dbc,2,0x352,Parken_SM_03,Parken_Traj_P3_Tangent,7,10,True,False,0.3515625,0.0,Unit_DegreOfArc,16088,0,0,0,False
vw_meb_2024.dbc,2,0x352,Parken_SM_03,Parken_Traj_P4_Pos_X,17,13,True,False,0.5,-2047.5,Unit_Centimeter,16088,0,0,0,False
vw_meb_2024.dbc,2,0x352,Parken_SM_03,Parken_Traj_P4_Pos_Y,30,13,True,False,0.5,-2047.5,Unit_Centimeter,16088,0,0,0,False
vw_meb_2024.dbc,2,0x352,Parken_SM_03,Parken_Traj_P4_Tangent,43,10,True,False,0.3515625,0.0,Unit_DegreOfArc,16088,0,0,0,False
vw_meb_2024.dbc,2,0x352,Parken_SM_03,Parken_Traj_P5_Pos_X,7,13,True,False,0.5,-2047.5,Unit_Centimeter,16088,0,0,0,False
vw_meb_2024.dbc,2,0x352,Parken_SM_03,Parken_Traj_P5_Pos_Y,20,13,True,False,0.5,-2047.5,Unit_Centimeter,16088,0,0,0,False
vw_meb_2024.dbc,2,0x352,Parken_SM_03,Parken_Traj_P5_Tangent,33,10,True,False,0.3515625,0.0,Unit_DegreOfArc,16088,0,0,0,False
vw_meb_2024.dbc,2,0x352,Parken_SM_03,Parken_Traj_P6_Pos_X,43,13,True,False,0.5,-2047.5,Unit_Centimeter,16088,0,0,0,False
vw_meb_2024.dbc,2,0x352,Parken_SM_03,Parken_Traj_P6_Pos_Y,7,13,True,False,0.5,-2047.5,Unit_Centimeter,16088,0,0,0,False
vw_meb_2024.dbc,2,0x352,Parken_SM_03,Parken_Traj_P6_Tangent,20,10,True,False,0.3515625,0.0,Unit_DegreOfArc,16088,0,0,0,False
vw_meb_2024.dbc,2,0x352,Parken_SM_03,Parken_Traj_P7_Pos_X,30,13,True,False,0.5,-2047.5,Unit_Centimeter,16088,0,0,0,False
vw_meb_2024.dbc,2,0x352,Parken_SM_03,Parken_Traj_P7_Pos_Y,43,13,True,False,0.5,-2047.5,Unit_Centimeter,16088,0,0,0,False
vw_meb_2024.dbc,2,0x352,Parken_SM_03,Parken_Traj_P7_Tangent,7,10,True,False,0.3515625,0.0,Unit_DegreOfArc,16088,0,0,0,False
vw_meb_2024.dbc,2,0x352,Parken_SM_03,Parken_Traj_P8_Pos_X,17,13,True,False,0.5,-2047.5,Unit_Centimeter,16088,0,0,0,False
vw_meb_2024.dbc,2,0x352,Parken_SM_03,Parken_Traj_P8_Pos_Y,30,13,True,False,0.5,-2047.5,Unit_Centimeter,16088,0,0,0,False
vw_meb_2024.dbc,2,0x352,Parken_SM_03,Parken_Traj_P8_Tangent,43,10,True,False,0.3515625,0.0,Unit_DegreOfArc,16088,0,0,0,False
vw_meb_2024.dbc,2,0x352,Parken_SM_03,Parken_Traj_P9_Pos_X,7,13,True,False,0.5,-2047.5,Unit_Centimeter,16088,0,0,0,False
vw_meb_2024.dbc,2,0x352,Parken_SM_03,Parken_Traj_P9_Pos_Y,20,13,True,False,0.5,-2047.5,Unit_Centimeter,16088,0,0,0,False
vw_meb_2024.dbc,2,0x352,Parken_SM_03,Parken_Traj_P9_Tangent,33,10,True,False,0.3515625,0.0,Unit_DegreOfArc,16088,0,0,0,False
vw_meb_2024.dbc,2,0x366,Blinkmodi_02,BM_Autobahn,34,1,True,False,1.0,0.0,,37,0,0,0,False
vw_meb_2024.dbc,2,0x366,Blinkmodi_02,BM_Crash,16,1,True,False,1.0,0.0,,37,0,0,0,False
vw_meb_2024.dbc,2,0x366,Blinkmodi_02,BM_DWA_Alarm,15,1,True,False,1.0,0.0,,37,0,0,0,False
vw_meb_2024.dbc,2,0x366,Blinkmodi_02,BM_DWA_ein,14,1,True,False,1.0,0.0,,37,0,0,0,False
vw_meb_2024.dbc,2,0x366,Blinkmodi_02,BM_GDO,19,1,True,False,1.0,0.0,,37,0,0,0,False
vw_meb_2024.dbc,2,0x366,Blinkmodi_02,BM_HD_Oeffnung_angelernt,33,1,True,False,1.0,0.0,,37,0,0,0,False
vw_meb_2024.dbc,2,0x366,Blinkmodi_02,BM_NBA_Status,30,2,True,False,1.0,0.0,,37,0,0,0,False
vw_meb_2024.dbc,2,0x366,Blinkmodi_02,BM_NBA_n_codiert_n_aktiv,29,1,True,False,1.0,0.0,,37,0,37,0,False
vw_meb_2024.dbc,2,0x366,Blinkmodi_02,BM_Not_Bremsung,18,1,True,False,1.0,0.0,,37,0,0,0,False
vw_meb_2024.dbc,2,0x366,Blinkmodi_02,BM_Panik,17,1,True,False,1.0,0.0,,37,0,0,0,False
vw_meb_2024.dbc,2,0x366,Blinkmodi_02,BM_PiloPa,44,1,True,False,1.0,0.0,,37,0,0,0,False
vw_meb_2024.dbc,2,0x366,Blinkmodi_02,BM_Recas,36,1,True,False,1.0,0.0,,37,0,0,0,False
vw_meb_2024.dbc,2,0x366,Blinkmodi_02,BM_Rollenmodus_Blinken,35,1,True,False,1.0,0.0,,37,0,0,0,False
vw_meb_2024.dbc,2,0x366,Blinkmodi_02,BM_Taxi_Notalarm,21,1,True,False,1.0,0.0,,37,0,0,0,False
vw_meb_2024.dbc,2,0x366,Blinkmodi_02,BM_Telematik,22,1,True,False,1.0,0.0,,37,0,0,0,False
vw_meb_2024.dbc,2,0x366,Blinkmodi_02,BM_Telematik_Abbruchgrund,38,6,True,False,1.0,0.0,,37,0,37,0,False
vw_meb_2024.dbc,2,0x366,Blinkmodi_02,BM_WBT_Beleuchtung,32,1,True,False,1.0,0.0,,37,0,0,0,False
vw_meb_2024.dbc,2,0x366,Blinkmodi_02,BM_Warnblinken,20,1,True,False,1.0,0.0,,37,0,0,0,False
vw_meb_2024.dbc,2,0x366,Blinkmodi_02,BM_Wischblinken,37,1,True,False,1.0,0.0,,37,0,0,0,False
vw_meb_2024.dbc,2,0x366,Blinkmodi_02,BM_ZV_auf,12,1,True,False,1.0,0.0,,37,0,0,0,False
vw_meb_2024.dbc,2,0x366,Blinkmodi_02,BM_ZV_zu,13,1,True,False,1.0,0.0,,37,0,0,0,False
vw_meb_2024.dbc,2,0x366,Blinkmodi_02,BM_links,23,1,True,False,1.0,0.0,,37,0,0,0,False
vw_meb_2024.dbc,2,0x366,Blinkmodi_02,BM_rechts,24,1,True,False,1.0,0.0,,37,0,0,0,False
vw_meb_2024.dbc,2,0x366,Blinkmodi_02,Blinken_li_Fzg_Takt,25,1,True,False,1.0,0.0,,37,0,0,0,False
vw_meb_2024.dbc,2,0x366,Blinkmodi_02,Blinken_li_Kombi_Takt,27,1,True,False,1.0,0.0,,37,0,0,0,False
vw_meb_2024.dbc,2,0x366,Blinkmodi_02,Blinken_re_Fzg_Takt,26,1,True,False,1.0,0.0,,37,0,0,0,False
vw_meb_2024.dbc,2,0x366,Blinkmodi_02,Blinken_re_Kombi_Takt,28,1,True,False,1.0,0.0,,37,0,0,0,False
vw_meb_2024.dbc,2,0x366,Blinkmodi_02,DWA_Alarmquelle,59,5,True,False,1.0,0.0,,37,0,0,0,False
vw_meb_2024.dbc,2,0x366,Blinkmodi_02,Unknown_01,45,2,True,False,1.0,0.0,,37,0,0,0,False
vw_meb_2024.dbc,2,0x380,APS_Master,Active,54,1,False,False,1.0,0.0,,140771,0,0,0,False
vw_meb_2024.dbc,2,0x380,APS_Master,Distance,55,9,True,False,1.0,0.0,,140771,0,0,137941,False
vw_meb_2024.dbc,2,0x397,LDW_02,LDW_Anlaufsp_VLR,24,4,True,False,1.0,0.0,,112636,0,0,0,False
vw_meb_2024.dbc,2,0x397,LDW_02,LDW_Anlaufzeit_VLR,32,4,True,False,1.0,0.0,,112636,0,0,0,False
vw_meb_2024.dbc,2,0x397,LDW_02,LDW_Codierinfo_fuer_VLR,58,2,True,False,1.0,0.0,,112636,0,0,0,False
vw_meb_2024.dbc,2,0x397,LDW_02,LDW_DLC,40,8,True,False,0.01,-1.25,Unit_Meter,112636,0,0,0,False
vw_meb_2024.dbc,2,0x397,LDW_02,LDW_Frontscheibenheizung_aktiv,60,1,True,False,1.0,0.0,,112636,0,0,0,False
vw_meb_2024.dbc,2,0x397,LDW_02,LDW_Gong,12,2,True,False,1.0,0.0,,112636,0,0,0,False
vw_meb_2024.dbc,2,0x397,LDW_02,LDW_KD_Fehler,63,1,True,False,1.0,0.0,,112636,0,0,0,False
vw_meb_2024.dbc,2,0x397,LDW_02,LDW_Lernmodus,21,3,True,False,1.0,0.0,,112636,0,0,0,False
vw_meb_2024.dbc,2,0x397,LDW_02,LDW_Lernmodus_links,38,2,True,False,1.0,0.0,,112636,0,0,0,False
vw_meb_2024.dbc,2,0x397,LDW_02,LDW_Lernmodus_rechts,36,2,True,False,1.0,0.0,,112636,0,0,0,False
vw_meb_2024.dbc,2,0x397,LDW_02,LDW_SW_Warnung_links,14,1,True,False,1.0,0.0,,112636,0,0,0,False
vw_meb_2024.dbc,2,0x397,LDW_02,LDW_SW_Warnung_rechts,15,1,True,False,1.0,0.0,,112636,0,0,0,False
vw_meb_2024.dbc,2,0x397,LDW_02,LDW_Seite_DLCTLC,20,1,True,False,1.0,0.0,,112636,0,0,0,False
vw_meb_2024.dbc,2,0x397,LDW_02,LDW_Status_LED_gelb,61,1,True,False,1.0,0.0,,112636,0,0,0,False
vw_meb_2024.dbc,2,0x397,LDW_02,LDW_Status_LED_gruen,62,1,True,False,1.0,0.0,,112636,0,0,0,False
vw_meb_2024.dbc,2,0x397,LDW_02,LDW_TLC,48,5,True,False,0.1,0.0,Unit_Secon,112636,0,0,0,False
vw_meb_2024.dbc,2,0x397,LDW_02,LDW_Texte,16,4,True,False,1.0,0.0,,112636,0,0,0,False
vw_meb_2024.dbc,2,0x397,LDW_02,LDW_Vib_Amp_VLR,28,4,True,False,1.0,0.0,,112636,0,0,0,False
vw_meb_2024.dbc,2,0x397,LDW_02,LDW_Warnung_links,56,1,True,False,1.0,0.0,,112636,0,0,0,False
vw_meb_2024.dbc,2,0x397,LDW_02,LDW_Warnung_rechts,57,1,True,False,1.0,0.0,,112636,0,0,0,False
vw_meb_2024.dbc,2,0x3be,Motor_14,CHECKSUM,0,8,True,False,1.0,0.0,,318,0,0,0,False
vw_meb_2024.dbc,2,0x3be,Motor_14,COUNTER,8,4,True,False,1.0,0.0,,318,0,0,0,False
vw_meb_2024.dbc,2,0x3be,Motor_14,MO_Aussp_Anlass,35,1,True,False,1.0,0.0,,318,0,0,0,False
vw_meb_2024.dbc,2,0x3be,Motor_14,MO_BKV_Unterdruckwarnung,45,1,True,False,1.0,0.0,,318,0,0,0,False
vw_meb_2024.dbc,2,0x3be,Motor_14,MO_BLS,30,1,True,False,1.0,0.0,,318,0,0,0,False
vw_meb_2024.dbc,2,0x3be,Motor_14,MO_BMS_NV_Anf_stuetzen,58,1,True,False,1.0,0.0,,318,0,0,0,False
vw_meb_2024.dbc,2,0x3be,Motor_14,MO_EKlKomLeiRed,42,2,True,False,1.0,0.0,,318,0,0,0,False
vw_meb_2024.dbc,2,0x3be,Motor_14,MO_Ext_E_Fahrt_aktiv,27,1,True,False,1.0,0.0,,318,0,0,0,False
vw_meb_2024.dbc,2,0x3be,Motor_14,MO_FMAus_Startvariante,56,2,True,False,1.0,0.0,,318,0,0,0,False
vw_meb_2024.dbc,2,0x3be,Motor_14,MO_FMAus_aktiv,55,1,True,False,1.0,0.0,,318,0,0,0,False
vw_meb_2024.dbc,2,0x3be,Motor_14,MO_Fahrer_bremst,28,1,True,False,1.0,0.0,,318,0,0,0,False
vw_meb_2024.dbc,2,0x3be,Motor_14,MO_Freig_Anlass,36,1,True,False,1.0,0.0,,318,0,0,0,False
vw_meb_2024.dbc,2,0x3be,Motor_14,MO_Freig_Reku,16,2,True,False,1.0,0.0,,318,0,0,0,False
vw_meb_2024.dbc,2,0x3be,Motor_14,MO_Freigabe_Segeln,46,1,True,False,1.0,0.0,,318,0,0,0,False
vw_meb_2024.dbc,2,0x3be,Motor_14,MO_Gangposition,20,4,True,False,1.0,0.0,,318,0,0,0,False
vw_meb_2024.dbc,2,0x3be,Motor_14,MO_HYB_Fahrbereitschaft,26,1,True,False,1.0,0.0,,318,0,0,0,False
vw_meb_2024.dbc,2,0x3be,Motor_14,MO_HYB_VM_aktiv,61,1,True,False,1.0,0.0,,318,0,0,0,False
vw_meb_2024.dbc,2,0x3be,Motor_14,MO_Handshake_STH,44,1,True,False,1.0,0.0,,318,0,0,0,False
vw_meb_2024.dbc,2,0x3be,Motor_14,MO_Interlock,38,1,True,False,1.0,0.0,,318,0,0,0,False
vw_meb_2024.dbc,2,0x3be,Motor_14,MO_Kickdown,40,1,True,False,1.0,0.0,,318,0,0,0,False
vw_meb_2024.dbc,2,0x3be,Motor_14,MO_Kl_50,19,1,True,False,1.0,0.0,,318,0,0,0,False
vw_meb_2024.dbc,2,0x3be,Motor_14,MO_Kl_75,18,1,True,False,1.0,0.0,,318,0,0,0,False
vw_meb_2024.dbc,2,0x3be,Motor_14,MO_Klima_Eingr,33,2,True,False,1.0,0.0,,318,0,0,0,False
vw_meb_2024.dbc,2,0x3be,Motor_14,MO_KomFehler_ESP,32,1,True,False,1.0,0.0,,318,0,318,0,False
vw_meb_2024.dbc,2,0x3be,Motor_14,MO_Konsistenz_Bremsped,31,1,True,False,1.0,0.0,,318,0,0,0,False
vw_meb_2024.dbc,2,0x3be,Motor_14,MO_Kuppl_schalter,37,1,True,False,1.0,0.0,,318,0,0,0,False
vw_meb_2024.dbc,2,0x3be,Motor_14,MO_Motor_laeuft,39,1,True,False,1.0,0.0,,318,0,0,0,False
vw_meb_2024.dbc,2,0x3be,Motor_14,MO_PTC_Status,47,3,True,False,1.0,0.0,,318,0,0,0,False
vw_meb_2024.dbc,2,0x3be,Motor_14,MO_QBit_Fahrer_bremst,29,1,True,False,1.0,0.0,,318,0,0,0,False
vw_meb_2024.dbc,2,0x3be,Motor_14,MO_QBit_Gangposition,50,1,True,False,1.0,0.0,,318,0,318,0,False
vw_meb_2024.dbc,2,0x3be,Motor_14,MO_QBit_KL_75,41,1,True,False,1.0,0.0,,318,0,318,0,False
vw_meb_2024.dbc,2,0x3be,Motor_14,MO_Remotestart_Betrieb,52,1,True,False,1.0,0.0,,318,0,0,0,False
vw_meb_2024.dbc,2,0x3be,Motor_14,MO_Remotestart_moeglich,53,1,True,False,1.0,0.0,,318,0,0,0,False
vw_meb_2024.dbc,2,0x3be,Motor_14,MO_Signalquelle_Gangposition,51,1,True,False,1.0,0.0,,318,0,0,0,False
vw_meb_2024.dbc,2,0x3be,Motor_14,MO_StartStopp_Fahrerwunsch,24,2,True,False,1.0,0.0,,318,0,318,0,False
vw_meb_2024.dbc,2,0x3be,Motor_14,MO_StartStopp_Motorstopp,15,1,True,False,1.0,0.0,,318,0,0,0,False
vw_meb_2024.dbc,2,0x3be,Motor_14,MO_StartStopp_Status,12,2,True,False,1.0,0.0,,318,0,0,0,False
vw_meb_2024.dbc,2,0x3be,Motor_14,MO_StartStopp_Wiederstart,14,1,True,False,1.0,0.0,,318,0,0,0,False
vw_meb_2024.dbc,2,0x3be,Motor_14,MO_StartVorauss_erfuellt,62,2,True,False,1.0,0.0,,318,0,0,0,False
vw_meb_2024.dbc,2,0x3be,Motor_14,MO_Zylinderabschaltung,59,2,True,False,1.0,0.0,,318,0,0,0,False
vw_meb_2024.dbc,2,0x3c0,Klemmen_Status_01,BCM_Ausparken_Betrieb,28,1,True,False,1.0,0.0,,314,0,0,0,False
vw_meb_2024.dbc,2,0x3c0,Klemmen_Status_01,BCM_Remotestart_Betrieb,20,1,True,False,1.0,0.0,,314,0,0,0,False
vw_meb_2024.dbc,2,0x3c0,Klemmen_Status_01,BCM_Remotestart_KL15_Anf,22,1,True,False,1.0,0.0,,314,0,0,0,False
vw_meb_2024.dbc,2,0x3c0,Klemmen_Status_01,BCM_Remotestart_MO_Start,23,1,True,False,1.0,0.0,,314,0,0,0,False
vw_meb_2024.dbc,2,0x3c0,Klemmen_Status_01,KST_Fahrerhinweis_1,26,1,True,False,1.0,0.0,,314,0,0,0,False
vw_meb_2024.dbc,2,0x3c0,Klemmen_Status_01,KST_Fahrerhinweis_2,27,1,True,False,1.0,0.0,,314,0,0,0,False
vw_meb_2024.dbc,2,0x3c0,Klemmen_Status_01,KST_Fahrerhinweis_4,29,1,True,False,1.0,0.0,,314,0,0,0,False
vw_meb_2024.dbc,2,0x3c0,Klemmen_Status_01,KST_Fahrerhinweis_5,30,1,True,False,1.0,0.0,,314,0,0,0,False
vw_meb_2024.dbc,2,0x3c0,Klemmen_Status_01,KST_Fahrerhinweis_6,31,1,True,False,1.0,0.0,,314,0,0,0,False
vw_meb_2024.dbc,2,0x3c0,Klemmen_Status_01,KST_Warn_P1_ZST_def,24,1,True,False,1.0,0.0,,314,0,0,0,False
vw_meb_2024.dbc,2,0x3c0,Klemmen_Status_01,KST_Warn_P2_ZST_def,25,1,True,False,1.0,0.0,,314,0,0,0,False
vw_meb_2024.dbc,2,0x3c0,Klemmen_Status_01,Klemmen_Status_01_BZ,8,4,True,False,1.0,0.0,,314,0,0,0,False
vw_meb_2024.dbc,2,0x3c0,Klemmen_Status_01,Klemmen_Status_01_CRC,0,8,True,False,1.0,0.0,,314,0,0,0,False
vw_meb_2024.dbc,2,0x3c0,Klemmen_Status_01,RSt_Fahrerhinweise,12,4,True,False,1.0,0.0,,314,0,314,0,False
vw_meb_2024.dbc,2,0x3c0,Klemmen_Status_01,ZAS_Kl_15,17,1,True,False,1.0,0.0,,314,0,0,0,False
vw_meb_2024.dbc,2,0x3c0,Klemmen_Status_01,ZAS_Kl_50_Startanforderung,19,1,True,False,1.0,0.0,,314,0,0,0,False
vw_meb_2024.dbc,2,0x3c0,Klemmen_Status_01,ZAS_Kl_Infotainment,21,1,True,False,1.0,0.0,,314,0,0,0,False
vw_meb_2024.dbc,2,0x3c0,Klemmen_Status_01,ZAS_Kl_S,16,1,True,False,1.0,0.0,,314,0,0,0,False
vw_meb_2024.dbc,2,0x3c0,Klemmen_Status_01,ZAS_Kl_X,18,1,True,False,1.0,0.0,,314,0,0,0,False
vw_meb_2024.dbc,2,0x3ce,TSG_HFS_01,ASW_Warnung_aktiv_HFS,40,1,True,False,1.0,0.0,,314,0,0,0,False
vw_meb_2024.dbc,2,0x3ce,TSG_HFS_01,HFS_FH_Bew_hoch,32,1,True,False,1.0,0.0,,314,0,0,0,False
vw_meb_2024.dbc,2,0x3ce,TSG_HFS_01,HFS_FH_Bew_tief,33,1,True,False,1.0,0.0,,314,0,0,0,False
vw_meb_2024.dbc,2,0x3ce,TSG_HFS_01,HFS_FH_Block,35,1,True,False,1.0,0.0,,314,0,0,0,False
vw_meb_2024.dbc,2,0x3ce,TSG_HFS_01,HFS_FH_Fang,34,1,True,False,1.0,0.0,,314,0,0,0,False
vw_meb_2024.dbc,2,0x3ce,TSG_HFS_01,HFS_FH_Oeffnung,24,8,True,False,0.5,0.0,Unit_PerCent,314,0,0,0,False
vw_meb_2024.dbc,2,0x3ce,TSG_HFS_01,HFS_FH_S_AutoHoch,21,1,True,False,1.0,0.0,,314,0,0,0,False
vw_meb_2024.dbc,2,0x3ce,TSG_HFS_01,HFS_FH_S_AutoTief,23,1,True,False,1.0,0.0,,314,0,0,0,False
vw_meb_2024.dbc,2,0x3ce,TSG_HFS_01,HFS_FH_S_HBFS_AutoHoch,10,1,True,False,1.0,0.0,,314,0,0,0,False
vw_meb_2024.dbc,2,0x3ce,TSG_HFS_01,HFS_FH_S_HBFS_AutoTief,11,1,True,False,1.0,0.0,,314,0,0,0,False
vw_meb_2024.dbc,2,0x3ce,TSG_HFS_01,HFS_FH_S_HBFS_ManHoch,12,1,True,False,1.0,0.0,,314,0,0,0,False
vw_meb_2024.dbc,2,0x3ce,TSG_HFS_01,HFS_FH_S_HBFS_ManTief,13,1,True,False,1.0,0.0,,314,0,0,0,False
vw_meb_2024.dbc,2,0x3ce,TSG_HFS_01,HFS_FH_S_ManHoch,20,1,True,False,1.0,0.0,,314,0,0,0,False
vw_meb_2024.dbc,2,0x3ce,TSG_HFS_01,HFS_FH_S_ManTief,22,1,True,False,1.0,0.0,,314,0,0,0,False
vw_meb_2024.dbc,2,0x3ce,TSG_HFS_01,HFS_FH_Thermo,36,1,True,False,1.0,0.0,,314,0,0,0,False
vw_meb_2024.dbc,2,0x3ce,TSG_HFS_01,HFS_FH_normiert,39,1,True,False,1.0,0.0,,314,0,0,0,False
vw_meb_2024.dbc,2,0x3ce,TSG_HFS_01,HFS_Heckrollotaster_betaetigt,3,1,True,False,1.0,0.0,,314,0,0,0,False
vw_meb_2024.dbc,2,0x3ce,TSG_HFS_01,HFS_Lock_Taster,6,1,True,False,1.0,0.0,,314,0,0,0,False
vw_meb_2024.dbc,2,0x3ce,TSG_HFS_01,HFS_Lock_Taster_inv,55,1,True,False,1.0,0.0,,314,0,0,0,False
vw_meb_2024.dbc,2,0x3ce,TSG_HFS_01,HFS_MRollo_Schalter,52,3,True,False,1.0,0.0,,314,0,314,0,False
vw_meb_2024.dbc,2,0x3ce,TSG_HFS_01,HFS_Oben_Block_erw,46,1,True,False,1.0,0.0,,314,0,0,0,False
vw_meb_2024.dbc,2,0x3ce,TSG_HFS_01,HFS_SAD_Schalter,16,4,True,False,1.0,0.0,,314,0,314,0,False
vw_meb_2024.dbc,2,0x3ce,TSG_HFS_01,HFS_Seitenrollo_hoch,42,1,True,False,1.0,0.0,,314,0,0,0,False
vw_meb_2024.dbc,2,0x3ce,TSG_HFS_01,HFS_Seitenrollo_tief,43,1,True,False,1.0,0.0,,314,0,0,0,False
vw_meb_2024.dbc,2,0x3ce,TSG_HFS_01,HFS_Sperrklinke,7,1,True,False,1.0,0.0,,314,0,0,0,False
vw_meb_2024.dbc,2,0x3ce,TSG_HFS_01,HFS_Status_KiSi,44,1,True,False,1.0,0.0,,314,0,0,0,False
vw_meb_2024.dbc,2,0x3ce,TSG_HFS_01,HFS_Status_eTAG,56,2,True,False,1.0,0.0,,314,0,314,0,False
vw_meb_2024.dbc,2,0x3ce,TSG_HFS_01,HFS_TAG_betaetigt,8,1,True,False,1.0,0.0,,314,0,0,0,False
vw_meb_2024.dbc,2,0x3ce,TSG_HFS_01,HFS_TCR_Mode_aktiv,59,1,True,False,1.0,0.0,,314,0,0,0,False
vw_meb_2024.dbc,2,0x3ce,TSG_HFS_01,HFS_TIG_betaetigt,9,1,True,False,1.0,0.0,,314,0,0,0,False
vw_meb_2024.dbc,2,0x3ce,TSG_HFS_01,HFS_Tuer_Status,14,2,True,False,1.0,0.0,,314,0,0,0,False
vw_meb_2024.dbc,2,0x3ce,TSG_HFS_01,HFS_Tuer_Status_QBit,58,1,True,False,1.0,0.0,,314,0,0,0,False
vw_meb_2024.dbc,2,0x3ce,TSG_HFS_01,HFS_Tuer_geoeffnet,0,1,True,False,1.0,0.0,,314,0,0,0,False
vw_meb_2024.dbc,2,0x3ce,TSG_HFS_01,HFS_Tueroeffnen_Warnung,38,1,True,False,1.0,0.0,,314,0,0,0,False
vw_meb_2024.dbc,2,0x3ce,TSG_HFS_01,HFS_Tuerschloss_defekt,4,1,True,False,1.0,0.0,,314,0,0,0,False
vw_meb_2024.dbc,2,0x3ce,TSG_HFS_01,HFS_UEKB_aktiviert,37,1,True,False,1.0,0.0,,314,0,0,0,False
vw_meb_2024.dbc,2,0x3ce,TSG_HFS_01,HFS_Unlock_Taster,5,1,True,False,1.0,0.0,,314,0,0,0,False
vw_meb_2024.dbc,2,0x3ce,TSG_HFS_01,HFS_Unten_Block_erw,47,1,True,False,1.0,0.0,,314,0,0,0,False
vw_meb_2024.dbc,2,0x3ce,TSG_HFS_01,HFS_Zuziehhilfe_aktiv,41,1,True,False,1.0,0.0,,314,0,314,0,False
vw_meb_2024.dbc,2,0x3ce,TSG_HFS_01,HFS_gesafet,2,1,True,False,1.0,0.0,,314,0,0,0,False
vw_meb_2024.dbc,2,0x3ce,TSG_HFS_01,HFS_verriegelt,1,1,True,False,1.0,0.0,,314,0,0,0,False
vw_meb_2024.dbc,2,0x3ce,TSG_HFS_01,MTHFS_M_Taste,48,1,True,False,1.0,0.0,,314,0,0,0,False
vw_meb_2024.dbc,2,0x3ce,TSG_HFS_01,MTHFS_Pos1,49,1,True,False,1.0,0.0,,314,0,0,0,False
vw_meb_2024.dbc,2,0x3ce,TSG_HFS_01,MTHFS_Pos2,50,1,True,False,1.0,0.0,,314,0,0,0,False
vw_meb_2024.dbc,2,0x3ce,TSG_HFS_01,MTHFS_Pos3,51,1,True,False,1.0,0.0,,314,0,0,0,False
vw_meb_2024.dbc,2,0x3ce,TSG_HFS_01,SSR_HFS_Pos_Unten,45,1,True,False,1.0,0.0,,314,0,0,0,False
vw_meb_2024.dbc,2,0x3cf,TSG_HBFS_01,ASW_Warnung_aktiv_HBFS,40,1,True,False,1.0,0.0,,315,0,0,0,False
vw_meb_2024.dbc,2,0x3cf,TSG_HBFS_01,HBFS_FH_Bew_hoch,32,1,True,False,1.0,0.0,,315,0,0,0,False
vw_meb_2024.dbc,2,0x3cf,TSG_HBFS_01,HBFS_FH_Bew_tief,33,1,True,False,1.0,0.0,,315,0,0,0,False
vw_meb_2024.dbc,2,0x3cf,TSG_HBFS_01,HBFS_FH_Block,35,1,True,False,1.0,0.0,,315,0,0,0,False
vw_meb_2024.dbc,2,0x3cf,TSG_HBFS_01,HBFS_FH_Fang,34,1,True,False,1.0,0.0,,315,0,0,0,False
vw_meb_2024.dbc,2,0x3cf,TSG_HBFS_01,HBFS_FH_Oeffnung,24,8,True,False,0.5,0.0,Unit_PerCent,315,0,0,0,False
vw_meb_2024.dbc,2,0x3cf,TSG_HBFS_01,HBFS_FH_S_AutoHoch,21,1,True,False,1.0,0.0,,315,0,0,0,False
vw_meb_2024.dbc,2,0x3cf,TSG_HBFS_01,HBFS_FH_S_AutoTief,23,1,True,False,1.0,0.0,,315,0,0,0,False
vw_meb_2024.dbc,2,0x3cf,TSG_HBFS_01,HBFS_FH_S_HFS_AutoHoch,10,1,True,False,1.0,0.0,,315,0,0,0,False
vw_meb_2024.dbc,2,0x3cf,TSG_HBFS_01,HBFS_FH_S_HFS_AutoTief,11,1,True,False,1.0,0.0,,315,0,0,0,False
vw_meb_2024.dbc,2,0x3cf,TSG_HBFS_01,HBFS_FH_S_HFS_ManHoch,12,1,True,False,1.0,0.0,,315,0,0,0,False
vw_meb_2024.dbc,2,0x3cf,TSG_HBFS_01,HBFS_FH_S_HFS_ManTief,13,1,True,False,1.0,0.0,,315,0,0,0,False
vw_meb_2024.dbc,2,0x3cf,TSG_HBFS_01,HBFS_FH_S_ManHoch,20,1,True,False,1.0,0.0,,315,0,0,0,False
vw_meb_2024.dbc,2,0x3cf,TSG_HBFS_01,HBFS_FH_S_ManTief,22,1,True,False,1.0,0.0,,315,0,0,0,False
vw_meb_2024.dbc,2,0x3cf,TSG_HBFS_01,HBFS_FH_Thermo,36,1,True,False,1.0,0.0,,315,0,0,0,False
vw_meb_2024.dbc,2,0x3cf,TSG_HBFS_01,HBFS_FH_normiert,39,1,True,False,1.0,0.0,,315,0,0,0,False
vw_meb_2024.dbc,2,0x3cf,TSG_HBFS_01,HBFS_Heckrollotaster_betaetigt,3,1,True,False,1.0,0.0,,315,0,0,0,False
vw_meb_2024.dbc,2,0x3cf,TSG_HBFS_01,HBFS_Lock_Taster,6,1,True,False,1.0,0.0,,315,0,0,0,False
vw_meb_2024.dbc,2,0x3cf,TSG_HBFS_01,HBFS_Lock_Taster_inv,55,1,True,False,1.0,0.0,,315,0,0,0,False
vw_meb_2024.dbc,2,0x3cf,TSG_HBFS_01,HBFS_MRollo_Schalter,52,3,True,False,1.0,0.0,,315,0,315,0,False
vw_meb_2024.dbc,2,0x3cf,TSG_HBFS_01,HBFS_Oben_Block_erw,46,1,True,False,1.0,0.0,,315,0,0,0,False
vw_meb_2024.dbc,2,0x3cf,TSG_HBFS_01,HBFS_SAD_Schalter,16,4,True,False,1.0,0.0,,315,0,315,0,False
vw_meb_2024.dbc,2,0x3cf,TSG_HBFS_01,HBFS_Seitenrollo_hoch,42,1,True,False,1.0,0.0,,315,0,0,0,False
vw_meb_2024.dbc,2,0x3cf,TSG_HBFS_01,HBFS_Seitenrollo_tief,43,1,True,False,1.0,0.0,,315,0,0,0,False
vw_meb_2024.dbc,2,0x3cf,TSG_HBFS_01,HBFS_Sperrklinke,7,1,True,False,1.0,0.0,,315,0,0,0,False
vw_meb_2024.dbc,2,0x3cf,TSG_HBFS_01,HBFS_Status_KiSi,44,1,True,False,1.0,0.0,,315,0,0,0,False
vw_meb_2024.dbc,2,0x3cf,TSG_HBFS_01,HBFS_Status_KiSi_inv,56,1,True,False,1.0,0.0,,315,0,0,0,False
vw_meb_2024.dbc,2,0x3cf,TSG_HBFS_01,HBFS_Status_eTAG,57,2,True,False,1.0,0.0,,315,0,315,0,False
vw_meb_2024.dbc,2,0x3cf,TSG_HBFS_01,HBFS_TAG_betaetigt,8,1,True,False,1.0,0.0,,315,0,0,0,False
vw_meb_2024.dbc,2,0x3cf,TSG_HBFS_01,HBFS_TIG_betaetigt,9,1,True,False,1.0,0.0,,315,0,0,0,False
vw_meb_2024.dbc,2,0x3cf,TSG_HBFS_01,HBFS_TIG_betaetigt_schliessen,60,1,True,False,1.0,0.0,,315,0,0,0,False
vw_meb_2024.dbc,2,0x3cf,TSG_HBFS_01,HBFS_Tuer_Status,14,2,True,False,1.0,0.0,,315,0,0,0,False
vw_meb_2024.dbc,2,0x3cf,TSG_HBFS_01,HBFS_Tuer_Status_QBit,59,1,True,False,1.0,0.0,,315,0,0,0,False
vw_meb_2024.dbc,2,0x3cf,TSG_HBFS_01,HBFS_Tuer_geoeffnet,0,1,True,False,1.0,0.0,,315,0,0,0,False
vw_meb_2024.dbc,2,0x3cf,TSG_HBFS_01,HBFS_Tueroeffnen_Warnung,38,1,True,False,1.0,0.0,,315,0,0,0,False
vw_meb_2024.dbc,2,0x3cf,TSG_HBFS_01,HBFS_Tuerschloss_defekt,4,1,True,False,1.0,0.0,,315,0,0,0,False
vw_meb_2024.dbc,2,0x3cf,TSG_HBFS_01,HBFS_UEKB_aktiviert,37,1,True,False,1.0,0.0,,315,0,0,0,False
vw_meb_2024.dbc,2,0x3cf,TSG_HBFS_01,HBFS_Unlock_Taster,5,1,True,False,1.0,0.0,,315,0,0,0,False
vw_meb_2024.dbc,2,0x3cf,TSG_HBFS_01,HBFS_Unten_Block_erw,47,1,True,False,1.0,0.0,,315,0,0,0,False
vw_meb_2024.dbc,2,0x3cf,TSG_HBFS_01,HBFS_Zuziehhilfe_aktiv,41,1,True,False,1.0,0.0,,315,0,315,0,False
vw_meb_2024.dbc,2,0x3cf,TSG_HBFS_01,HBFS_gesafet,2,1,True,False,1.0,0.0,,315,0,0,0,False
vw_meb_2024.dbc,2,0x3cf,TSG_HBFS_01,HBFS_verriegelt,1,1,True,False,1.0,0.0,,315,0,0,0,False
vw_meb_2024.dbc,2,0x3cf,TSG_HBFS_01,MTHBFS_M_Taste,48,1,True,False,1.0,0.0,,315,0,0,0,False
vw_meb_2024.dbc,2,0x3cf,TSG_HBFS_01,MTHBFS_Pos1,49,1,True,False,1.0,0.0,,315,0,0,0,False
vw_meb_2024.dbc,2,0x3cf,TSG_HBFS_01,MTHBFS_Pos2,50,1,True,False,1.0,0.0,,315,0,0,0,False
vw_meb_2024.dbc,2,0x3cf,TSG_HBFS_01,MTHBFS_Pos3,51,1,True,False,1.0,0.0,,315,0,0,0,False
vw_meb_2024.dbc,2,0x3cf,TSG_HBFS_01,SSR_HBFS_Pos_Unten,45,1,True,False,1.0,0.0,,315,0,0,0,False
vw_meb_2024.dbc,2,0x3d0,TSG_FT_01,ASW_HMI_defekt,38,1,True,False,1.0,0.0,,318,0,0,0,False
vw_meb_2024.dbc,2,0x3d0,TSG_FT_01,ASW_Warnung_aktiv_FS,56,1,True,False,1.0,0.0,,318,0,0,0,False
vw_meb_2024.dbc,2,0x3d0,TSG_FT_01,ASW_wakeup,45,1,True,False,1.0,0.0,,318,0,0,0,False
vw_meb_2024.dbc,2,0x3d0,TSG_FT_01,FS_Status_eTAG,62,2,True,False,1.0,0.0,,318,0,318,0,False
vw_meb_2024.dbc,2,0x3d0,TSG_FT_01,FT_BFS_Fond_Freigabe,52,1,True,False,1.0,0.0,,318,0,0,0,False
vw_meb_2024.dbc,2,0x3d0,TSG_FT_01,FT_Daemmglas,54,1,True,False,1.0,0.0,,318,0,0,0,False
vw_meb_2024.dbc,2,0x3d0,TSG_FT_01,FT_FH_Bew_hoch,32,1,True,False,1.0,0.0,,318,0,318,0,False
vw_meb_2024.dbc,2,0x3d0,TSG_FT_01,FT_FH_Bew_tief,33,1,True,False,1.0,0.0,,318,0,318,0,False
vw_meb_2024.dbc,2,0x3d0,TSG_FT_01,FT_FH_Block,35,1,True,False,1.0,0.0,,318,0,318,0,False
vw_meb_2024.dbc,2,0x3d0,TSG_FT_01,FT_FH_Fang,34,1,True,False,1.0,0.0,,318,0,0,0,False
vw_meb_2024.dbc,2,0x3d0,TSG_FT_01,FT_FH_Oeffnung,24,8,True,False,0.5,0.0,Unit_PerCent,318,0,0,0,False
vw_meb_2024.dbc,2,0x3d0,TSG_FT_01,FT_FH_Pos_oben,57,1,True,False,1.0,0.0,,318,0,0,0,False
vw_meb_2024.dbc,2,0x3d0,TSG_FT_01,FT_FH_S_AutoHoch,21,1,True,False,1.0,0.0,,318,0,318,0,False
vw_meb_2024.dbc,2,0x3d0,TSG_FT_01,FT_FH_S_AutoTief,23,1,True,False,1.0,0.0,,318,0,318,0,False
vw_meb_2024.dbc,2,0x3d0,TSG_FT_01,FT_FH_S_ManHoch,20,1,True,False,1.0,0.0,,318,0,318,0,False
vw_meb_2024.dbc,2,0x3d0,TSG_FT_01,FT_FH_S_ManTief,22,1,True,False,1.0,0.0,,318,0,318,0,False
vw_meb_2024.dbc,2,0x3d0,TSG_FT_01,FT_FH_Thermo,36,1,True,False,1.0,0.0,,318,0,318,0,False
vw_meb_2024.dbc,2,0x3d0,TSG_FT_01,FT_FH_normiert,39,1,True,False,1.0,0.0,,318,0,0,0,False
vw_meb_2024.dbc,2,0x3d0,TSG_FT_01,FT_HD_Taste,11,1,True,False,1.0,0.0,,318,0,318,0,False
vw_meb_2024.dbc,2,0x3d0,TSG_FT_01,FT_HD_Taste_2,16,1,True,False,1.0,0.0,,318,0,0,0,False
vw_meb_2024.dbc,2,0x3d0,TSG_FT_01,FT_IRUE_Taste,10,1,True,False,1.0,0.0,,318,0,318,0,False
vw_meb_2024.dbc,2,0x3d0,TSG_FT_01,FT_Kisi_Fehler,53,1,True,False,1.0,0.0,,318,0,318,0,False
vw_meb_2024.dbc,2,0x3d0,TSG_FT_01,FT_Kisi_Taster_li,50,1,True,False,1.0,0.0,,318,0,0,0,False
vw_meb_2024.dbc,2,0x3d0,TSG_FT_01,FT_Kisi_Taster_re,51,1,True,False,1.0,0.0,,318,0,0,0,False
vw_meb_2024.dbc,2,0x3d0,TSG_FT_01,FT_Kisi_li_aktiv,48,1,True,False,1.0,0.0,,318,0,0,0,False
vw_meb_2024.dbc,2,0x3d0,TSG_FT_01,FT_Kisi_re_aktiv,49,1,True,False,1.0,0.0,,318,0,0,0,False
vw_meb_2024.dbc,2,0x3d0,TSG_FT_01,FT_Lock_Taster,6,1,True,False,1.0,0.0,,318,0,318,0,False
vw_meb_2024.dbc,2,0x3d0,TSG_FT_01,FT_Oben_Block_erw,46,1,True,False,1.0,0.0,,318,0,0,0,False
vw_meb_2024.dbc,2,0x3d0,TSG_FT_01,FT_SP_Heizung_Status,55,1,True,False,1.0,0.0,,318,0,318,0,False
vw_meb_2024.dbc,2,0x3d0,TSG_FT_01,FT_SP_ausgerastet,42,1,True,False,1.0,0.0,,318,0,160,0,False
vw_meb_2024.dbc,2,0x3d0,TSG_FT_01,FT_SP_ht_aktiv,44,1,True,False,1.0,0.0,,318,0,318,0,False
vw_meb_2024.dbc,2,0x3d0,TSG_FT_01,FT_SP_lr_aktiv,43,1,True,False,1.0,0.0,,318,0,318,0,False
vw_meb_2024.dbc,2,0x3d0,TSG_FT_01,FT_SWA_Taster,59,1,True,False,1.0,0.0,,318,0,0,0,False
vw_meb_2024.dbc,2,0x3d0,TSG_FT_01,FT_Schliesstaster,40,1,True,False,1.0,0.0,,318,0,0,0,False
vw_meb_2024.dbc,2,0x3d0,TSG_FT_01,FT_Schluesselschalter_auf,3,1,True,False,1.0,0.0,,318,0,318,0,False
vw_meb_2024.dbc,2,0x3d0,TSG_FT_01,FT_Schluesselschalter_zu,4,1,True,False,1.0,0.0,,318,0,0,0,False
vw_meb_2024.dbc,2,0x3d0,TSG_FT_01,FT_Sp_Blk_def,19,1,True,False,1.0,0.0,,318,0,0,0,False
vw_meb_2024.dbc,2,0x3d0,TSG_FT_01,FT_Sp_Heizung_Anf,15,1,True,False,100.0,0.0,Unit_PerCent,318,0,0,0,False
vw_meb_2024.dbc,2,0x3d0,TSG_FT_01,FT_Sperrklinke,7,1,True,False,1.0,0.0,,318,0,0,0,False
vw_meb_2024.dbc,2,0x3d0,TSG_FT_01,FT_TAG_betaetigt,8,1,True,False,1.0,0.0,,318,0,0,0,False
vw_meb_2024.dbc,2,0x3d0,TSG_FT_01,FT_TD_Taste,13,1,True,False,1.0,0.0,,318,0,0,0,False
vw_meb_2024.dbc,2,0x3d0,TSG_FT_01,FT_TD_Taste_Fehler,12,1,True,False,1.0,0.0,,318,0,0,0,False
vw_meb_2024.dbc,2,0x3d0,TSG_FT_01,FT_TIG_betaetigt,9,1,True,False,1.0,0.0,,318,0,0,0,False
vw_meb_2024.dbc,2,0x3d0,TSG_FT_01,FT_TSG_hinten_verbaut,18,1,True,False,1.0,0.0,,318,0,0,0,False
vw_meb_2024.dbc,2,0x3d0,TSG_FT_01,FT_Tuer_geoeffnet,0,1,True,False,1.0,0.0,,318,0,274,0,False
vw_meb_2024.dbc,2,0x3d0,TSG_FT_01,FT_Tuerschloss_defekt,58,1,True,False,1.0,0.0,,318,0,0,0,False
vw_meb_2024.dbc,2,0x3d0,TSG_FT_01,FT_UEKB_aktiviert,37,1,True,False,1.0,0.0,,318,0,318,0,False
vw_meb_2024.dbc,2,0x3d0,TSG_FT_01,FT_Unlock_Taster,5,1,True,False,1.0,0.0,,318,0,318,0,False
vw_meb_2024.dbc,2,0x3d0,TSG_FT_01,FT_Unten_Block_erw,47,1,True,False,1.0,0.0,,318,0,0,0,False
vw_meb_2024.dbc,2,0x3d0,TSG_FT_01,FT_Zuziehhilfe_aktiv,41,1,True,False,1.0,0.0,,318,0,318,0,False
vw_meb_2024.dbc,2,0x3d0,TSG_FT_01,FT_gesafet,2,1,True,False,1.0,0.0,,318,0,318,0,False
vw_meb_2024.dbc,2,0x3d0,TSG_FT_01,FT_verriegelt,1,1,True,False,1.0,0.0,,318,0,318,0,False
vw_meb_2024.dbc,2,0x3d0,TSG_FT_01,SSR_Temp_Freigabe,14,1,True,False,1.0,0.0,,318,0,0,0,False
vw_meb_2024.dbc,2,0x3d0,TSG_FT_01,SWA_HMI_Diagnose,60,2,True,False,1.0,0.0,,318,0,318,0,False
vw_meb_2024.dbc,2,0x3d4,SMLS_01,BH_Blinker_Fehler,46,1,True,False,1.0,0.0,,31,0,31,0,False
vw_meb_2024.dbc,2,0x3d4,SMLS_01,BH_Blinker_li,12,1,True,False,1.0,0.0,,31,0,0,0,False
vw_meb_2024.dbc,2,0x3d4,SMLS_01,BH_Blinker_re,13,1,True,False,1.0,0.0,,31,0,0,0,False
vw_meb_2024.dbc,2,0x3d4,SMLS_01,BH_Fernlicht,15,1,True,False,1.0,0.0,,31,0,0,0,False
vw_meb_2024.dbc,2,0x3d4,SMLS_01,BH_Lichthupe,14,1,True,False,1.0,0.0,,31,0,0,0,False
vw_meb_2024.dbc,2,0x3d4,SMLS_01,FAS_Taster,27,1,True,False,1.0,0.0,,31,0,0,0,False
vw_meb_2024.dbc,2,0x3d4,SMLS_01,FAS_Taster_Fehler,28,1,True,False,1.0,0.0,,31,0,31,0,False
vw_meb_2024.dbc,2,0x3d4,SMLS_01,LRH_On_Off,30,2,True,False,1.0,0.0,,31,0,0,0,False
vw_meb_2024.dbc,2,0x3d4,SMLS_01,LRH_aktiv,40,1,True,False,1.0,0.0,,31,0,0,0,False
vw_meb_2024.dbc,2,0x3d4,SMLS_01,SMLS_01_BZ,8,4,True,False,1.0,0.0,,31,0,0,0,False
vw_meb_2024.dbc,2,0x3d4,SMLS_01,SMLS_01_CRC,0,8,True,False,1.0,0.0,,31,0,0,0,False
vw_meb_2024.dbc,2,0x3d4,SMLS_01,SMLS_Hupe,29,1,True,False,1.0,0.0,,31,0,0,0,False
vw_meb_2024.dbc,2,0x3d4,SMLS_01,SMLS_PTT,47,1,True,False,1.0,0.0,,31,0,0,0,False
vw_meb_2024.dbc,2,0x3d4,SMLS_01,SMLS_P_verriegelt_plausibel,43,1,True,False,1.0,0.0,,31,0,0,0,False
vw_meb_2024.dbc,2,0x3d4,SMLS_01,WH_Frontwaschen,20,1,True,False,1.0,0.0,,31,0,0,0,False
vw_meb_2024.dbc,2,0x3d4,SMLS_01,WH_Heckintervall,21,1,True,False,1.0,0.0,,31,0,0,0,False
vw_meb_2024.dbc,2,0x3d4,SMLS_01,WH_Heckwaschen,22,1,True,False,1.0,0.0,,31,0,0,0,False
vw_meb_2024.dbc,2,0x3d4,SMLS_01,WH_Intervall,17,1,True,False,1.0,0.0,,31,0,0,0,False
vw_meb_2024.dbc,2,0x3d4,SMLS_01,WH_Intervallstufen,23,4,True,False,1.0,0.0,,31,0,0,0,False
vw_meb_2024.dbc,2,0x3d4,SMLS_01,WH_SRA,44,1,True,False,1.0,0.0,,31,0,0,0,False
vw_meb_2024.dbc,2,0x3d4,SMLS_01,WH_Tipwischen,16,1,True,False,1.0,0.0,,31,0,0,0,False
vw_meb_2024.dbc,2,0x3d4,SMLS_01,WH_Tipwischen_lang,48,1,True,False,1.0,0.0,,31,0,0,0,False
vw_meb_2024.dbc,2,0x3d4,SMLS_01,WH_WischerStufe1,18,1,True,False,1.0,0.0,,31,0,0,0,False
vw_meb_2024.dbc,2,0x3d4,SMLS_01,WH_WischerStufe2,19,1,True,False,1.0,0.0,,31,0,0,0,False
vw_meb_2024.dbc,2,0x3d4,SMLS_01,WH_Wischer_Fehler,45,1,True,False,1.0,0.0,,31,0,31,0,False
vw_meb_2024.dbc,2,0x3d5,Licht_Anf_01,BCM1_Abblendlicht_Anf,15,1,True,False,1.0,0.0,,314,0,0,0,False
vw_meb_2024.dbc,2,0x3d5,Licht_Anf_01,BCM1_Adaptive_Lichtvert_Anf,34,1,True,False,1.0,0.0,,314,0,0,0,False
vw_meb_2024.dbc,2,0x3d5,Licht_Anf_01,BCM1_Allwetterlicht_Anf,41,1,True,False,1.0,0.0,,314,0,0,0,False
vw_meb_2024.dbc,2,0x3d5,Licht_Anf_01,BCM1_Animationssperrung,39,1,True,False,1.0,0.0,,314,0,0,0,False
vw_meb_2024.dbc,2,0x3d5,Licht_Anf_01,BCM1_Autobahnlicht_Anf,28,1,True,False,1.0,0.0,,314,0,0,0,False
vw_meb_2024.dbc,2,0x3d5,Licht_Anf_01,BCM1_CH_LH_aktiv,40,1,True,False,1.0,0.0,,314,0,0,0,False
vw_meb_2024.dbc,2,0x3d5,Licht_Anf_01,BCM1_CH_aktiv,30,1,True,False,1.0,0.0,,314,0,0,0,False
vw_meb_2024.dbc,2,0x3d5,Licht_Anf_01,BCM1_FOD_Sperrung_Animationen_HL,37,2,True,False,1.0,0.0,,314,0,0,0,False
vw_meb_2024.dbc,2,0x3d5,Licht_Anf_01,BCM1_Fernlicht_Anf,16,1,True,False,1.0,0.0,,314,0,0,0,False
vw_meb_2024.dbc,2,0x3d5,Licht_Anf_01,BCM1_FoD_Sperrung_WiBli,35,2,True,False,1.0,0.0,,314,0,0,0,False
vw_meb_2024.dbc,2,0x3d5,Licht_Anf_01,BCM1_GLW_Fernlicht_Anf,33,1,True,False,1.0,0.0,,314,0,0,0,False
vw_meb_2024.dbc,2,0x3d5,Licht_Anf_01,BCM1_Gleitende_Leuchtw_Anf,32,1,True,False,1.0,0.0,,314,0,0,0,False
vw_meb_2024.dbc,2,0x3d5,Licht_Anf_01,BCM1_Kurvenlicht_links_Anf,12,1,True,False,1.0,0.0,,314,0,0,0,False
vw_meb_2024.dbc,2,0x3d5,Licht_Anf_01,BCM1_Kurvenlicht_rechts_Anf,13,1,True,False,1.0,0.0,,314,0,0,0,False
vw_meb_2024.dbc,2,0x3d5,Licht_Anf_01,BCM1_LH_aktiv,31,1,True,False,1.0,0.0,,314,0,0,0,False
vw_meb_2024.dbc,2,0x3d5,Licht_Anf_01,BCM1_Nebellicht_Anf,17,1,True,False,1.0,0.0,,314,0,0,0,False
vw_meb_2024.dbc,2,0x3d5,Licht_Anf_01,BCM1_Nebelschluss_Ahg_Anf,20,1,True,False,1.0,0.0,,314,0,0,0,False
vw_meb_2024.dbc,2,0x3d5,Licht_Anf_01,BCM1_Nebelschluss_Fzg_Anf,21,1,True,False,1.0,0.0,,314,0,0,0,False
vw_meb_2024.dbc,2,0x3d5,Licht_Anf_01,BCM1_Parklicht_li_Anf,18,1,True,False,1.0,0.0,,314,0,0,0,False
vw_meb_2024.dbc,2,0x3d5,Licht_Anf_01,BCM1_Parklicht_re_Anf,19,1,True,False,1.0,0.0,,314,0,0,0,False
vw_meb_2024.dbc,2,0x3d5,Licht_Anf_01,BCM1_Regenlicht_Anf,27,1,True,False,1.0,0.0,,314,0,0,0,False
vw_meb_2024.dbc,2,0x3d5,Licht_Anf_01,BCM1_Schlusslicht_Anf,22,1,True,False,1.0,0.0,,314,0,0,0,False
vw_meb_2024.dbc,2,0x3d5,Licht_Anf_01,BCM1_Schlusslicht_Signatur,60,4,True,False,1.0,0.0,,314,0,0,0,False
vw_meb_2024.dbc,2,0x3d5,Licht_Anf_01,BCM1_Signaturlicht_Anf,24,1,True,False,1.0,0.0,,314,0,0,0,False
vw_meb_2024.dbc,2,0x3d5,Licht_Anf_01,BCM1_Standlicht_Anf,14,1,True,False,1.0,0.0,,314,0,0,0,False
vw_meb_2024.dbc,2,0x3d5,Licht_Anf_01,BCM1_Tagfahrlicht_Anf,26,1,True,False,1.0,0.0,,314,0,0,0,False
vw_meb_2024.dbc,2,0x3d5,Licht_Anf_01,BCM1_Touristen_Licht_Anf,29,1,True,False,1.0,0.0,,314,0,0,0,False
vw_meb_2024.dbc,2,0x3d5,Licht_Anf_01,BCM1_Umfeldleuchten_Anf,25,1,True,False,1.0,0.0,,314,0,0,0,False
vw_meb_2024.dbc,2,0x3d5,Licht_Anf_01,BCM_Rueckfahrlicht_Anf,23,1,True,False,1.0,0.0,,314,0,0,0,False
vw_meb_2024.dbc,2,0x3d5,Licht_Anf_01,Licht_Anf_01_BZ,8,4,True,False,1.0,0.0,,314,0,0,0,False
vw_meb_2024.dbc,2,0x3d5,Licht_Anf_01,Licht_Anf_01_CRC,0,8,True,False,1.0,0.0,,314,0,0,0,False
vw_meb_2024.dbc,2,0x3d6,Licht_hinten_01,BCM2_Bremsl_durch_ECD,5,1,True,False,1.0,0.0,,316,0,0,0,False
vw_meb_2024.dbc,2,0x3d6,Licht_hinten_01,LH_3_Bremsl_def,49,1,True,False,1.0,0.0,,316,0,0,0,False
vw_meb_2024.dbc,2,0x3d6,Licht_hinten_01,LH_Aussenlicht_def,7,1,True,False,1.0,0.0,,316,0,0,0,False
vw_meb_2024.dbc,2,0x3d6,Licht_hinten_01,LH_Blinker_HL_akt,14,1,True,False,1.0,0.0,,316,0,0,0,False
vw_meb_2024.dbc,2,0x3d6,Licht_hinten_01,LH_Blinker_HR_akt,15,1,True,False,1.0,0.0,,316,0,0,0,False
vw_meb_2024.dbc,2,0x3d6,Licht_hinten_01,LH_Blinker_li_def,16,1,True,False,1.0,0.0,,316,0,0,0,False
vw_meb_2024.dbc,2,0x3d6,Licht_hinten_01,LH_Blinker_re_def,32,1,True,False,1.0,0.0,,316,0,0,0,False
vw_meb_2024.dbc,2,0x3d6,Licht_hinten_01,LH_Brems_Blk_li_def,27,1,True,False,1.0,0.0,,316,0,0,0,False
vw_meb_2024.dbc,2,0x3d6,Licht_hinten_01,LH_Brems_Blk_re_def,43,1,True,False,1.0,0.0,,316,0,0,0,False
vw_meb_2024.dbc,2,0x3d6,Licht_hinten_01,LH_Bremsl_li_def,17,1,True,False,1.0,0.0,,316,0,0,0,False
vw_meb_2024.dbc,2,0x3d6,Licht_hinten_01,LH_Bremsl_li_ges_def,54,1,True,False,1.0,0.0,,316,0,0,0,False
vw_meb_2024.dbc,2,0x3d6,Licht_hinten_01,LH_Bremsl_mi_def,53,1,True,False,1.0,0.0,,316,0,0,0,False
vw_meb_2024.dbc,2,0x3d6,Licht_hinten_01,LH_Bremsl_re_def,33,1,True,False,1.0,0.0,,316,0,0,0,False
vw_meb_2024.dbc,2,0x3d6,Licht_hinten_01,LH_Bremsl_re_ges_def,55,1,True,False,1.0,0.0,,316,0,0,0,False
vw_meb_2024.dbc,2,0x3d6,Licht_hinten_01,LH_Bremslicht_H_aktiv,11,1,True,False,1.0,0.0,,316,0,0,0,False
vw_meb_2024.dbc,2,0x3d6,Licht_hinten_01,LH_Diag_LED_li_def,30,1,True,False,1.0,0.0,,316,0,0,0,False
vw_meb_2024.dbc,2,0x3d6,Licht_hinten_01,LH_Diag_LED_re_def,31,1,True,False,1.0,0.0,,316,0,0,0,False
vw_meb_2024.dbc,2,0x3d6,Licht_hinten_01,LH_Diag_Status_li_def,29,1,True,False,1.0,0.0,,316,0,0,0,False
vw_meb_2024.dbc,2,0x3d6,Licht_hinten_01,LH_Diag_Status_re_def,28,1,True,False,1.0,0.0,,316,0,0,0,False
vw_meb_2024.dbc,2,0x3d6,Licht_hinten_01,LH_Kennzl_def,48,1,True,False,1.0,0.0,,316,0,0,0,False
vw_meb_2024.dbc,2,0x3d6,Licht_hinten_01,LH_Nebel_li_def,20,1,True,False,1.0,0.0,,316,0,0,0,False
vw_meb_2024.dbc,2,0x3d6,Licht_hinten_01,LH_Nebel_mi_def,50,1,True,False,1.0,0.0,,316,0,0,0,False
vw_meb_2024.dbc,2,0x3d6,Licht_hinten_01,LH_Nebel_re_def,36,1,True,False,1.0,0.0,,316,0,0,0,False
vw_meb_2024.dbc,2,0x3d6,Licht_hinten_01,LH_Nebelschluss_aktiv,12,1,True,False,1.0,0.0,,316,0,0,0,False
vw_meb_2024.dbc,2,0x3d6,Licht_hinten_01,LH_Parklicht_HL_aktiv,9,1,True,False,1.0,0.0,,316,0,0,0,False
vw_meb_2024.dbc,2,0x3d6,Licht_hinten_01,LH_Parklicht_HR_aktiv,10,1,True,False,1.0,0.0,,316,0,0,0,False
vw_meb_2024.dbc,2,0x3d6,Licht_hinten_01,LH_Rueckf_li_def,19,1,True,False,1.0,0.0,,316,0,0,0,False
vw_meb_2024.dbc,2,0x3d6,Licht_hinten_01,LH_Rueckf_mi_def,51,1,True,False,1.0,0.0,,316,0,0,0,False
vw_meb_2024.dbc,2,0x3d6,Licht_hinten_01,LH_Rueckf_re_def,35,1,True,False,1.0,0.0,,316,0,0,0,False
vw_meb_2024.dbc,2,0x3d6,Licht_hinten_01,LH_Rueckfahrlicht_aktiv,13,1,True,False,1.0,0.0,,316,0,0,0,False
vw_meb_2024.dbc,2,0x3d6,Licht_hinten_01,LH_SL_BRL_BLK_li_def,26,1,True,False,1.0,0.0,,316,0,0,0,False
vw_meb_2024.dbc,2,0x3d6,Licht_hinten_01,LH_SL_BRL_BLK_re_def,42,1,True,False,1.0,0.0,,316,0,0,0,False
vw_meb_2024.dbc,2,0x3d6,Licht_hinten_01,LH_Schluss_Brems_Nebel_li_def,21,1,True,False,1.0,0.0,,316,0,0,0,False
vw_meb_2024.dbc,2,0x3d6,Licht_hinten_01,LH_Schluss_Brems_Nebel_re_def,22,1,True,False,1.0,0.0,,316,0,0,0,False
vw_meb_2024.dbc,2,0x3d6,Licht_hinten_01,LH_Schluss_Brems_li_def,24,1,True,False,1.0,0.0,,316,0,0,0,False
vw_meb_2024.dbc,2,0x3d6,Licht_hinten_01,LH_Schluss_Brems_mi_def,37,1,True,False,1.0,0.0,,316,0,0,0,False
vw_meb_2024.dbc,2,0x3d6,Licht_hinten_01,LH_Schluss_Brems_re_def,40,1,True,False,1.0,0.0,,316,0,0,0,False
vw_meb_2024.dbc,2,0x3d6,Licht_hinten_01,LH_Schluss_Nebel_li_def,25,1,True,False,1.0,0.0,,316,0,0,0,False
vw_meb_2024.dbc,2,0x3d6,Licht_hinten_01,LH_Schluss_Nebel_re_def,41,1,True,False,1.0,0.0,,316,0,0,0,False
vw_meb_2024.dbc,2,0x3d6,Licht_hinten_01,LH_Schlusslicht_li_def,18,1,True,False,1.0,0.0,,316,0,0,0,False
vw_meb_2024.dbc,2,0x3d6,Licht_hinten_01,LH_Schlusslicht_mi_def,52,1,True,False,1.0,0.0,,316,0,0,0,False
vw_meb_2024.dbc,2,0x3d6,Licht_hinten_01,LH_Schlusslicht_re_def,34,1,True,False,1.0,0.0,,316,0,0,0,False
vw_meb_2024.dbc,2,0x3d6,Licht_hinten_01,LH_Standlicht_H_aktiv,8,1,True,False,1.0,0.0,,316,0,0,0,False
vw_meb_2024.dbc,2,0x3d6,Licht_hinten_01,LH_Zusatzschlussl_def,23,1,True,False,1.0,0.0,,316,0,0,0,False
vw_meb_2024.dbc,2,0x3db,Gateway_72,AAG_Anhaenger_erkannt,28,1,True,False,1.0,0.0,,315,0,0,0,False
vw_meb_2024.dbc,2,0x3db,Gateway_72,Anhaenger_01_alt,4,1,True,False,1.0,0.0,,315,0,0,0,False
vw_meb_2024.dbc,2,0x3db,Gateway_72,BCM1_Aussen_Temp_ungef,56,8,True,False,0.5,-50.0,Unit_DegreCelsi,315,0,0,0,False
vw_meb_2024.dbc,2,0x3db,Gateway_72,BCM1_MH_Schalter,29,1,True,False,1.0,0.0,,315,0,0,0,False
vw_meb_2024.dbc,2,0x3db,Gateway_72,BCM1_OBD_FStatus_ATemp,52,4,True,False,1.0,0.0,,315,0,0,0,False
vw_meb_2024.dbc,2,0x3db,Gateway_72,BCM1_RFahrlicht_Ahg_Anf,39,1,True,False,1.0,0.0,,315,0,0,0,False
vw_meb_2024.dbc,2,0x3db,Gateway_72,BCM1_RFahrlicht_Fzg_Anf,38,1,True,False,1.0,0.0,,315,0,0,0,False
vw_meb_2024.dbc,2,0x3db,Gateway_72,BCM1_Rueckfahrlicht_Schalter,25,1,True,False,1.0,0.0,,315,0,0,0,False
vw_meb_2024.dbc,2,0x3db,Gateway_72,BCM_01_alt,0,1,True,False,1.0,0.0,,315,0,0,0,False
vw_meb_2024.dbc,2,0x3db,Gateway_72,BH_Blinker_li,50,1,True,False,1.0,0.0,,315,0,0,0,False
vw_meb_2024.dbc,2,0x3db,Gateway_72,BH_Blinker_re,51,1,True,False,1.0,0.0,,315,0,0,0,False
vw_meb_2024.dbc,2,0x3db,Gateway_72,BH_Fernlicht,49,1,True,False,1.0,0.0,,315,0,0,0,False
vw_meb_2024.dbc,2,0x3db,Gateway_72,KL_Thermomanagement,32,2,True,False,1.0,0.0,,315,0,0,0,False
vw_meb_2024.dbc,2,0x3db,Gateway_72,Klima_01_alt,7,1,True,False,1.0,0.0,,315,0,0,0,False
vw_meb_2024.dbc,2,0x3db,Gateway_72,Klima_Sensor_02_alt,5,1,True,False,1.0,0.0,,315,0,0,0,False
vw_meb_2024.dbc,2,0x3db,Gateway_72,Licht_Anf_01_alt,9,1,True,False,1.0,0.0,,315,0,0,0,False
vw_meb_2024.dbc,2,0x3db,Gateway_72,SMLS_01_alt,1,1,True,False,1.0,0.0,,315,0,0,0,False
vw_meb_2024.dbc,2,0x3db,Gateway_72,VSG_01_alt,6,1,True,False,1.0,0.0,,315,0,0,0,False
vw_meb_2024.dbc,2,0x3db,Gateway_72,VS_VD_offen_ver,22,1,True,False,1.0,0.0,,315,0,0,0,False
vw_meb_2024.dbc,2,0x3db,Gateway_72,VS_VD_zu_ver,23,1,True,False,1.0,0.0,,315,0,0,0,False
vw_meb_2024.dbc,2,0x3db,Gateway_72,WFS_01_alt,8,1,True,False,1.0,0.0,,315,0,0,0,False
vw_meb_2024.dbc,2,0x3db,Gateway_72,WFS_Schluessel_Fahrberecht,34,4,True,False,1.0,0.0,,315,0,0,0,False
vw_meb_2024.dbc,2,0x3db,Gateway_72,Waschen_vorne_aktiv,31,1,True,False,1.0,0.0,,315,0,0,0,False
vw_meb_2024.dbc,2,0x3db,Gateway_72,Wischer_01_alt,3,1,True,False,1.0,0.0,,315,0,0,0,False
vw_meb_2024.dbc,2,0x3db,Gateway_72,Wischer_vorne_aktiv,27,1,True,False,1.0,0.0,,315,0,0,0,False
vw_meb_2024.dbc,2,0x3db,Gateway_72,ZV_02_alt,2,1,True,False,1.0,0.0,,315,0,0,0,False
vw_meb_2024.dbc,2,0x3db,Gateway_72,ZV_BT_offen,24,1,True,False,1.0,0.0,,315,0,0,0,False
vw_meb_2024.dbc,2,0x3db,Gateway_72,ZV_FT_offen,26,1,True,False,1.0,0.0,,315,0,0,0,False
vw_meb_2024.dbc,2,0x3db,Gateway_72,ZV_HBFS_offen,21,1,True,False,1.0,0.0,,315,0,0,0,False
vw_meb_2024.dbc,2,0x3db,Gateway_72,ZV_HD_offen,30,1,True,False,1.0,0.0,,315,0,0,0,False
vw_meb_2024.dbc,2,0x3db,Gateway_72,ZV_HFS_offen,20,1,True,False,1.0,0.0,,315,0,0,0,False
vw_meb_2024.dbc,2,0x3dc,Gateway_73,EPB_Status,53,3,True,False,1.0,0.0,,636,0,0,0,False
vw_meb_2024.dbc,2,0x3dc,Gateway_73,GE_Fahrstufe,40,4,True,False,1.0,0.0,,636,0,0,0,False
vw_meb_2024.dbc,2,0x3dc,Gateway_73,UNKNOWN_1,15,2,False,False,1.0,0.0,,636,0,0,0,False
vw_meb_2024.dbc,2,0x3dc,Gateway_73,UNKNOWN_2,58,3,False,False,1.0,0.0,,636,0,0,0,False
vw_meb_2024.dbc,2,0x3e5,TSG_FT_02,FS_Push_Tuergriff,36,1,True,False,1.0,0.0,,317,0,0,0,False
vw_meb_2024.dbc,2,0x3e5,TSG_FT_02,FT_BFS_Tuer_Status,17,2,True,False,1.0,0.0,,317,0,317,0,False
vw_meb_2024.dbc,2,0x3e5,TSG_FT_02,FT_HBFS_Tuer_Status,19,2,True,False,1.0,0.0,,317,0,317,0,False
vw_meb_2024.dbc,2,0x3e5,TSG_FT_02,FT_HFS_Tuer_Status,21,2,True,False,1.0,0.0,,317,0,317,0,False
vw_meb_2024.dbc,2,0x3e5,TSG_FT_02,FT_Kisi_Taster_li_02,25,1,True,False,1.0,0.0,,317,0,0,0,False
vw_meb_2024.dbc,2,0x3e5,TSG_FT_02,FT_Kisi_Taster_re_02,26,1,True,False,1.0,0.0,,317,0,0,0,False
vw_meb_2024.dbc,2,0x3e5,TSG_FT_02,FT_Lock_Taster_02,15,1,True,False,1.0,0.0,,317,0,0,0,False
vw_meb_2024.dbc,2,0x3e5,TSG_FT_02,FT_SP_Heizung_ein,24,1,True,False,1.0,0.0,,317,0,0,0,False
vw_meb_2024.dbc,2,0x3e5,TSG_FT_02,FT_Schluesselschalter_zu_02,16,1,True,False,1.0,0.0,,317,0,0,0,False
vw_meb_2024.dbc,2,0x3e5,TSG_FT_02,FT_TCR_Mode_aktiv,29,1,True,False,1.0,0.0,,317,0,0,0,False
vw_meb_2024.dbc,2,0x3e5,TSG_FT_02,FT_TD_Taste_Status,27,2,True,False,1.0,0.0,,317,0,317,0,False
vw_meb_2024.dbc,2,0x3e5,TSG_FT_02,FT_Tuer_Status,12,2,True,False,1.0,0.0,,317,0,0,0,False
vw_meb_2024.dbc,2,0x3e5,TSG_FT_02,FT_Tuer_Status_QBit,14,1,True,False,1.0,0.0,,317,0,0,0,False
vw_meb_2024.dbc,2,0x3e5,TSG_FT_02,FT_Tueroeffnen_Warnung,23,1,True,False,1.0,0.0,,317,0,0,0,False
vw_meb_2024.dbc,2,0x3e5,TSG_FT_02,TSG_FT_02_BZ,8,4,True,False,1.0,0.0,,317,0,0,0,False
vw_meb_2024.dbc,2,0x3e5,TSG_FT_02,TSG_FT_02_CRC,0,8,True,False,1.0,0.0,,317,0,0,0,False
vw_meb_2024.dbc,2,0x3ec,MEB_TSK_01,TSK_State,53,3,True,False,1.0,0.0,,168,0,11,0,False
vw_meb_2024.dbc,2,0x40,Airbag_01,AB_Anzeige_Fussg,34,2,True,False,1.0,0.0,,786,0,0,0,False
vw_meb_2024.dbc,2,0x40,Airbag_01,AB_Belegung_VF,47,2,True,False,1.0,0.0,,786,0,0,0,False
vw_meb_2024.dbc,2,0x40,Airbag_01,AB_Crash_Int,21,3,True,False,1.0,0.0,,786,0,0,0,False
vw_meb_2024.dbc,2,0x40,Airbag_01,AB_Deaktiviert,25,1,True,False,1.0,0.0,,786,0,0,0,False
vw_meb_2024.dbc,2,0x40,Airbag_01,AB_Deaktivierung_HV,42,3,True,False,1.0,0.0,,786,0,0,0,False
vw_meb_2024.dbc,2,0x40,Airbag_01,AB_Diagnose,28,1,True,False,1.0,0.0,,786,0,0,0,False
vw_meb_2024.dbc,2,0x40,Airbag_01,AB_EDR_Trigger,45,2,True,False,1.0,0.0,,786,0,0,0,False
vw_meb_2024.dbc,2,0x40,Airbag_01,AB_Erh_Auf_VB,30,2,True,False,1.0,0.0,,786,0,0,0,False
vw_meb_2024.dbc,2,0x40,Airbag_01,AB_Front_Crash,16,1,True,False,1.0,0.0,,786,0,0,0,False
vw_meb_2024.dbc,2,0x40,Airbag_01,AB_Gurtwarn_VB,33,1,True,False,1.0,0.0,,786,0,0,0,False
vw_meb_2024.dbc,2,0x40,Airbag_01,AB_Gurtwarn_VF,32,1,True,False,1.0,0.0,,786,0,0,0,False
vw_meb_2024.dbc,2,0x40,Airbag_01,AB_Heck_Crash,17,1,True,False,1.0,0.0,,786,0,0,0,False
vw_meb_2024.dbc,2,0x40,Airbag_01,AB_Lampe,24,1,True,False,1.0,0.0,,786,0,0,0,False
vw_meb_2024.dbc,2,0x40,Airbag_01,AB_MKB_Anforderung,40,1,True,False,1.0,0.0,,786,0,0,0,False
vw_meb_2024.dbc,2,0x40,Airbag_01,AB_MKB_gueltig,39,1,True,False,1.0,0.0,,786,0,0,0,False
vw_meb_2024.dbc,2,0x40,Airbag_01,AB_RGS_Anst,12,4,True,False,1.0,0.0,,786,0,0,0,False
vw_meb_2024.dbc,2,0x40,Airbag_01,AB_Rollover_Crash,20,1,True,False,1.0,0.0,,786,0,0,0,False
vw_meb_2024.dbc,2,0x40,Airbag_01,AB_SB_Crash,19,1,True,False,1.0,0.0,,786,0,0,0,False
vw_meb_2024.dbc,2,0x40,Airbag_01,AB_SF_Crash,18,1,True,False,1.0,0.0,,786,0,0,0,False
vw_meb_2024.dbc,2,0x40,Airbag_01,AB_Stellgliedtest,29,1,True,False,1.0,0.0,,786,0,0,0,False
vw_meb_2024.dbc,2,0x40,Airbag_01,AB_Systemfehler,27,1,True,False,1.0,0.0,,786,0,786,0,False
vw_meb_2024.dbc,2,0x40,Airbag_01,AB_Texte_AKS,36,2,True,False,1.0,0.0,,786,0,0,0,False
vw_meb_2024.dbc,2,0x40,Airbag_01,AB_VB_deaktiviert,26,1,True,False,1.0,0.0,,786,0,0,0,False
vw_meb_2024.dbc,2,0x40,Airbag_01,AB_Versorgungsspannung,41,1,True,False,1.0,0.0,,786,0,0,0,False
vw_meb_2024.dbc,2,0x40,Airbag_01,Airbag_01_BZ,8,4,True,False,1.0,0.0,,786,0,0,0,False
vw_meb_2024.dbc,2,0x40,Airbag_01,Airbag_01_CRC,0,8,True,False,1.0,0.0,,786,0,0,0,False
vw_meb_2024.dbc,2,0x40,Airbag_01,SC_LowSpeedCrashErkannt,55,2,True,False,1.0,0.0,,786,0,0,0,False
vw_meb_2024.dbc,2,0x40,Airbag_01,SC_Masterzeit,57,7,True,False,0.04,0.0,Unit_Secon,786,0,2,2,False
vw_meb_2024.dbc,2,0x40,Airbag_01,SC_Masterzeit_Offset,53,2,True,False,5.08,0.0,Unit_Secon,786,0,0,0,False
vw_meb_2024.dbc,2,0x464,PSD_06,PSD_06_Mux,0,3,True,False,1.0,0.0,,209,0,209,0,False
vw_meb_2024.dbc,2,0x464,PSD_06,PSD_Sys_Alter_Karte,23,3,True,False,1.0,0.0,,209,0,0,0,False
vw_meb_2024.dbc,2,0x464,PSD_06,PSD_Sys_Geometrieguete,19,2,True,False,1.0,0.0,,209,0,0,0,False
vw_meb_2024.dbc,2,0x464,PSD_06,PSD_Sys_Geometrieguete_erweitert,40,8,True,False,1.0,0.0,,209,0,209,0,False
vw_meb_2024.dbc,2,0x464,PSD_06,PSD_Sys_Geschwindigkeit_Einheit,17,1,True,False,1.0,0.0,,209,0,0,0,False
vw_meb_2024.dbc,2,0x464,PSD_06,PSD_Sys_Laendercode,9,8,True,False,1.0,0.0,,209,0,0,0,False
vw_meb_2024.dbc,2,0x464,PSD_06,PSD_Sys_Mapmatchingguete,21,2,True,False,1.0,0.0,,209,0,0,0,False
vw_meb_2024.dbc,2,0x464,PSD_06,PSD_Sys_Quali_Geometrien,33,3,True,False,1.0,0.0,Unit_None,209,0,0,0,False
vw_meb_2024.dbc,2,0x464,PSD_06,PSD_Sys_Quali_Ortsinfo,36,2,True,False,1.0,0.0,Unit_None,209,0,0,0,False
vw_meb_2024.dbc,2,0x464,PSD_06,PSD_Sys_Quali_Steigungen,51,3,True,False,1.0,0.0,,209,0,0,0,False
vw_meb_2024.dbc,2,0x464,PSD_06,PSD_Sys_Quali_Strassenkennz,54,3,True,False,1.0,0.0,Unit_None,209,0,0,0,False
vw_meb_2024.dbc,2,0x464,PSD_06,PSD_Sys_Quali_Tempolimits,57,3,True,False,1.0,0.0,Unit_None,209,0,0,0,False
vw_meb_2024.dbc,2,0x464,PSD_06,PSD_Sys_Quali_Vorfahrtsregelung,60,3,True,False,1.0,0.0,Unit_None,209,0,0,0,False
vw_meb_2024.dbc,2,0x464,PSD_06,PSD_Sys_Quali_sonstige_Attribute,48,3,True,False,1.0,0.0,Unit_None,209,0,0,0,False
vw_meb_2024.dbc,2,0x464,PSD_06,PSD_Sys_Quali_verfuegbar,38,1,True,False,1.0,0.0,,209,0,0,0,False
vw_meb_2024.dbc,2,0x464,PSD_06,PSD_Sys_Segment_ID,3,6,True,False,1.0,0.0,,209,0,0,209,False
vw_meb_2024.dbc,2,0x464,PSD_06,PSD_Sys_US_State,27,6,True,False,1.0,0.0,,209,0,0,0,False
vw_meb_2024.dbc,2,0x464,PSD_06,PSD_Sys_Verkehrsrichtung,18,1,True,False,1.0,0.0,,209,0,0,0,False
vw_meb_2024.dbc,2,0x464,PSD_06,PSD_Sys_Zielfuehrung,26,1,True,False,1.0,0.0,,209,0,0,0,False
vw_meb_2024.dbc,2,0x464,PSD_06,PSD_Sys_Zielfuehrung_geaendert,39,1,True,False,1.0,0.0,,209,0,0,0,False
vw_meb_2024.dbc,2,0x481,MainUnit_01,DSSS_Warning,16,5,True,False,1.0,0.0,,64,0,0,0,False
vw_meb_2024.dbc,2,0x481,MainUnit_01,MIB_Tongenerator_PH_verfuegbar,9,3,True,False,1.0,0.0,,64,0,0,0,False
vw_meb_2024.dbc,2,0x481,MainUnit_01,MMI_Counter_Bedienevent,12,4,True,False,1.0,0.0,,64,0,0,0,False
vw_meb_2024.dbc,2,0x481,MainUnit_01,MMI_Gauges_active,31,1,True,False,1.0,0.0,,64,0,0,0,False
vw_meb_2024.dbc,2,0x481,MainUnit_01,MMI_Gurt_Mic_ref,28,1,True,False,1.0,0.0,,64,0,0,0,False
vw_meb_2024.dbc,2,0x481,MainUnit_01,MMI_SDS_aktiv,23,1,True,False,1.0,0.0,,64,0,0,0,False
vw_meb_2024.dbc,2,0x481,MainUnit_01,MMI_StartStopp_Info,46,2,True,False,1.0,0.0,,64,0,0,0,False
vw_meb_2024.dbc,2,0x481,MainUnit_01,MMI_Telefon_aktiv,27,1,True,False,1.0,0.0,,64,0,0,0,False
vw_meb_2024.dbc,2,0x481,MainUnit_01,MU_SecondDisplay,24,3,True,False,1.0,0.0,,64,0,64,0,False
vw_meb_2024.dbc,2,0x481,MainUnit_01,MU_Update_Time,32,8,True,False,0.1,0.0,Unit_Hours,64,0,0,0,False
vw_meb_2024.dbc,2,0x481,MainUnit_01,Nav_FoD_Status,4,3,True,False,1.0,0.0,,64,0,0,0,False
vw_meb_2024.dbc,2,0x481,MainUnit_01,ZR_Kindersicherung_RSE,21,1,True,False,1.0,0.0,,64,0,0,0,False
vw_meb_2024.dbc,2,0x481,MainUnit_01,ZR_LAPP_Sondermodus_Status,44,2,True,False,1.0,0.0,,64,0,0,0,False
vw_meb_2024.dbc,2,0x481,MainUnit_01,ZR_LoGeWa_Event_Kombiwarnung,0,4,True,False,1.0,0.0,,64,0,64,0,False
vw_meb_2024.dbc,2,0x481,MainUnit_01,ZR_MXB_Manoever_Ansage,42,2,True,False,1.0,0.0,,64,0,0,0,False
vw_meb_2024.dbc,2,0x481,MainUnit_01,ZR_Parken_Sondermodus,48,4,True,False,1.0,0.0,,64,0,64,0,False
vw_meb_2024.dbc,2,0x481,MainUnit_01,ZR_RSE_aktivieren,22,1,True,False,1.0,0.0,,64,0,0,0,False
vw_meb_2024.dbc,2,0x481,MainUnit_01,ZR_Rundenbewertung,52,4,True,False,1.0,0.0,,64,0,0,0,False
vw_meb_2024.dbc,2,0x481,MainUnit_01,ZR_Rundenfortschritt,56,8,True,False,0.5,0.0,Unit_PerCent,64,0,0,0,False
vw_meb_2024.dbc,2,0x481,MainUnit_01,ZR_Sta_Inszenierung,29,2,True,False,1.0,0.0,,64,0,64,0,False
vw_meb_2024.dbc,2,0x48b,BEM_06,CHK,8,4,True,False,1.0,0.0,,315,0,0,0,False
vw_meb_2024.dbc,2,0x48b,BEM_06,CRC,0,8,True,False,1.0,0.0,,315,0,0,0,False
vw_meb_2024.dbc,2,0x497,Parkhilfe_01,PDC_Tonausgabe_Front,4,4,True,False,1.0,0.0,,112617,0,0,0,False
vw_meb_2024.dbc,2,0x497,Parkhilfe_01,PDC_Tonausgabe_Heck,8,4,True,False,1.0,0.0,,112617,0,0,0,False
vw_meb_2024.dbc,2,0x497,Parkhilfe_01,PH_Abschaltursache,13,3,True,False,1.0,0.0,,112617,0,0,0,False
vw_meb_2024.dbc,2,0x497,Parkhilfe_01,PH_Anf_Audioabsenkung,23,1,True,False,1.0,0.0,,112617,0,0,0,False
vw_meb_2024.dbc,2,0x497,Parkhilfe_01,PH_Anf_Verdeck,30,2,True,False,1.0,0.0,,112617,0,0,0,False
vw_meb_2024.dbc,2,0x497,Parkhilfe_01,PH_Display_Kundenwunsch,61,2,True,False,1.0,0.0,,112617,0,0,0,False
vw_meb_2024.dbc,2,0x497,Parkhilfe_01,PH_Frequenz_hinten,32,4,True,False,1.0,0.0,,112617,0,0,0,False
vw_meb_2024.dbc,2,0x497,Parkhilfe_01,PH_Frequenz_vorn,40,4,True,False,1.0,0.0,,112617,0,0,0,False
vw_meb_2024.dbc,2,0x497,Parkhilfe_01,PH_Lautstaerke_hinten,36,4,True,False,1.0,0.0,,112617,0,0,0,False
vw_meb_2024.dbc,2,0x497,Parkhilfe_01,PH_Lautstaerke_vorn,44,4,True,False,1.0,0.0,,112617,0,0,0,False
vw_meb_2024.dbc,2,0x497,Parkhilfe_01,PH_Opt_Anz_H_Hindernis,19,1,True,False,1.0,0.0,,112617,0,0,0,False
vw_meb_2024.dbc,2,0x497,Parkhilfe_01,PH_Opt_Anz_V_Hindernis,18,1,True,False,1.0,0.0,,112617,0,0,0,False
vw_meb_2024.dbc,2,0x497,Parkhilfe_01,PH_Opt_Anzeige_H_ein,17,1,True,False,1.0,0.0,,112617,0,0,0,False
vw_meb_2024.dbc,2,0x497,Parkhilfe_01,PH_Opt_Anzeige_V_ein,16,1,True,False,1.0,0.0,,112617,0,0,0,False
vw_meb_2024.dbc,2,0x497,Parkhilfe_01,PH_StartStopp_Info,49,2,True,False,1.0,0.0,,112617,0,0,0,False
vw_meb_2024.dbc,2,0x497,Parkhilfe_01,PH_Stoermeldung,52,4,True,False,1.0,0.0,,112617,0,0,0,False
vw_meb_2024.dbc,2,0x497,Parkhilfe_01,PH_Systemzustand,58,3,True,False,1.0,0.0,,112617,0,0,0,False
vw_meb_2024.dbc,2,0x497,Parkhilfe_01,PH_Taster,28,2,True,False,1.0,0.0,,112617,0,0,0,False
vw_meb_2024.dbc,2,0x497,Parkhilfe_01,PH_Tongeber_H_aktiv,21,1,True,False,1.0,0.0,,112617,0,0,0,False
vw_meb_2024.dbc,2,0x497,Parkhilfe_01,PH_Tongeber_H_verfuegbar,24,1,True,False,1.0,0.0,,112617,0,0,0,False
vw_meb_2024.dbc,2,0x497,Parkhilfe_01,PH_Tongeber_V_aktiv,20,1,True,False,1.0,0.0,,112617,0,0,0,False
vw_meb_2024.dbc,2,0x497,Parkhilfe_01,PH_Tongeber_mute,22,1,True,False,1.0,0.0,,112617,0,0,0,False
vw_meb_2024.dbc,2,0x497,Parkhilfe_01,PH_Visualisierung,0,3,True,False,1.0,0.0,,112617,0,112617,0,False
vw_meb_2024.dbc,2,0x497,Parkhilfe_01,PH_defekt,56,1,True,False,1.0,0.0,,112617,0,0,0,False
vw_meb_2024.dbc,2,0x497,Parkhilfe_01,PH_gestoert,57,1,True,False,1.0,0.0,,112617,0,0,0,False
vw_meb_2024.dbc,2,0x497,Parkhilfe_01,PH_nachtr_Stopp_Anf,12,1,True,False,1.0,0.0,,112617,0,0,0,False
vw_meb_2024.dbc,2,0x497,Parkhilfe_01,PLA_Anf_Aufschaltung_RVC,25,1,True,False,1.0,0.0,,112617,0,0,0,False
vw_meb_2024.dbc,2,0x520,Airbag_02,AB_Abschaltanf_SIH_BF,28,1,True,False,1.0,0.0,,162,0,0,0,False
vw_meb_2024.dbc,2,0x520,Airbag_02,AB_Anforderung_USM,39,1,True,False,1.0,0.0,,162,0,0,0,False
vw_meb_2024.dbc,2,0x520,Airbag_02,AB_Anforderung_eCall,16,1,True,False,1.0,0.0,,162,0,0,0,False
vw_meb_2024.dbc,2,0x520,Airbag_02,AB_Anprall_FGS,19,1,True,False,1.0,0.0,,162,0,0,0,False
vw_meb_2024.dbc,2,0x520,Airbag_02,AB_Anprall_Front_Beifahrer,20,1,True,False,1.0,0.0,,162,0,0,0,False
vw_meb_2024.dbc,2,0x520,Airbag_02,AB_Anprall_Front_Fahrer,21,1,True,False,1.0,0.0,,162,0,0,0,False
vw_meb_2024.dbc,2,0x520,Airbag_02,AB_Anprall_Heck_Beifahrer,22,1,True,False,1.0,0.0,,162,0,0,0,False
vw_meb_2024.dbc,2,0x520,Airbag_02,AB_Anprall_Heck_Fahrer,23,1,True,False,1.0,0.0,,162,0,0,0,False
vw_meb_2024.dbc,2,0x520,Airbag_02,AB_Anprall_Rollover,18,1,True,False,1.0,0.0,,162,0,0,0,False
vw_meb_2024.dbc,2,0x520,Airbag_02,AB_Anprall_Seite_Beifahrer,17,1,True,False,1.0,0.0,,162,0,0,0,False
vw_meb_2024.dbc,2,0x520,Airbag_02,AB_Anprall_Seite_Fahrer,29,1,True,False,1.0,0.0,,162,0,0,0,False
vw_meb_2024.dbc,2,0x520,Airbag_02,AB_Belegung_VB,26,2,True,False,1.0,0.0,,162,0,0,0,False
vw_meb_2024.dbc,2,0x520,Airbag_02,AB_Crashschwere,36,3,True,False,1.0,0.0,,162,0,0,0,False
vw_meb_2024.dbc,2,0x520,Airbag_02,AB_Gurtschloss_BF,42,2,True,False,1.0,0.0,,162,0,0,0,False
vw_meb_2024.dbc,2,0x520,Airbag_02,AB_Gurtschloss_FA,40,2,True,False,1.0,0.0,,162,0,0,0,False
vw_meb_2024.dbc,2,0x520,Airbag_02,AB_Gurtschloss_Reihe2_BF,48,2,True,False,1.0,0.0,,162,0,0,0,False
vw_meb_2024.dbc,2,0x520,Airbag_02,AB_Gurtschloss_Reihe2_FA,44,2,True,False,1.0,0.0,,162,0,0,0,False
vw_meb_2024.dbc,2,0x520,Airbag_02,AB_Gurtschloss_Reihe2_MI,46,2,True,False,1.0,0.0,,162,0,0,0,False
vw_meb_2024.dbc,2,0x520,Airbag_02,AB_Gurtschloss_Reihe3_BF,54,2,True,False,1.0,0.0,,162,0,0,0,False
vw_meb_2024.dbc,2,0x520,Airbag_02,AB_Gurtschloss_Reihe3_FA,50,2,True,False,1.0,0.0,,162,0,0,0,False
vw_meb_2024.dbc,2,0x520,Airbag_02,AB_Gurtschloss_Reihe3_MI,52,2,True,False,1.0,0.0,,162,0,0,0,False
vw_meb_2024.dbc,2,0x520,Airbag_02,AB_Sitzpos_Sens_BF,58,2,True,False,1.0,0.0,,162,0,0,0,False
vw_meb_2024.dbc,2,0x520,Airbag_02,AB_Sitzpos_Sens_FA,56,2,True,False,1.0,0.0,,162,0,0,0,False
vw_meb_2024.dbc,2,0x520,Airbag_02,AB_Wickelklappung_Reihe2_BF,60,2,True,False,1.0,0.0,,162,0,0,0,False
vw_meb_2024.dbc,2,0x520,Airbag_02,AB_Wickelklappung_Reihe2_FA,62,2,True,False,1.0,0.0,,162,0,0,0,False
vw_meb_2024.dbc,2,0x520,Airbag_02,AB_Wickelklappung_Reihe2_MI,24,2,True,False,1.0,0.0,,162,0,0,0,False
vw_meb_2024.dbc,2,0x520,Airbag_02,LoGeWa_Event_Kombiwarnung,12,4,True,False,1.0,0.0,,162,0,162,0,False
vw_meb_2024.dbc,2,0x520,Airbag_02,SC_PAO_OFF_Anf,34,2,True,False,1.0,0.0,,162,0,0,0,False
vw_meb_2024.dbc,2,0x520,Airbag_02,SC_PAO_ON_Anf,32,2,True,False,1.0,0.0,,162,0,0,0,False
vw_meb_2024.dbc,2,0x520,Airbag_02,SC_PAO_Schriftzug_Anf,30,2,True,False,1.0,0.0,,162,0,0,0,False
vw_meb_2024.dbc,2,0x54b,Parkhilfe_04,BCM_WAH_Meldung,55,3,True,False,1.0,0.0,,22666,0,22666,0,False
vw_meb_2024.dbc,2,0x54b,Parkhilfe_04,PDC_Charisma_FahrPr,60,4,True,False,1.0,0.0,,22666,0,0,0,False
vw_meb_2024.dbc,2,0x54b,Parkhilfe_04,PDC_Charisma_Status,58,2,True,False,1.0,0.0,,22666,0,22666,0,False
vw_meb_2024.dbc,2,0x54b,Parkhilfe_04,PH_Aufschaltursache,16,5,True,False,1.0,0.0,,22666,0,0,0,False
vw_meb_2024.dbc,2,0x54b,Parkhilfe_04,PH_Ton_Ausgabe,21,3,True,False,1.0,0.0,,22666,0,22483,0,False
vw_meb_2024.dbc,2,0x54b,Parkhilfe_04,PH_Ton_Lautstaerke,52,3,True,False,1.0,0.0,,22666,0,0,0,False
vw_meb_2024.dbc,2,0x54b,Parkhilfe_04,PH_Ton_Pausenlaenge,24,8,True,False,1.0,0.0,,22666,0,22501,0,False
vw_meb_2024.dbc,2,0x54b,Parkhilfe_04,PH_Ton_Richtung,49,3,True,False,1.0,0.0,,22666,0,0,0,False
vw_meb_2024.dbc,2,0x54b,Parkhilfe_04,PH_Verschmutzungsmeldung,12,4,True,False,1.0,0.0,,22666,0,0,0,False
vw_meb_2024.dbc,2,0x551,WFS_01,WFS_Betrieb_Lesespule,21,1,True,False,1.0,0.0,,159,0,0,0,False
vw_meb_2024.dbc,2,0x551,WFS_01,WFS_ELV_authorisiert,19,1,True,False,1.0,0.0,,159,0,0,0,False
vw_meb_2024.dbc,2,0x551,WFS_01,WFS_Fahrerhinweise,34,2,True,False,1.0,0.0,,159,0,0,0,False
vw_meb_2024.dbc,2,0x551,WFS_01,WFS_ID_Geb_autorisiert,5,1,True,False,1.0,0.0,,159,0,0,0,False
vw_meb_2024.dbc,2,0x551,WFS_01,WFS_ID_Geb_autorisiert_in_Kl15,6,1,True,False,1.0,0.0,,159,0,0,0,False
vw_meb_2024.dbc,2,0x551,WFS_01,WFS_ID_Geb_steckt,7,1,True,False,1.0,0.0,,159,0,0,0,False
vw_meb_2024.dbc,2,0x551,WFS_01,WFS_Klemmenfreigabe,22,1,True,False,1.0,0.0,,159,0,0,0,False
vw_meb_2024.dbc,2,0x551,WFS_01,WFS_LF_Aktiv,20,1,True,False,1.0,0.0,,159,0,0,0,False
vw_meb_2024.dbc,2,0x551,WFS_01,WFS_LZ,17,2,True,False,1.0,0.0,,159,0,0,0,False
vw_meb_2024.dbc,2,0x551,WFS_01,WFS_Parken_Status,36,2,True,False,1.0,0.0,,159,0,0,0,False
vw_meb_2024.dbc,2,0x551,WFS_01,WFS_Safe,16,1,True,False,1.0,0.0,,159,0,159,0,False
vw_meb_2024.dbc,2,0x551,WFS_01,WFS_Schluessel_Fahrberecht,0,4,True,False,1.0,0.0,,159,0,0,0,False
vw_meb_2024.dbc,2,0x551,WFS_01,WFS_Schluessel_Ist,12,4,True,False,1.0,0.0,,159,0,0,0,False
vw_meb_2024.dbc,2,0x551,WFS_01,WFS_Schluessel_Soll,8,4,True,False,1.0,0.0,,159,0,0,0,False
vw_meb_2024.dbc,2,0x583,ZV_02,BCM_FH_Freigabe,12,1,True,False,1.0,0.0,,159,0,0,0,False
vw_meb_2024.dbc,2,0x583,ZV_02,BCM_HSK_Freigabe,14,1,True,False,1.0,0.0,,159,0,0,0,False
vw_meb_2024.dbc,2,0x583,ZV_02,BCM_Komfortfkt_Freigabe,13,1,True,False,1.0,0.0,,159,0,0,0,False
vw_meb_2024.dbc,2,0x583,ZV_02,BCM_Tankklappensteller_Fehler,61,1,True,False,1.0,0.0,,159,0,159,0,False
vw_meb_2024.dbc,2,0x583,ZV_02,BCM_Verdeck_Freigabe,15,1,True,False,1.0,0.0,,159,0,0,0,False
vw_meb_2024.dbc,2,0x583,ZV_02,DWA_aktiv,31,1,True,False,1.0,0.0,,159,0,0,0,False
vw_meb_2024.dbc,2,0x583,ZV_02,FBS_Warn_Schluessel_Batt,47,1,True,False,1.0,0.0,,159,0,0,0,False
vw_meb_2024.dbc,2,0x583,ZV_02,FFB_CarFinder,38,1,True,False,1.0,0.0,,159,0,0,0,False
vw_meb_2024.dbc,2,0x583,ZV_02,FFB_Komfortoeffnen,39,1,True,False,1.0,0.0,,159,0,0,0,False
vw_meb_2024.dbc,2,0x583,ZV_02,FFB_Komfortschliessen,40,1,True,False,1.0,0.0,,159,0,0,0,False
vw_meb_2024.dbc,2,0x583,ZV_02,HBFS_gesafet,53,1,True,False,1.0,0.0,,159,0,0,0,False
vw_meb_2024.dbc,2,0x583,ZV_02,HBFS_verriegelt,52,1,True,False,1.0,0.0,,159,0,0,0,False
vw_meb_2024.dbc,2,0x583,ZV_02,HD_Hauptraste,32,1,True,False,1.0,0.0,,159,0,0,0,False
vw_meb_2024.dbc,2,0x583,ZV_02,HD_Vorraste,33,1,True,False,1.0,0.0,,159,0,0,0,False
vw_meb_2024.dbc,2,0x583,ZV_02,HFS_gesafet,51,1,True,False,1.0,0.0,,159,0,0,0,False
vw_meb_2024.dbc,2,0x583,ZV_02,HFS_verriegelt,50,1,True,False,1.0,0.0,,159,0,0,0,False
vw_meb_2024.dbc,2,0x583,ZV_02,IRUE_Taster_Fkts_LED,55,1,True,False,1.0,0.0,,159,0,0,0,False
vw_meb_2024.dbc,2,0x583,ZV_02,IRUE_aktiv,30,1,True,False,1.0,0.0,,159,0,0,0,False
vw_meb_2024.dbc,2,0x583,ZV_02,ZV_BT_offen,25,1,True,False,1.0,0.0,,159,0,0,0,False
vw_meb_2024.dbc,2,0x583,ZV_02,ZV_Einzeltuerentriegelung,22,1,True,False,1.0,0.0,,159,0,0,0,False
vw_meb_2024.dbc,2,0x583,ZV_02,ZV_FT_offen,24,1,True,False,1.0,0.0,,159,0,0,0,False
vw_meb_2024.dbc,2,0x583,ZV_02,ZV_HBFS_offen,27,1,True,False,1.0,0.0,,159,0,0,0,False
vw_meb_2024.dbc,2,0x583,ZV_02,ZV_HD_offen,28,1,True,False,1.0,0.0,,159,0,0,0,False
vw_meb_2024.dbc,2,0x583,ZV_02,ZV_HFS_offen,26,1,True,False,1.0,0.0,,159,0,0,0,False
vw_meb_2024.dbc,2,0x583,ZV_02,ZV_HS_offen,29,1,True,False,1.0,0.0,,159,0,0,0,False
vw_meb_2024.dbc,2,0x583,ZV_02,ZV_Heckeinzelentriegelung,23,1,True,False,1.0,0.0,,159,0,0,0,False
vw_meb_2024.dbc,2,0x583,ZV_02,ZV_Oeffnungsmodus,48,2,True,False,1.0,0.0,,159,0,0,0,False
vw_meb_2024.dbc,2,0x583,ZV_02,ZV_Rollo_auf,57,1,True,False,1.0,0.0,,159,0,0,0,False
vw_meb_2024.dbc,2,0x583,ZV_02,ZV_Rollo_zu,58,1,True,False,1.0,0.0,,159,0,0,0,False
vw_meb_2024.dbc,2,0x583,ZV_02,ZV_SAD_auf,59,1,True,False,1.0,0.0,,159,0,0,0,False
vw_meb_2024.dbc,2,0x583,ZV_02,ZV_SAD_zu,60,1,True,False,1.0,0.0,,159,0,0,0,False
vw_meb_2024.dbc,2,0x583,ZV_02,ZV_SafeFunktion_aktiv,46,1,True,False,1.0,0.0,,159,0,0,0,False
vw_meb_2024.dbc,2,0x583,ZV_02,ZV_Schluessel_Zugang,42,4,True,False,1.0,0.0,,159,0,0,0,False
vw_meb_2024.dbc,2,0x583,ZV_02,ZV_Tankklappe_offen,56,1,True,False,1.0,0.0,,159,0,0,0,False
vw_meb_2024.dbc,2,0x583,ZV_02,ZV_gesafet_extern_ist,20,1,True,False,1.0,0.0,,159,0,0,0,False
vw_meb_2024.dbc,2,0x583,ZV_02,ZV_gesafet_extern_soll,21,1,True,False,1.0,0.0,,159,0,0,0,False
vw_meb_2024.dbc,2,0x583,ZV_02,ZV_ist_Zustand_verfuegbar,54,1,True,False,1.0,0.0,,159,0,0,0,False
vw_meb_2024.dbc,2,0x583,ZV_02,ZV_verriegelt_extern_ist,17,1,True,False,1.0,0.0,,159,0,0,0,False
vw_meb_2024.dbc,2,0x583,ZV_02,ZV_verriegelt_extern_soll,19,1,True,False,1.0,0.0,,159,0,0,0,False
vw_meb_2024.dbc,2,0x583,ZV_02,ZV_verriegelt_intern_ist,16,1,True,False,1.0,0.0,,159,0,0,0,False
vw_meb_2024.dbc,2,0x583,ZV_02,ZV_verriegelt_intern_soll,18,1,True,False,1.0,0.0,,159,0,0,0,False
vw_meb_2024.dbc,2,0x583,ZV_02,ZV_verriegelt_soll,62,2,True,False,1.0,0.0,,159,0,0,0,False
vw_meb_2024.dbc,2,0x585,Systeminfo_01,GW_KD_Fehler,13,1,True,False,1.0,0.0,,34,0,34,0,False
vw_meb_2024.dbc,2,0x585,Systeminfo_01,SI_BUS_01,16,1,True,False,1.0,0.0,,34,0,0,0,False
vw_meb_2024.dbc,2,0x585,Systeminfo_01,SI_BUS_02,17,1,True,False,1.0,0.0,,34,0,0,0,False
vw_meb_2024.dbc,2,0x585,Systeminfo_01,SI_BUS_03,18,1,True,False,1.0,0.0,,34,0,0,0,False
vw_meb_2024.dbc,2,0x585,Systeminfo_01,SI_BUS_04,19,1,True,False,1.0,0.0,,34,0,0,0,False
vw_meb_2024.dbc,2,0x585,Systeminfo_01,SI_BUS_05,20,1,True,False,1.0,0.0,,34,0,0,0,False
vw_meb_2024.dbc,2,0x585,Systeminfo_01,SI_BUS_06,21,1,True,False,1.0,0.0,,34,0,0,0,False
vw_meb_2024.dbc,2,0x585,Systeminfo_01,SI_BUS_07,22,1,True,False,1.0,0.0,,34,0,0,0,False
vw_meb_2024.dbc,2,0x585,Systeminfo_01,SI_BUS_08,23,1,True,False,1.0,0.0,,34,0,0,0,False
vw_meb_2024.dbc,2,0x585,Systeminfo_01,SI_BUS_09,24,1,True,False,1.0,0.0,,34,0,0,0,False
vw_meb_2024.dbc,2,0x585,Systeminfo_01,SI_BUS_10,25,1,True,False,1.0,0.0,,34,0,0,0,False
vw_meb_2024.dbc,2,0x585,Systeminfo_01,SI_BUS_11,26,1,True,False,1.0,0.0,,34,0,0,0,False
vw_meb_2024.dbc,2,0x585,Systeminfo_01,SI_BUS_12,27,1,True,False,1.0,0.0,,34,0,0,0,False
vw_meb_2024.dbc,2,0x585,Systeminfo_01,SI_BUS_13,28,1,True,False,1.0,0.0,,34,0,0,0,False
vw_meb_2024.dbc,2,0x585,Systeminfo_01,SI_BUS_14,29,1,True,False,1.0,0.0,,34,0,0,0,False
vw_meb_2024.dbc,2,0x585,Systeminfo_01,SI_BUS_15,30,1,True,False,1.0,0.0,,34,0,0,0,False
vw_meb_2024.dbc,2,0x585,Systeminfo_01,SI_Bus_Identifikation,32,8,True,False,1.0,0.0,,34,0,0,0,False
vw_meb_2024.dbc,2,0x585,Systeminfo_01,SI_CAB,40,24,True,False,1.0,0.0,,34,0,0,0,False
vw_meb_2024.dbc,2,0x585,Systeminfo_01,SI_Diagnose_Aktiv,7,1,True,False,1.0,0.0,,34,0,0,0,False
vw_meb_2024.dbc,2,0x585,Systeminfo_01,SI_NWDF,10,1,True,False,1.0,0.0,,34,0,0,0,False
vw_meb_2024.dbc,2,0x585,Systeminfo_01,SI_NWDF_gueltig,11,1,True,False,1.0,0.0,,34,0,0,0,False
vw_meb_2024.dbc,2,0x585,Systeminfo_01,SI_QRS_Mode,8,1,True,False,1.0,0.0,,34,0,0,0,False
vw_meb_2024.dbc,2,0x585,Systeminfo_01,SI_Sammel_SG_Fehler,0,6,True,False,1.0,0.0,,34,0,0,0,False
vw_meb_2024.dbc,2,0x585,Systeminfo_01,SI_Sammelfehler,12,1,True,False,1.0,0.0,,34,0,34,0,False
vw_meb_2024.dbc,2,0x585,Systeminfo_01,SI_T_Mode,9,1,True,False,1.0,0.0,,34,0,0,0,False
vw_meb_2024.dbc,2,0x585,Systeminfo_01,SI_T_Schutz,14,1,True,False,1.0,0.0,,34,0,0,0,False
vw_meb_2024.dbc,2,0x5a0,RLS_01,LS_Helligkeit_FW,8,10,True,False,6.0,0.0,Unit_Lux,156,0,0,0,False
vw_meb_2024.dbc,2,0x5a0,RLS_01,LS_Helligkeit_IR,0,8,True,False,400.0,0.0,Unit_Lux,156,0,0,0,False
vw_meb_2024.dbc,2,0x5a0,RLS_01,LS_Verbau,23,1,True,False,1.0,0.0,,156,0,0,0,False
vw_meb_2024.dbc,2,0x5a0,RLS_01,LS_defekt,22,1,True,False,1.0,0.0,,156,0,0,0,False
vw_meb_2024.dbc,2,0x5a0,RLS_01,RLS_Vorfeldhelligkeit_Boost,35,4,True,False,1.0,0.0,,156,0,0,0,False
vw_meb_2024.dbc,2,0x5a0,RLS_01,RS_Regenmenge,24,4,True,False,10.0,0.0,Unit_PerCent,156,0,0,0,False
vw_meb_2024.dbc,2,0x5a0,RLS_01,RS_Verbau,29,1,True,False,1.0,0.0,,156,0,0,0,False
vw_meb_2024.dbc,2,0x5a0,RLS_01,RS_Verglasung_schliessen,30,1,True,False,1.0,0.0,,156,0,0,0,False
vw_meb_2024.dbc,2,0x5a0,RLS_01,RS_Wischergeschwindigkeit,32,3,True,False,1.0,0.0,,156,0,0,0,False
vw_meb_2024.dbc,2,0x5a0,RLS_01,RS_defekt,31,1,True,False,1.0,0.0,,156,0,0,0,False
vw_meb_2024.dbc,2,0x5a7,TM_01,TM_Door_Lock,49,1,True,False,1.0,0.0,,32,0,32,0,False
vw_meb_2024.dbc,2,0x5a7,TM_01,TM_Door_Unlock,50,1,True,False,1.0,0.0,,32,0,32,0,False
vw_meb_2024.dbc,2,0x5a7,TM_01,TM_Nur_Hupen,48,1,True,False,1.0,0.0,,32,0,0,0,False
vw_meb_2024.dbc,2,0x5a7,TM_01,TM_Panik_Alarm,52,1,True,False,1.0,0.0,,32,0,32,0,False
vw_meb_2024.dbc,2,0x5a7,TM_01,TM_Spiegel_Anklappen,47,1,True,False,1.0,0.0,,32,0,32,0,False
vw_meb_2024.dbc,2,0x5a7,TM_01,TM_Warnblinken,51,1,True,False,1.0,0.0,,32,0,32,0,False
vw_meb_2024.dbc,2,0x5a7,TM_01,TM_ZV_Signatur,53,11,True,False,1.0,0.0,Unit_None,32,0,32,32,False
vw_meb_2024.dbc,2,0x5f0,Dimmung_01,DI_Display_Nachtdesign,15,1,True,False,1.0,0.0,,158,0,0,0,False
vw_meb_2024.dbc,2,0x5f0,Dimmung_01,DI_Fotosensor,24,16,True,False,1.0,0.0,,158,0,0,0,False
vw_meb_2024.dbc,2,0x5f0,Dimmung_01,DI_KL_58xd,0,8,True,False,1.0,0.0,,158,0,0,0,False
vw_meb_2024.dbc,2,0x5f0,Dimmung_01,DI_KL_58xs,8,7,True,False,1.0,0.0,Unit_PerCent,158,0,0,0,False
vw_meb_2024.dbc,2,0x5f0,Dimmung_01,DI_KL_58xt,16,7,True,False,1.0,0.0,Unit_PerCent,158,0,0,0,False
vw_meb_2024.dbc,2,0x5f4,Innenlicht_11,AMB_Charisma_FahrPr,49,4,True,False,1.0,0.0,,63,0,0,0,False
vw_meb_2024.dbc,2,0x5f4,Innenlicht_11,AMB_Charisma_Status,53,2,True,False,1.0,0.0,,63,0,63,0,False
vw_meb_2024.dbc,2,0x5f4,Innenlicht_11,BCM1_DI_Rampe_Innenlicht,40,1,True,False,1.0,0.0,,63,0,0,0,False
vw_meb_2024.dbc,2,0x5f4,Innenlicht_11,BCM1_DI_Rampe_Leselicht,41,1,True,False,1.0,0.0,,63,0,0,0,False
vw_meb_2024.dbc,2,0x5f4,Innenlicht_11,BCM1_Innenlicht_H,42,1,True,False,1.0,0.0,,63,0,0,0,False
vw_meb_2024.dbc,2,0x5f4,Innenlicht_11,BCM1_Innenlicht_V,43,1,True,False,1.0,0.0,,63,0,0,0,False
vw_meb_2024.dbc,2,0x5f4,Innenlicht_11,BCM1_Innenlicht_gedimmt_H,37,1,True,False,1.0,0.0,,63,0,0,0,False
vw_meb_2024.dbc,2,0x5f4,Innenlicht_11,BCM1_Innenlicht_gedimmt_V,36,1,True,False,1.0,0.0,,63,0,0,0,False
vw_meb_2024.dbc,2,0x5f4,Innenlicht_11,BCM1_Leselicht_Anf_hl,44,1,True,False,1.0,0.0,,63,0,0,0,False
vw_meb_2024.dbc,2,0x5f4,Innenlicht_11,BCM1_Leselicht_Anf_hr,45,1,True,False,1.0,0.0,,63,0,0,0,False
vw_meb_2024.dbc,2,0x5f4,Innenlicht_11,BCM1_Leselicht_Anf_vl,46,1,True,False,1.0,0.0,,63,0,0,0,False
vw_meb_2024.dbc,2,0x5f4,Innenlicht_11,BCM1_Leselicht_Anf_vr,47,1,True,False,1.0,0.0,,63,0,0,0,False
vw_meb_2024.dbc,2,0x5f4,Innenlicht_11,BCM1_Leuchten_Aus,48,1,True,False,1.0,0.0,,63,0,0,0,False
vw_meb_2024.dbc,2,0x5f4,Innenlicht_11,IL_Bel_BFS_Ausstieg,33,1,True,False,1.0,0.0,,63,0,0,0,False
vw_meb_2024.dbc,2,0x5f4,Innenlicht_11,IL_Bel_FS_Ausstieg,32,1,True,False,1.0,0.0,,63,0,0,0,False
vw_meb_2024.dbc,2,0x5f4,Innenlicht_11,IL_Bel_HBFS_Ausstieg,35,1,True,False,1.0,0.0,,63,0,0,0,False
vw_meb_2024.dbc,2,0x5f4,Innenlicht_11,IL_Bel_HFS_Ausstieg,34,1,True,False,1.0,0.0,,63,0,0,0,False
vw_meb_2024.dbc,2,0x5f4,Innenlicht_11,IL_Dimmung_H_Tuerkontur,8,8,True,False,1.0,0.0,Unit_PerCent,63,0,0,0,False
vw_meb_2024.dbc,2,0x5f4,Innenlicht_11,IL_Dimmung_Lautspr,56,8,True,False,1.0,0.0,Unit_PerCent,63,0,0,0,False
vw_meb_2024.dbc,2,0x5f4,Innenlicht_11,IL_Dimmung_Tuerinnengriff,16,8,True,False,1.0,0.0,Unit_PerCent,63,0,0,0,False
vw_meb_2024.dbc,2,0x5f4,Innenlicht_11,IL_Dimmung_Umfeldbel,24,8,True,False,1.0,0.0,Unit_PerCent,63,0,0,0,False
vw_meb_2024.dbc,2,0x5f4,Innenlicht_11,IL_Dimmung_V_Tuerkontur,0,8,True,False,1.0,0.0,Unit_PerCent,63,0,0,0,False
vw_meb_2024.dbc,2,0x5f4,Innenlicht_11,IL_Innenlicht_aktiv,38,1,True,False,1.0,0.0,,63,0,0,0,False
vw_meb_2024.dbc,2,0x5f4,Innenlicht_11,IL_Klemme_30G_aktiv,39,1,True,False,1.0,0.0,,63,0,0,0,False
vw_meb_2024.dbc,2,0x641,Motor_Code_01,MO_Abgastyp_EOBD,57,1,True,False,1.0,0.0,,32,0,0,0,False
vw_meb_2024.dbc,2,0x641,Motor_Code_01,MO_Abgastyp_OBD,58,1,True,False,1.0,0.0,,32,0,0,0,False
vw_meb_2024.dbc,2,0x641,Motor_Code_01,MO_Ansaugsystem,47,1,True,False,1.0,0.0,,32,0,0,0,False
vw_meb_2024.dbc,2,0x641,Motor_Code_01,MO_Anzahl_Zyl,32,4,True,False,1.0,0.0,,32,0,0,0,False
vw_meb_2024.dbc,2,0x641,Motor_Code_01,MO_Code,16,8,True,False,1.0,0.0,,32,0,0,0,False
vw_meb_2024.dbc,2,0x641,Motor_Code_01,MO_DPF_verbaut,59,1,True,False,1.0,0.0,,32,0,0,0,False
vw_meb_2024.dbc,2,0x641,Motor_Code_01,MO_Einspritzart,63,1,True,False,1.0,0.0,,32,0,0,0,False
vw_meb_2024.dbc,2,0x641,Motor_Code_01,MO_Faktor_Momente_02,12,2,True,False,1.0,0.0,,32,0,0,0,False
vw_meb_2024.dbc,2,0x641,Motor_Code_01,MO_Getriebe_Code,24,6,True,False,1.0,0.0,,32,0,32,0,False
vw_meb_2024.dbc,2,0x641,Motor_Code_01,MO_Hubraum,40,7,True,False,0.1,0.0,Unit_Liter,32,0,0,0,False
vw_meb_2024.dbc,2,0x641,Motor_Code_01,MO_Hybridfahrzeug,14,2,True,False,1.0,0.0,,32,0,0,0,False
vw_meb_2024.dbc,2,0x641,Motor_Code_01,MO_Kraftstoffart,36,4,True,False,1.0,0.0,,32,0,0,0,False
vw_meb_2024.dbc,2,0x641,Motor_Code_01,MO_Leistung,48,9,True,False,1.0,0.0,Unit_KiloWatt,32,0,0,0,False
vw_meb_2024.dbc,2,0x641,Motor_Code_01,MO_StartStopp_Codiert,30,1,True,False,1.0,0.0,,32,0,0,0,False
vw_meb_2024.dbc,2,0x641,Motor_Code_01,Motor_Code_01_BZ,8,4,True,False,1.0,0.0,,32,0,0,0,False
vw_meb_2024.dbc,2,0x641,Motor_Code_01,Motor_Code_01_CRC,0,8,True,False,1.0,0.0,,32,0,0,0,False
vw_meb_2024.dbc,2,0x641,Motor_Code_01,TSK_Codierung,60,3,True,False,1.0,0.0,,32,0,0,0,False
vw_meb_2024.dbc,2,0x643,Einheiten_01,KBI_Einheit_Datum,0,2,True,False,1.0,0.0,,32,0,0,0,False
vw_meb_2024.dbc,2,0x643,Einheiten_01,KBI_Einheit_Druck,2,2,True,False,1.0,0.0,,32,0,0,0,False
vw_meb_2024.dbc,2,0x643,Einheiten_01,KBI_Einheit_Masse,28,2,True,False,1.0,0.0,,32,0,0,0,False
vw_meb_2024.dbc,2,0x643,Einheiten_01,KBI_Einheit_Sprache,16,8,True,False,1.0,0.0,,32,0,0,0,False
vw_meb_2024.dbc,2,0x643,Einheiten_01,KBI_Einheit_Streckenanz,4,1,True,False,1.0,0.0,,32,0,0,0,False
vw_meb_2024.dbc,2,0x643,Einheiten_01,KBI_Einheit_Temp,6,1,True,False,1.0,0.0,,32,0,0,0,False
vw_meb_2024.dbc,2,0x643,Einheiten_01,KBI_Einheit_Uhrzeit,7,1,True,False,1.0,0.0,,32,0,0,0,False
vw_meb_2024.dbc,2,0x643,Einheiten_01,KBI_Einheit_Verbrauch,8,2,True,False,1.0,0.0,,32,0,0,0,False
vw_meb_2024.dbc,2,0x643,Einheiten_01,KBI_Einheit_Verbrauch_Gas,24,4,True,False,1.0,0.0,,32,0,0,0,False
vw_meb_2024.dbc,2,0x643,Einheiten_01,KBI_Einheit_Verbrauch_elektr,12,3,True,False,1.0,0.0,,32,0,0,0,False
vw_meb_2024.dbc,2,0x643,Einheiten_01,KBI_Einheit_Volumen,10,2,True,False,1.0,0.0,,32,0,0,0,False
vw_meb_2024.dbc,2,0x643,Einheiten_01,KBI_MFA_v_Einheit_02,5,1,True,False,1.0,0.0,,32,0,0,0,False
vw_meb_2024.dbc,2,0x656,ELV_01,ELV_01_BZ,8,4,True,False,1.0,0.0,,31,0,0,0,False
vw_meb_2024.dbc,2,0x656,ELV_01,ELV_01_CRC,0,8,True,False,1.0,0.0,,31,0,0,0,False
vw_meb_2024.dbc,2,0x656,ELV_01,ELV_01_Sendestatus,15,1,True,False,1.0,0.0,,31,0,0,0,False
vw_meb_2024.dbc,2,0x656,ELV_01,ELV_Abbruch_Anf_Klemmenfreigabe,23,1,True,False,1.0,0.0,,31,0,0,0,False
vw_meb_2024.dbc,2,0x656,ELV_01,ELV_Anf_Klemme_15,13,1,True,False,1.0,0.0,,31,0,0,0,False
vw_meb_2024.dbc,2,0x656,ELV_01,ELV_Anf_Klemme_50,14,1,True,False,1.0,0.0,,31,0,0,0,False
vw_meb_2024.dbc,2,0x656,ELV_01,ELV_Anf_Klemme_S,12,1,True,False,1.0,0.0,,31,0,0,0,False
vw_meb_2024.dbc,2,0x656,ELV_01,ELV_Anlernmodus,20,1,True,False,1.0,0.0,,31,0,0,0,False
vw_meb_2024.dbc,2,0x656,ELV_01,ELV_Entriegelt,17,1,True,False,1.0,0.0,,31,0,0,0,False
vw_meb_2024.dbc,2,0x656,ELV_01,ELV_Klemmenfreigabe,22,1,True,False,1.0,0.0,,31,0,0,0,False
vw_meb_2024.dbc,2,0x656,ELV_01,ELV_LED_Gelb,25,1,True,False,1.0,0.0,,31,0,0,0,False
vw_meb_2024.dbc,2,0x656,ELV_01,ELV_LED_Rot,24,1,True,False,1.0,0.0,,31,0,0,0,False
vw_meb_2024.dbc,2,0x656,ELV_01,ELV_Lebenszustand,19,1,True,False,1.0,0.0,,31,0,0,0,False
vw_meb_2024.dbc,2,0x656,ELV_01,ELV_P_verriegelt,35,1,True,False,1.0,0.0,,31,0,0,0,False
vw_meb_2024.dbc,2,0x656,ELV_01,ELV_Txt_Bremse,34,1,True,False,1.0,0.0,,31,0,0,0,False
vw_meb_2024.dbc,2,0x656,ELV_01,ELV_Txt_Defekt,30,1,True,False,1.0,0.0,,31,0,0,0,False
vw_meb_2024.dbc,2,0x656,ELV_01,ELV_Txt_Kupplung,33,1,True,False,1.0,0.0,,31,0,0,0,False
vw_meb_2024.dbc,2,0x656,ELV_01,ELV_Txt_Lkg_Bewegen,28,1,True,False,1.0,0.0,,31,0,0,0,False
vw_meb_2024.dbc,2,0x656,ELV_01,ELV_Txt_PN_Gang,32,1,True,False,1.0,0.0,,31,0,0,0,False
vw_meb_2024.dbc,2,0x656,ELV_01,ELV_Txt_P_Gang,31,1,True,False,1.0,0.0,,31,0,0,0,False
vw_meb_2024.dbc,2,0x656,ELV_01,ELV_Txt_Panikabschaltung,27,1,True,False,1.0,0.0,,31,0,0,0,False
vw_meb_2024.dbc,2,0x656,ELV_01,ELV_Txt_Werkstatt,29,1,True,False,1.0,0.0,,31,0,0,0,False
vw_meb_2024.dbc,2,0x656,ELV_01,ELV_Verriegelt,16,1,True,False,1.0,0.0,,31,0,0,0,False
vw_meb_2024.dbc,2,0x656,ELV_01,ELV_ZAT_betaetigt,18,1,True,False,1.0,0.0,,31,0,0,0,False
vw_meb_2024.dbc,2,0x658,Licht_vorne_01,BCM1_Licht_Dunkelheit_aktiv,49,1,True,False,1.0,0.0,,32,0,0,0,False
vw_meb_2024.dbc,2,0x658,Licht_vorne_01,BCM1_Linksverkehr,48,1,True,False,1.0,0.0,,32,0,0,0,False
vw_meb_2024.dbc,2,0x658,Licht_vorne_01,LV_AFL_aktiv_Anzeige,18,1,True,False,1.0,0.0,,32,0,0,0,False
vw_meb_2024.dbc,2,0x658,Licht_vorne_01,LV_AFL_defekt,19,1,True,False,1.0,0.0,,32,0,0,0,False
vw_meb_2024.dbc,2,0x658,Licht_vorne_01,LV_Abbiegelicht_li_def,46,1,True,False,1.0,0.0,,32,0,0,0,False
vw_meb_2024.dbc,2,0x658,Licht_vorne_01,LV_Abbiegelicht_re_def,47,1,True,False,1.0,0.0,,32,0,0,0,False
vw_meb_2024.dbc,2,0x658,Licht_vorne_01,LV_Abblend_Fernlicht_li_def,41,1,True,False,1.0,0.0,,32,0,0,0,False
vw_meb_2024.dbc,2,0x658,Licht_vorne_01,LV_Abblend_Fernlicht_re_def,45,1,True,False,1.0,0.0,,32,0,0,0,False
vw_meb_2024.dbc,2,0x658,Licht_vorne_01,LV_Abblendlicht_Anzeige,13,1,True,False,1.0,0.0,,32,0,0,0,False
vw_meb_2024.dbc,2,0x658,Licht_vorne_01,LV_Abblendlicht_TFL_li_def,38,1,True,False,1.0,0.0,,32,0,0,0,False
vw_meb_2024.dbc,2,0x658,Licht_vorne_01,LV_Abblendlicht_TFL_re_def,42,1,True,False,1.0,0.0,,32,0,0,0,False
vw_meb_2024.dbc,2,0x658,Licht_vorne_01,LV_Abblendlicht_li_def,22,1,True,False,1.0,0.0,,32,0,0,0,False
vw_meb_2024.dbc,2,0x658,Licht_vorne_01,LV_Abblendlicht_re_def,32,1,True,False,1.0,0.0,,32,0,0,0,False
vw_meb_2024.dbc,2,0x658,Licht_vorne_01,LV_Aussenlicht_def,37,1,True,False,1.0,0.0,,32,0,0,0,False
vw_meb_2024.dbc,2,0x658,Licht_vorne_01,LV_Blinker_VL_aktiv,52,1,True,False,1.0,0.0,,32,0,0,0,False
vw_meb_2024.dbc,2,0x658,Licht_vorne_01,LV_Blinker_VR_aktiv,53,1,True,False,1.0,0.0,,32,0,0,0,False
vw_meb_2024.dbc,2,0x658,Licht_vorne_01,LV_Blinker_li_def,20,1,True,False,1.0,0.0,,32,0,0,0,False
vw_meb_2024.dbc,2,0x658,Licht_vorne_01,LV_Blinker_re_def,30,1,True,False,1.0,0.0,,32,0,0,0,False
vw_meb_2024.dbc,2,0x658,Licht_vorne_01,LV_Blk_li_Seite_def,25,1,True,False,1.0,0.0,,32,0,0,0,False
vw_meb_2024.dbc,2,0x658,Licht_vorne_01,LV_Blk_re_Seite_def,35,1,True,False,1.0,0.0,,32,0,0,0,False
vw_meb_2024.dbc,2,0x658,Licht_vorne_01,LV_FLA_Sensor_blockiert,29,1,True,False,1.0,0.0,,32,0,0,0,False
vw_meb_2024.dbc,2,0x658,Licht_vorne_01,LV_FLA_aktiv_Anzeige,27,1,True,False,1.0,0.0,,32,0,0,0,False
vw_meb_2024.dbc,2,0x658,Licht_vorne_01,LV_FLA_defekt,28,1,True,False,1.0,0.0,,32,0,0,0,False
vw_meb_2024.dbc,2,0x658,Licht_vorne_01,LV_Fernlicht_Anzeige,14,1,True,False,1.0,0.0,,32,0,0,0,False
vw_meb_2024.dbc,2,0x658,Licht_vorne_01,LV_Fernlicht_li_def,23,1,True,False,1.0,0.0,,32,0,0,0,False
vw_meb_2024.dbc,2,0x658,Licht_vorne_01,LV_Fernlicht_re_def,33,1,True,False,1.0,0.0,,32,0,0,0,False
vw_meb_2024.dbc,2,0x658,Licht_vorne_01,LV_LED_Scheinwerfer_li_def,50,1,True,False,1.0,0.0,,32,0,0,0,False
vw_meb_2024.dbc,2,0x658,Licht_vorne_01,LV_LED_Scheinwerfer_re_def,51,1,True,False,1.0,0.0,,32,0,0,0,False
vw_meb_2024.dbc,2,0x658,Licht_vorne_01,LV_MXB_Status_Anzeige,54,2,True,False,1.0,0.0,,32,0,0,0,False
vw_meb_2024.dbc,2,0x658,Licht_vorne_01,LV_Nebellicht_Anzeige,15,1,True,False,1.0,0.0,,32,0,0,0,False
vw_meb_2024.dbc,2,0x658,Licht_vorne_01,LV_Nebellicht_TFL_li_def,39,1,True,False,1.0,0.0,,32,0,0,0,False
vw_meb_2024.dbc,2,0x658,Licht_vorne_01,LV_Nebellicht_TFL_re_def,43,1,True,False,1.0,0.0,,32,0,0,0,False
vw_meb_2024.dbc,2,0x658,Licht_vorne_01,LV_Nebellicht_li_def,24,1,True,False,1.0,0.0,,32,0,0,0,False
vw_meb_2024.dbc,2,0x658,Licht_vorne_01,LV_Nebellicht_re_def,34,1,True,False,1.0,0.0,,32,0,0,0,False
vw_meb_2024.dbc,2,0x658,Licht_vorne_01,LV_Nebelschlusslicht_Anzeige,16,1,True,False,1.0,0.0,,32,0,0,0,False
vw_meb_2024.dbc,2,0x658,Licht_vorne_01,LV_Standlicht_Anzeige,12,1,True,False,1.0,0.0,,32,0,0,0,False
vw_meb_2024.dbc,2,0x658,Licht_vorne_01,LV_Standlicht_TFL_li_def,40,1,True,False,1.0,0.0,,32,0,0,0,False
vw_meb_2024.dbc,2,0x658,Licht_vorne_01,LV_Standlicht_TFL_re_def,44,1,True,False,1.0,0.0,,32,0,0,0,False
vw_meb_2024.dbc,2,0x658,Licht_vorne_01,LV_Standlicht_li_def,21,1,True,False,1.0,0.0,,32,0,0,0,False
vw_meb_2024.dbc,2,0x658,Licht_vorne_01,LV_Standlicht_re_def,31,1,True,False,1.0,0.0,,32,0,0,0,False
vw_meb_2024.dbc,2,0x658,Licht_vorne_01,LV_Tagfahrlicht_Anzeige,17,1,True,False,1.0,0.0,,32,0,0,0,False
vw_meb_2024.dbc,2,0x658,Licht_vorne_01,LV_Tagfahrlicht_li_def,26,1,True,False,1.0,0.0,,32,0,0,0,False
vw_meb_2024.dbc,2,0x658,Licht_vorne_01,LV_Tagfahrlicht_re_def,36,1,True,False,1.0,0.0,,32,0,0,0,False
vw_meb_2024.dbc,2,0x658,Licht_vorne_01,Licht_Vorne_01_BZ,8,4,True,False,1.0,0.0,,32,0,0,0,False
vw_meb_2024.dbc,2,0x658,Licht_vorne_01,Licht_Vorne_01_CRC,0,8,True,False,1.0,0.0,,32,0,0,0,False
vw_meb_2024.dbc,2,0x65d,ESP_20,BR_QBit_Reifenumfang,51,1,True,False,1.0,0.0,,32,0,0,0,False
vw_meb_2024.dbc,2,0x65d,ESP_20,BR_Reifenumfang,52,12,True,False,1.0,0.0,Unit_MilliMeter,32,0,0,0,False
vw_meb_2024.dbc,2,0x65d,ESP_20,BR_Systemart,12,2,True,False,1.0,0.0,,32,0,0,0,False
vw_meb_2024.dbc,2,0x65d,ESP_20,ESP_20_BZ,8,4,True,False,1.0,0.0,,32,0,0,0,False
vw_meb_2024.dbc,2,0x65d,ESP_20,ESP_20_CRC,0,8,True,False,1.0,0.0,,32,0,0,0,False
vw_meb_2024.dbc,2,0x65d,ESP_20,ESP_Charisma_FahrPr,24,4,True,False,1.0,0.0,,32,0,0,0,False
vw_meb_2024.dbc,2,0x65d,ESP_20,ESP_Charisma_Status,28,2,True,False,1.0,0.0,,32,0,8,0,False
vw_meb_2024.dbc,2,0x65d,ESP_20,ESP_Dachrelingsensor,42,2,True,False,1.0,0.0,,32,0,0,0,False
vw_meb_2024.dbc,2,0x65d,ESP_20,ESP_SpannungsAnf_02,14,2,True,False,1.0,0.0,,32,0,0,0,False
vw_meb_2024.dbc,2,0x65d,ESP_20,ESP_Stoppverbot_Anz_01,34,1,True,False,1.0,0.0,,32,0,0,0,False
vw_meb_2024.dbc,2,0x65d,ESP_20,ESP_Stoppverbot_Anz_02,35,1,True,False,1.0,0.0,,32,0,0,0,False
vw_meb_2024.dbc,2,0x65d,ESP_20,ESP_Stoppverbot_Anz_03,36,1,True,False,1.0,0.0,,32,0,0,0,False
vw_meb_2024.dbc,2,0x65d,ESP_20,ESP_Stoppverbot_Anz_04,37,1,True,False,1.0,0.0,,32,0,0,0,False
vw_meb_2024.dbc,2,0x65d,ESP_20,ESP_Stoppverbot_Anz_05,38,1,True,False,1.0,0.0,,32,0,0,0,False
vw_meb_2024.dbc,2,0x65d,ESP_20,ESP_Stoppverbot_Anz_06,39,1,True,False,1.0,0.0,,32,0,0,0,False
vw_meb_2024.dbc,2,0x65d,ESP_20,ESP_Stoppverbot_Anz_07,40,1,True,False,1.0,0.0,,32,0,0,0,False
vw_meb_2024.dbc,2,0x65d,ESP_20,ESP_Stoppverbot_Anz_08,44,1,True,False,1.0,0.0,,32,0,0,0,False
vw_meb_2024.dbc,2,0x65d,ESP_20,ESP_Stoppverbot_Anz_Std,41,1,True,False,1.0,0.0,,32,0,0,0,False
vw_meb_2024.dbc,2,0x65d,ESP_20,ESP_Wiederstart_Anz_01,30,1,True,False,1.0,0.0,,32,0,0,0,False
vw_meb_2024.dbc,2,0x65d,ESP_20,ESP_Wiederstart_Anz_02,31,1,True,False,1.0,0.0,,32,0,0,0,False
vw_meb_2024.dbc,2,0x65d,ESP_20,ESP_Wiederstart_Anz_03,32,1,True,False,1.0,0.0,,32,0,0,0,False
vw_meb_2024.dbc,2,0x65d,ESP_20,ESP_Wiederstart_Anz_04,33,1,True,False,1.0,0.0,,32,0,0,0,False
vw_meb_2024.dbc,2,0x65d,ESP_20,ESP_Zaehnezahl,16,8,True,False,1.0,0.0,,32,0,0,0,False
vw_meb_2024.dbc,2,0x65d,ESP_20,HDC_Charisma_FahrPr,45,4,True,False,1.0,0.0,,32,0,0,0,False
vw_meb_2024.dbc,2,0x65d,ESP_20,HDC_Charisma_Status,49,2,True,False,1.0,0.0,,32,0,32,0,False
vw_meb_2024.dbc,2,0x65f,Motor_16,MO_Anzeige_Kaltleuchte,30,1,True,False,1.0,0.0,,63,0,0,0,False
vw_meb_2024.dbc,2,0x65f,Motor_16,MO_DPF_reg,16,1,True,False,1.0,0.0,,63,0,0,0,False
vw_meb_2024.dbc,2,0x65f,Motor_16,MO_Energieinhalt_BMS,36,12,True,False,25.0,0.0,Unit_WattHour,63,0,0,0,False
vw_meb_2024.dbc,2,0x65f,Motor_16,MO_Heizstrom_EKAT,17,7,True,False,1.0,0.0,Unit_Amper,63,0,0,0,False
vw_meb_2024.dbc,2,0x65f,Motor_16,MO_Heizstrom_SCR,24,6,True,False,1.0,0.0,Unit_Amper,63,0,0,0,False
vw_meb_2024.dbc,2,0x65f,Motor_16,MO_P_Generator_ungefiltert_Anf,31,1,True,False,1.0,0.0,,63,0,0,0,False
vw_meb_2024.dbc,2,0x65f,Motor_16,MO_SpannungsAnf_02,14,2,True,False,1.0,0.0,,63,0,0,0,False
vw_meb_2024.dbc,2,0x65f,Motor_16,TSK_Fahrzeugmasse_02,48,8,True,False,32.0,0.0,Unit_KiloGram,63,0,0,0,False
vw_meb_2024.dbc,2,0x65f,Motor_16,TSK_Getriebeinfo,34,2,True,False,1.0,0.0,,63,0,0,0,False
vw_meb_2024.dbc,2,0x65f,Motor_16,TSK_Grundmasse,0,8,True,False,32.0,0.0,Unit_KiloGram,63,0,0,0,False
vw_meb_2024.dbc,2,0x65f,Motor_16,TSK_QBit_Fahrzeugmasse,13,1,True,False,1.0,0.0,,63,0,63,0,False
vw_meb_2024.dbc,2,0x65f,Motor_16,TSK_QBit_Steigung,12,1,True,False,1.0,0.0,,63,0,0,0,False
vw_meb_2024.dbc,2,0x65f,Motor_16,TSK_Steigung_02,56,8,True,False,0.8,-101.6,Unit_PerCent,63,0,0,0,False
vw_meb_2024.dbc,2,0x668,Klima_12,FSH_Taster,5,1,True,False,1.0,0.0,,157,0,0,0,False
vw_meb_2024.dbc,2,0x668,Klima_12,HSH_Taster,3,2,True,False,1.0,0.0,,157,0,0,0,False
vw_meb_2024.dbc,2,0x668,Klima_12,KL_Beschlagsgefahr,7,1,True,False,1.0,0.0,,157,0,0,0,False
vw_meb_2024.dbc,2,0x668,Klima_12,KL_Geblspng_Fond_Soll,32,8,True,False,0.05,1.45,Unit_Volt,157,0,0,157,False
vw_meb_2024.dbc,2,0x668,Klima_12,KL_Geblspng_Soll,24,8,True,False,0.05,1.45,Unit_Volt,157,0,0,116,False
vw_meb_2024.dbc,2,0x668,Klima_12,KL_I_Geblaese,40,8,True,False,0.25,0.0,Unit_Amper,157,0,2,2,False
vw_meb_2024.dbc,2,0x668,Klima_12,KL_Kompressorstrom_soll,48,10,True,False,1.0,0.0,,157,0,0,0,False
vw_meb_2024.dbc,2,0x668,Klima_12,KL_LRH_Stufe,1,2,True,False,1.0,0.0,,157,0,0,0,False
vw_meb_2024.dbc,2,0x668,Klima_12,KL_LRH_Taster,0,1,True,False,1.0,0.0,,157,0,0,0,False
vw_meb_2024.dbc,2,0x668,Klima_12,KL_PTC_Verbauinfo,62,2,True,False,1.0,0.0,,157,0,0,0,False
vw_meb_2024.dbc,2,0x668,Klima_12,KL_SIH_Soll_li,8,3,True,False,1.0,0.0,,157,0,0,0,False
vw_meb_2024.dbc,2,0x668,Klima_12,KL_SIH_Soll_re,11,3,True,False,1.0,0.0,,157,0,0,0,False
vw_meb_2024.dbc,2,0x668,Klima_12,KL_SIL_Soll_li,16,3,True,False,1.0,0.0,,157,0,0,0,False
vw_meb_2024.dbc,2,0x668,Klima_12,KL_SIL_Soll_re,19,3,True,False,1.0,0.0,,157,0,0,0,False
vw_meb_2024.dbc,2,0x668,Klima_12,KL_Umluftklappe_Status,58,4,True,False,1.0,0.0,,157,0,0,0,False
vw_meb_2024.dbc,2,0x668,Klima_12,KL_Zuheizer_Freigabe,6,1,True,False,1.0,0.0,,157,0,0,0,False
vw_meb_2024.dbc,2,0x668,Klima_12,KRH_Soll_li,14,2,True,False,1.0,0.0,,157,0,0,0,False
vw_meb_2024.dbc,2,0x668,Klima_12,KRH_Soll_re,22,2,True,False,1.0,0.0,,157,0,0,0,False
vw_meb_2024.dbc,2,0x670,Motor_18,MO1_Freigabe_Info_WFS,12,1,True,False,1.0,0.0,,63,0,0,0,False
vw_meb_2024.dbc,2,0x670,Motor_18,MO1_Freigabe_Verfallsinfo_WFS,42,1,True,False,1.0,0.0,,63,0,0,0,False
vw_meb_2024.dbc,2,0x670,Motor_18,MO1_Sperr_Info_WFS,11,1,True,False,1.0,0.0,,63,0,0,0,False
vw_meb_2024.dbc,2,0x670,Motor_18,MO_ANC_Kennfeld_Anf,6,2,True,False,1.0,0.0,,63,0,0,0,False
vw_meb_2024.dbc,2,0x670,Motor_18,MO_Abstellzeit,32,8,True,False,8.0,0.0,Unit_Minut,63,0,63,63,False
vw_meb_2024.dbc,2,0x670,Motor_18,MO_Abstellzeit_Status,40,2,True,False,1.0,0.0,,63,0,0,0,False
vw_meb_2024.dbc,2,0x670,Motor_18,MO_Anzahl_Abgesch_Zyl,47,3,True,False,1.0,0.0,,63,0,0,0,False
vw_meb_2024.dbc,2,0x670,Motor_18,MO_Bremslicht_Reku,8,1,True,False,1.0,0.0,,63,0,0,0,False
vw_meb_2024.dbc,2,0x670,Motor_18,MO_Drehzahl_Warnung,55,1,True,False,1.0,0.0,,63,0,0,0,False
vw_meb_2024.dbc,2,0x670,Motor_18,MO_EPCL,13,3,True,False,1.0,0.0,,63,0,0,0,False
vw_meb_2024.dbc,2,0x670,Motor_18,MO_Ethanol_BS_Texte,52,3,True,False,1.0,0.0,,63,0,0,0,False
vw_meb_2024.dbc,2,0x670,Motor_18,MO_Fahrzeugtyp,20,3,True,False,1.0,0.0,,63,0,0,0,False
vw_meb_2024.dbc,2,0x670,Motor_18,MO_Fehler_Zylabsch,45,2,True,False,1.0,0.0,,63,0,63,0,False
vw_meb_2024.dbc,2,0x670,Motor_18,MO_Hybrid_StartStopp_LED,43,2,True,False,1.0,0.0,,63,0,0,0,False
vw_meb_2024.dbc,2,0x670,Motor_18,MO_NMAX_Schaltanzeige,23,9,True,False,25.0,0.0,Unit_MinutInver,63,0,0,0,False
vw_meb_2024.dbc,2,0x670,Motor_18,MO_StartStopp_PopUp,9,2,True,False,1.0,0.0,,63,0,63,0,False
vw_meb_2024.dbc,2,0x670,Motor_18,MO_Zylabsch_Texte,50,2,True,False,1.0,0.0,,63,0,0,0,False
vw_meb_2024.dbc,2,0x670,Motor_18,MO_Zylabsch_Texte_02,16,4,True,False,1.0,0.0,,63,0,0,0,False
vw_meb_2024.dbc,2,0x670,Motor_18,MO_max_Ladedruck,0,6,True,False,0.1,0.0,Unit_Bar,63,0,0,0,False
vw_meb_2024.dbc,2,0x670,Motor_18,MO_obere_Drehzahlgrenze,56,8,True,False,50.0,0.0,Unit_MinutInver,63,0,63,63,False
vw_meb_2024.dbc,2,0x6ae,Spiegel_01,SP_ARA_Status,22,1,True,False,1.0,0.0,,31,0,0,0,False
vw_meb_2024.dbc,2,0x6ae,Spiegel_01,SP_Auswahl_li,20,1,True,False,1.0,0.0,,31,0,0,0,False
vw_meb_2024.dbc,2,0x6ae,Spiegel_01,SP_Auswahl_re,21,1,True,False,1.0,0.0,,31,0,0,0,False
vw_meb_2024.dbc,2,0x6ae,Spiegel_01,SP_BT_links,6,1,True,False,1.0,0.0,,31,0,0,0,False
vw_meb_2024.dbc,2,0x6ae,Spiegel_01,SP_BT_oben,4,1,True,False,1.0,0.0,,31,0,0,0,False
vw_meb_2024.dbc,2,0x6ae,Spiegel_01,SP_BT_rechts,7,1,True,False,1.0,0.0,,31,0,0,0,False
vw_meb_2024.dbc,2,0x6ae,Spiegel_01,SP_BT_unten,5,1,True,False,1.0,0.0,,31,0,0,0,False
vw_meb_2024.dbc,2,0x6ae,Spiegel_01,SP_FT_links,2,1,True,False,1.0,0.0,,31,0,0,0,False
vw_meb_2024.dbc,2,0x6ae,Spiegel_01,SP_FT_oben,0,1,True,False,1.0,0.0,,31,0,0,0,False
vw_meb_2024.dbc,2,0x6ae,Spiegel_01,SP_FT_rechts,3,1,True,False,1.0,0.0,,31,0,0,0,False
vw_meb_2024.dbc,2,0x6ae,Spiegel_01,SP_FT_unten,1,1,True,False,1.0,0.0,,31,0,0,0,False
vw_meb_2024.dbc,2,0x6ae,Spiegel_01,SP_Hzg_Taster,12,1,True,False,1.0,0.0,,31,0,0,0,False
vw_meb_2024.dbc,2,0x6ae,Spiegel_01,SP_S_Klappen,23,1,True,False,1.0,0.0,,31,0,0,0,False
vw_meb_2024.dbc,2,0x6ae,Spiegel_01,SP_S_links,18,1,True,False,1.0,0.0,,31,0,0,0,False
vw_meb_2024.dbc,2,0x6ae,Spiegel_01,SP_S_oben,16,1,True,False,1.0,0.0,,31,0,0,0,False
vw_meb_2024.dbc,2,0x6ae,Spiegel_01,SP_S_rechts,19,1,True,False,1.0,0.0,,31,0,0,0,False
vw_meb_2024.dbc,2,0x6ae,Spiegel_01,SP_S_unten,17,1,True,False,1.0,0.0,,31,0,0,0,False
vw_meb_2024.dbc,2,0x6ae,Spiegel_01,SP_Verstellschalter_Fehler,24,1,True,False,1.0,0.0,,31,0,31,0,False
vw_meb_2024.dbc,2,0x6ae,Spiegel_01,SP_abklappen,8,1,True,False,1.0,0.0,,31,0,0,0,False
vw_meb_2024.dbc,2,0x6ae,Spiegel_01,SP_anklappen,9,1,True,False,1.0,0.0,,31,0,0,0,False
vw_meb_2024.dbc,2,0x6ae,Spiegel_01,SP_normieren,10,1,True,False,1.0,0.0,,31,0,0,0,False
vw_meb_2024.dbc,2,0x6af,Rear_View_01,RV_Calib_Fehler,12,1,True,False,1.0,0.0,,11262,0,0,0,False
vw_meb_2024.dbc,2,0x6af,Rear_View_01,RV_Dark_Screen,1,1,True,False,1.0,0.0,,11262,0,0,0,False
vw_meb_2024.dbc,2,0x6af,Rear_View_01,RV_Farbe,32,7,True,False,1.0,0.0,Unit_PerCent,11262,0,0,0,False
vw_meb_2024.dbc,2,0x6af,Rear_View_01,RV_GL_LWS_Fehler,15,1,True,False,1.0,0.0,,11262,0,0,0,False
vw_meb_2024.dbc,2,0x6af,Rear_View_01,RV_GL_Trailer_connect,13,1,True,False,1.0,0.0,,11262,0,0,0,False
vw_meb_2024.dbc,2,0x6af,Rear_View_01,RV_GL_Trunk_open,14,1,True,False,1.0,0.0,,11262,0,0,0,False
vw_meb_2024.dbc,2,0x6af,Rear_View_01,RV_GL_side,4,2,True,False,1.0,0.0,,11262,0,0,0,False
vw_meb_2024.dbc,2,0x6af,Rear_View_01,RV_HMI_Mode,2,2,True,False,1.0,0.0,,11262,0,0,0,False
vw_meb_2024.dbc,2,0x6af,Rear_View_01,RV_Helligkeit,16,7,True,False,1.0,0.0,Unit_PerCent,11262,0,0,0,False
vw_meb_2024.dbc,2,0x6af,Rear_View_01,RV_Kontrast,24,7,True,False,1.0,0.0,Unit_PerCent,11262,0,0,0,False
vw_meb_2024.dbc,2,0x6af,Rear_View_01,RV_Menu_Item,9,2,True,False,1.0,0.0,,11262,0,0,0,False
vw_meb_2024.dbc,2,0x6af,Rear_View_01,RV_Reinigung_Anf,7,1,True,False,1.0,0.0,,11262,0,0,0,False
vw_meb_2024.dbc,2,0x6af,Rear_View_01,RV_Settings_enabled,8,1,True,False,1.0,0.0,,11262,0,0,0,False
vw_meb_2024.dbc,2,0x6af,Rear_View_01,RV_System_aktiv,6,1,True,False,1.0,0.0,,11262,0,0,0,False
vw_meb_2024.dbc,2,0x6af,Rear_View_01,RV_Video_on,0,1,True,False,1.0,0.0,,11262,0,0,0,False
vw_meb_2024.dbc,2,0x6af,Rear_View_01,SV_Video_on,11,1,True,False,1.0,0.0,,11262,0,0,0,False
vw_meb_2024.dbc,2,0x6af,Rear_View_01,ZFAS_Umfeldbeleuchtung_Anf,23,1,True,False,1.0,0.0,,11262,0,0,0,False
vw_meb_2024.dbc,2,0x6b2,Diagnose_01,DGN_Verlernzaehler,0,8,True,False,1.0,0.0,,32,0,0,0,False
vw_meb_2024.dbc,2,0x6b2,Diagnose_01,KBI_Kilometerstand,8,20,True,False,1.0,0.0,Unit_KiloMeter,32,0,0,0,False
vw_meb_2024.dbc,2,0x6b2,Diagnose_01,Kombi_02_alt,62,1,True,False,1.0,0.0,,32,0,0,0,False
vw_meb_2024.dbc,2,0x6b2,Diagnose_01,UH_Jahr,28,7,True,False,1.0,2000.0,Unit_Year,32,0,0,0,False
vw_meb_2024.dbc,2,0x6b2,Diagnose_01,UH_Minute,49,6,True,False,1.0,0.0,Unit_Minut,32,0,0,0,False
vw_meb_2024.dbc,2,0x6b2,Diagnose_01,UH_Monat,35,4,True,False,1.0,0.0,Unit_Month,32,0,0,0,False
vw_meb_2024.dbc,2,0x6b2,Diagnose_01,UH_Sekunde,55,6,True,False,1.0,0.0,Unit_Secon,32,0,0,0,False
vw_meb_2024.dbc,2,0x6b2,Diagnose_01,UH_Stunde,44,5,True,False,1.0,0.0,Unit_Hours,32,0,0,0,False
vw_meb_2024.dbc,2,0x6b2,Diagnose_01,UH_Tag,39,5,True,False,1.0,0.0,Unit_Day,32,0,0,0,False
vw_meb_2024.dbc,2,0x6b2,Diagnose_01,Uhrzeit_01_alt,63,1,True,False,1.0,0.0,,32,0,0,0,False
vw_meb_2024.dbc,2,0x6b4,VIN_01,KS_Geheimnis_1,8,8,True,False,1.0,0.0,,79,0,0,0,False
vw_meb_2024.dbc,2,0x6b4,VIN_01,KS_Geheimnis_2,16,8,True,False,1.0,0.0,,79,0,0,0,False
vw_meb_2024.dbc,2,0x6b4,VIN_01,KS_Geheimnis_3,24,8,True,False,1.0,0.0,,79,0,0,0,False
vw_meb_2024.dbc,2,0x6b4,VIN_01,KS_Geheimnis_4,32,8,True,False,1.0,0.0,,79,0,0,0,False
vw_meb_2024.dbc,2,0x6b4,VIN_01,VIN_01_MUX,0,2,True,False,1.0,0.0,,159,0,0,0,False
vw_meb_2024.dbc,2,0x6b4,VIN_01,VIN_1,40,8,True,False,1.0,0.0,,79,0,0,0,False
vw_meb_2024.dbc,2,0x6b4,VIN_01,VIN_10,56,8,True,False,1.0,0.0,,40,0,0,0,False
vw_meb_2024.dbc,2,0x6b4,VIN_01,VIN_11,8,8,True,False,1.0,0.0,,40,0,0,0,False
vw_meb_2024.dbc,2,0x6b4,VIN_01,VIN_12,16,8,True,False,1.0,0.0,,40,0,0,0,False
vw_meb_2024.dbc,2,0x6b4,VIN_01,VIN_13,24,8,True,False,1.0,0.0,,40,0,0,0,False
vw_meb_2024.dbc,2,0x6b4,VIN_01,VIN_14,32,8,True,False,1.0,0.0,,40,0,0,0,False
vw_meb_2024.dbc,2,0x6b4,VIN_01,VIN_15,40,8,True,False,1.0,0.0,,40,0,0,0,False
vw_meb_2024.dbc,2,0x6b4,VIN_01,VIN_16,48,8,True,False,1.0,0.0,,40,0,0,0,False
vw_meb_2024.dbc,2,0x6b4,VIN_01,VIN_17,56,8,True,False,1.0,0.0,,40,0,0,0,False
vw_meb_2024.dbc,2,0x6b4,VIN_01,VIN_2,48,8,True,False,1.0,0.0,,79,0,0,0,False
vw_meb_2024.dbc,2,0x6b4,VIN_01,VIN_3,56,8,True,False,1.0,0.0,,79,0,0,0,False
vw_meb_2024.dbc,2,0x6b4,VIN_01,VIN_4,8,8,True,False,1.0,0.0,,40,0,0,0,False
vw_meb_2024.dbc,2,0x6b4,VIN_01,VIN_5,16,8,True,False,1.0,0.0,,40,0,0,0,False
vw_meb_2024.dbc,2,0x6b4,VIN_01,VIN_6,24,8,True,False,1.0,0.0,,40,0,0,0,False
vw_meb_2024.dbc,2,0x6b4,VIN_01,VIN_7,32,8,True,False,1.0,0.0,,40,0,0,0,False
vw_meb_2024.dbc,2,0x6b4,VIN_01,VIN_8,40,8,True,False,1.0,0.0,,40,0,0,0,False
vw_meb_2024.dbc,2,0x6b4,VIN_01,VIN_9,48,8,True,False,1.0,0.0,,40,0,0,0,False
vw_meb_2024.dbc,2,0x86,LWI_01,CHECKSUM,0,8,True,False,1.0,0.0,,6292,0,0,0,False
vw_meb_2024.dbc,2,0x86,LWI_01,COUNTER,8,4,True,False,1.0,0.0,,6292,0,0,0,False
vw_meb_2024.dbc,2,0x86,LWI_01,LWI_Lenkradw_Geschw,31,9,True,False,5.0,0.0,Unit_DegreOfArcPerSecon,6292,0,0,0,False
vw_meb_2024.dbc,2,0x86,LWI_01,LWI_Lenkradwinkel,16,13,True,False,0.0843,0.0,Unit_DegreOfArc,6292,0,0,0,False
vw_meb_2024.dbc,2,0x86,LWI_01,LWI_MFL_Abschaltung,14,1,True,False,1.0,0.0,,6292,0,0,0,False
vw_meb_2024.dbc,2,0x86,LWI_01,LWI_QBit_Lenkradwinkel,15,1,True,False,1.0,0.0,,6292,0,0,0,False
vw_meb_2024.dbc,2,0x86,LWI_01,LWI_QBit_Sub_Daten,13,1,True,False,1.0,0.0,,6292,0,0,0,False
vw_meb_2024.dbc,2,0x86,LWI_01,LWI_Sensorstatus,12,1,True,False,1.0,0.0,,6292,0,0,0,False
vw_meb_2024.dbc,2,0x86,LWI_01,LWI_Sub_Daten,40,16,True,False,1.0,0.0,,6292,0,0,0,False
vw_meb_2024.dbc,2,0x86,LWI_01,LWI_VZ_Lenkradw_Geschw,30,1,True,False,1.0,0.0,,6292,0,0,0,False
vw_meb_2024.dbc,2,0x86,LWI_01,LWI_VZ_Lenkradwinkel,29,1,True,False,1.0,0.0,,6292,0,0,0,False
vw_meb_2024.dbc,2,0x9f,LH_EPS_03,CHECKSUM,0,8,True,False,1.0,0.0,,3147,0,0,0,False
vw_meb_2024.dbc,2,0x9f,LH_EPS_03,COUNTER,8,4,True,False,1.0,0.0,,3147,0,0,0,False
vw_meb_2024.dbc,2,0x9f,LH_EPS_03,EPS_BLW_QBit,30,1,True,False,1.0,0.0,,3147,0,0,0,False
vw_meb_2024.dbc,2,0x9f,LH_EPS_03,EPS_Berechneter_LW,16,12,True,False,0.15,0.0,Unit_DegreOfArc,3147,0,0,0,False
vw_meb_2024.dbc,2,0x9f,LH_EPS_03,EPS_DSR_Status,12,4,True,False,1.0,0.0,,3147,0,0,0,False
vw_meb_2024.dbc,2,0x9f,LH_EPS_03,EPS_HCA_Status,32,4,True,False,1.0,0.0,,3147,0,0,0,False
vw_meb_2024.dbc,2,0x9f,LH_EPS_03,EPS_Lenkmoment,40,10,True,False,1.0,0.0,Unit_centiNewtoMeter,3147,0,0,1278,False
vw_meb_2024.dbc,2,0x9f,LH_EPS_03,EPS_Lenkmoment_QBit,54,1,True,False,1.0,0.0,,3147,0,0,0,False
vw_meb_2024.dbc,2,0x9f,LH_EPS_03,EPS_Lenkungstyp,60,4,True,False,1.0,0.0,,3147,0,0,0,False
vw_meb_2024.dbc,2,0x9f,LH_EPS_03,EPS_VZ_BLW,31,1,True,False,1.0,0.0,,3147,0,0,0,False
vw_meb_2024.dbc,2,0x9f,LH_EPS_03,EPS_VZ_Lenkmoment,55,1,True,False,1.0,0.0,,3147,0,0,0,False
vw_meb_2024.dbc,2,0xad,Getriebe_11,CHECKSUM,0,8,True,False,1.0,0.0,,3148,0,0,0,False
vw_meb_2024.dbc,2,0xad,Getriebe_11,COUNTER,8,4,True,False,1.0,0.0,,3148,0,0,0,False
vw_meb_2024.dbc,2,0xad,Getriebe_11,GE_Fahrstufe,42,4,True,False,1.0,0.0,,3148,0,0,0,False
vw_meb_2024.dbc,2,0xad,Getriebe_11,GE_Freig_MMom_Vorhalt,58,1,True,False,1.0,0.0,,3148,0,0,0,False
vw_meb_2024.dbc,2,0xad,Getriebe_11,GE_MMom_Soll_02,12,10,True,False,1.0,-509.0,,3148,0,0,0,False
vw_meb_2024.dbc,2,0xad,Getriebe_11,GE_MMom_Status,56,2,True,False,1.0,0.0,,3148,0,0,0,False
vw_meb_2024.dbc,2,0xad,Getriebe_11,GE_MMom_Status_02,50,3,True,False,1.0,0.0,,3148,0,0,0,False
vw_meb_2024.dbc,2,0xad,Getriebe_11,GE_MMom_Vorhalt_02,22,10,True,False,1.0,-509.0,,3148,0,0,0,False
vw_meb_2024.dbc,2,0xad,Getriebe_11,GE_Schaltablauf,47,2,True,False,1.0,0.0,,3148,0,0,0,False
vw_meb_2024.dbc,2,0xad,Getriebe_11,GE_Status_Kraftschluss,53,3,True,False,1.0,0.0,,3148,0,0,0,False
vw_meb_2024.dbc,2,0xad,Getriebe_11,GE_Uefkt,32,10,True,False,0.1,0.0,,3148,0,0,0,False
vw_meb_2024.dbc,2,0xad,Getriebe_11,GE_Uefkt_unplausibel,49,1,True,False,1.0,0.0,,3148,0,0,0,False
vw_meb_2024.dbc,2,0xad,Getriebe_11,GE_Verbot_Ausblendung,59,1,True,False,1.0,0.0,,3148,0,0,0,False
vw_meb_2024.dbc,2,0xad,Getriebe_11,GE_Zielgang,60,4,True,False,1.0,0.0,,3148,0,0,0,False
vw_meb_2024.dbc,2,0xad,Getriebe_11,GE_reserv_Fahrstufe,46,1,True,False,1.0,0.0,,3148,0,0,0,False
vw_meb_2024.dbc,2,0xb8,EM1_HYB_13,EM1_AR_aktiv,14,1,True,False,1.0,0.0,,63,0,63,0,False
vw_meb_2024.dbc,2,0xb8,EM1_HYB_13,EM1_Abregelung_Temperatur,36,1,True,False,1.0,0.0,,63,0,63,0,False
vw_meb_2024.dbc,2,0xb8,EM1_HYB_13,EM1_AnlernenElMotor_Anf,43,1,True,False,1.0,0.0,,63,0,0,0,False
vw_meb_2024.dbc,2,0xb8,EM1_HYB_13,EM1_Eta_Sys,15,9,True,False,0.2,0.0,Unit_PerCent,63,0,0,0,False
vw_meb_2024.dbc,2,0xb8,EM1_HYB_13,EM1_Fehler_ElAntriebFreilauf_Anf,35,1,True,False,1.0,0.0,,63,0,63,0,False
vw_meb_2024.dbc,2,0xb8,EM1_HYB_13,EM1_Freigabe_Info_WFS,12,1,True,False,1.0,0.0,,63,0,0,0,False
vw_meb_2024.dbc,2,0xb8,EM1_HYB_13,EM1_Freigabe_Verfallsinfo_WFS,55,1,True,False,1.0,0.0,,63,0,0,0,False
vw_meb_2024.dbc,2,0xb8,EM1_HYB_13,EM1_HV_betriebsbereit,58,1,True,False,1.0,0.0,,63,0,63,0,False
vw_meb_2024.dbc,2,0xb8,EM1_HYB_13,EM1_IstStrom,24,11,True,False,1.0,-1023.0,Unit_Amper,63,0,0,0,False
vw_meb_2024.dbc,2,0xb8,EM1_HYB_13,EM1_Moment_HVVerbraucher,44,10,True,False,1.0,-511.0,Unit_NewtoMeter,63,0,0,0,False
vw_meb_2024.dbc,2,0xb8,EM1_HYB_13,EM1_Parken_WFS_Status,56,2,True,False,1.0,0.0,,63,0,0,0,False
vw_meb_2024.dbc,2,0xb8,EM1_HYB_13,EM1_Sperr_Info_WFS,13,1,True,False,1.0,0.0,,63,0,0,0,False
vw_meb_2024.dbc,2,0xc0,EM1_01,Schubbetrieb,79,1,False,False,1.0,0.0,,3147,0,0,0,False
vw_meb_2024.dbc,2,0xdb,AWV_03,AEB_Active,65,1,True,False,1.0,0.0,,11262,0,0,0,False
vw_meb_2024.dbc,2,0xdb,AWV_03,Accel_SET_ME_1023,66,10,True,False,1.0,0.0,,11262,0,0,0,False
vw_meb_2024.dbc,2,0xdb,AWV_03,Active,64,1,True,False,1.0,0.0,,11262,0,0,0,False
vw_meb_2024.dbc,2,0xdb,AWV_03,CHECKSUM,0,8,True,False,1.0,0.0,,11262,0,0,0,False
vw_meb_2024.dbc,2,0xdb,AWV_03,COUNTER,8,4,True,False,1.0,0.0,,11262,0,0,0,False
vw_meb_2024.dbc,2,0xdb,AWV_03,FCW_Active,76,1,True,False,1.0,0.0,,11262,0,0,0,False
vw_meb_2024.dbc,2,0xdb,AWV_03,SET_ME_126,17,7,True,False,1.0,0.0,,11262,0,0,0,False
vw_meb_2024.dbc,2,0xdb,AWV_03,SET_ME_15,100,4,True,False,1.0,0.0,,11262,0,0,0,False
vw_meb_2024.dbc,2,0xdb,AWV_03,SET_ME_2,128,4,True,False,1.0,0.0,,11262,0,0,0,False
vw_meb_2024.dbc,2,0xdb,AWV_03,SET_ME_30,27,5,True,False,1.0,0.0,,11262,0,0,0,False
vw_meb_2024.dbc,2,0xdb,AWV_03,Speed_SET_ME_254,40,8,True,False,1.0,0.0,,11262,0,0,0,False
vw_meb_2024.dbc,2,0xdb,AWV_03,Timer_2_SET_ME_255,80,8,True,False,1.0,0.0,,11262,0,0,0,False
vw_meb_2024.dbc,2,0xdb,AWV_03,Timer_3_SET_ME_126,93,7,True,False,1.0,0.0,,11262,0,0,0,False
vw_meb_2024.dbc,2,0xdb,AWV_03,Timer_SET_ME_254,32,8,True,False,1.0,0.0,,11262,0,0,0,False
vw_meb_2024.dbc,2,0xdb,AWV_03,Unknown_1,12,1,True,False,1.0,0.0,,11262,0,0,0,False
vw_meb_2024.dbc,2,0xdb,AWV_03,Unknown_2,13,3,True,False,1.0,0.0,,11262,0,0,0,False
vw_meb_2024.dbc,2,0xdb,AWV_03,Unknown_3,25,2,True,False,1.0,0.0,,11262,0,0,0,False
vw_meb_2024.dbc,2,0xfc,ESC_51,AEB_Breaking_01,24,8,True,False,1.0,0.0,,3145,3145,0,0,False
vw_meb_2024.dbc,2,0xfc,ESC_51,AEB_Breaking_02,32,8,True,False,1.0,0.0,,3145,3145,0,0,False
vw_meb_2024.dbc,2,0xfc,ESC_51,Accelerator_Higher_Speed,40,1,False,False,1.0,0.0,,3145,3145,0,0,False
vw_meb_2024.dbc,2,0xfc,ESC_51,Brake_Pressure,42,9,True,False,0.195,0.0,Unit_Percent,3145,3145,0,0,False
vw_meb_2024.dbc,2,0xfc,ESC_51,CHECKSUM,0,8,True,False,1.0,0.0,,3145,3145,0,0,False
vw_meb_2024.dbc,2,0xfc,ESC_51,COUNTER,8,4,True,False,1.0,0.0,,3145,3145,0,0,False
vw_meb_2024.dbc,2,0xfc,ESC_51,ESC_v_Signal,328,13,True,False,0.052,-107.016,,3145,3145,0,3145,False
vw_meb_2024.dbc,2,0xfc,ESC_51,HL_Brake_Pressure,152,8,True,False,1.0,0.0,,3145,3145,0,0,False
vw_meb_2024.dbc,2,0xfc,ESC_51,HL_Radgeschw,64,16,True,False,0.0075,0.0,Unit_KilometerPerHour,3145,3145,0,0,False
vw_meb_2024.dbc,2,0xfc,ESC_51,HR_Brake_Pressure,160,8,True,False,1.0,0.0,,3145,3145,0,0,False
vw_meb_2024.dbc,2,0xfc,ESC_51,HR_Radgeschw,80,16,True,False,0.0075,0.0,Unit_KilometerPerHour,3145,3145,0,0,False
vw_meb_2024.dbc,2,0xfc,ESC_51,NEW_SIGNAL_1,52,8,True,False,1.0,0.0,,3145,3145,0,3111,False
vw_meb_2024.dbc,2,0xfc,ESC_51,NEW_SIGNAL_2,14,6,True,False,1.0,0.0,,3145,3145,0,2162,False
vw_meb_2024.dbc,2,0xfc,ESC_51,NEW_SIGNAL_3,128,4,True,False,1.0,0.0,,3145,3145,0,0,False
vw_meb_2024.dbc,2,0xfc,ESC_51,NEW_SIGNAL_4,342,13,True,False,1.0,0.0,,3145,3145,0,3145,False
vw_meb_2024.dbc,2,0xfc,ESC_51,Steering_Wheel_CCW,192,8,True,False,1.67,0.0,,3145,3145,0,0,False
vw_meb_2024.dbc,2,0xfc,ESC_51,Steering_Wheel_CW,184,8,True,False,1.67,0.0,,3145,3145,0,0,False
vw_meb_2024.dbc,2,0xfc,ESC_51,VL_Brake_Pressure,168,8,True,False,1.0,0.0,,3145,3145,0,0,False
vw_meb_2024.dbc,2,0xfc,ESC_51,VL_Radgeschw,96,16,True,False,0.0075,0.0,Unit_KilometerPerHour,3145,3145,0,0,False
vw_meb_2024.dbc,2,0xfc,ESC_51,VR_Brake_Pressure,176,8,True,False,1.0,0.0,,3145,3145,0,0,False
vw_meb_2024.dbc,2,0xfc,ESC_51,VR_Radgeschw,112,16,True,False,0.0075,0.0,Unit_KilometerPerHour,3145,3145,0,0,False
vw_meb_2024.dbc,2,0xfd,ESP_21,ABS_Bremsung,56,1,True,False,1.0,0.0,,1573,0,0,0,False
vw_meb_2024.dbc,2,0xfd,ESP_21,ASR_Anf,57,1,True,False,1.0,0.0,,1573,0,0,0,False
vw_meb_2024.dbc,2,0xfd,ESP_21,ASR_Schalteingriff,51,2,True,False,1.0,0.0,,1573,0,0,0,False
vw_meb_2024.dbc,2,0xfd,ESP_21,ASR_Tastung_passiv,48,1,True,False,1.0,0.0,,1573,0,0,0,False
vw_meb_2024.dbc,2,0xfd,ESP_21,BR_Eingriffsmoment,12,10,True,False,1.0,-509.0,,1573,0,0,0,False
vw_meb_2024.dbc,2,0xfd,ESP_21,CHECKSUM,0,8,True,False,1.0,0.0,,1573,0,0,0,False
vw_meb_2024.dbc,2,0xfd,ESP_21,COUNTER,8,4,True,False,1.0,0.0,,1573,0,0,0,False
vw_meb_2024.dbc,2,0xfd,ESP_21,EBV_Eingriff,59,1,True,False,1.0,0.0,,1573,0,0,0,False
vw_meb_2024.dbc,2,0xfd,ESP_21,EDS_Eingriff,60,1,True,False,1.0,0.0,,1573,0,0,0,False
vw_meb_2024.dbc,2,0xfd,ESP_21,ESC_Neutralschaltung,63,1,True,False,1.0,0.0,,1573,0,0,0,False
vw_meb_2024.dbc,2,0xfd,ESP_21,ESC_v_Signal_Qualifier_High_Low,24,3,True,False,1.0,0.0,,1573,0,0,0,False
vw_meb_2024.dbc,2,0xfd,ESP_21,ESP_ASP,62,1,True,False,1.0,0.0,,1573,0,0,0,False
vw_meb_2024.dbc,2,0xfd,ESP_21,ESP_Diagnose,23,1,True,False,1.0,0.0,,1573,0,0,0,False
vw_meb_2024.dbc,2,0xfd,ESP_21,ESP_Eingriff,61,1,True,False,1.0,0.0,,1573,0,0,0,False
vw_meb_2024.dbc,2,0xfd,ESP_21,ESP_QBit_v_Signal,55,1,True,False,1.0,0.0,,1573,0,0,0,False
vw_meb_2024.dbc,2,0xfd,ESP_21,ESP_Systemstatus,50,1,True,False,1.0,0.0,,1573,0,0,0,False
vw_meb_2024.dbc,2,0xfd,ESP_21,ESP_Tastung_passiv,49,1,True,False,1.0,0.0,,1573,0,0,0,False
vw_meb_2024.dbc,2,0xfd,ESP_21,ESP_Vorsteuerung,28,1,True,False,1.0,0.0,,1573,0,0,0,False
vw_meb_2024.dbc,2,0xfd,ESP_21,ESP_v_Signal,32,16,True,False,0.01,0.0,Unit_KiloMeterPerHour,1573,0,0,0,False
vw_meb_2024.dbc,2,0xfd,ESP_21,MSR_Anf,58,1,True,False,1.0,0.0,,1573,0,0,0,False
vw_meb_2024.dbc,2,0xfd,ESP_21,OBD_QBit_Schlechtweg,31,1,True,False,1.0,0.0,,1573,0,1573,0,False
vw_meb_2024.dbc,2,0xfd,ESP_21,OBD_Schlechtweg,30,1,True,False,1.0,0.0,,1573,0,0,0,False
